NAME,PRICE,CUISINES,CITY,REGION,URL,PAGE NO,RESTAURANT_TYPE,TIMING,RATING_TYPE,RATING,VOTES,AREA,PRICE_CATEGORY,RATING_CATEGORY,POPULARITY_CATEGORY,AFFORDABLE_FLAG,WEIGHTED_RATING,VALUE_SCORE,COMBINED_FEATURES
Chin Chin Chu,1800,"Asian,Chinese",Mumbai,Juhu,https://www.zomato.com/mumbai/chin-chin-chu-juhu/info,1,Casual Dining,12noon to 1am(Mon-Sun),Very Good,4.2,337.0,Juhu,Premium,Very Good,Moderately Popular,False,4.06,2.26,"chin chin chu asian,chinese casual dining premium very good moderately popular"
Tanatan,1500,Modern Indian,Mumbai,Juhu,https://www.zomato.com/mumbai/tanatan-juhu/info,1,Casual Dining,12noon to 130am(Mon-Sun),Excellent,4.7,1842.0,Juhu,Expensive,Excellent,Highly Popular,False,4.64,3.09,tanatan modern indian casual dining expensive excellent highly popular
Cafe Safar,600,"Chinese,North Indian,Biryani",Mumbai,Oshiwara-- Andheri West,https://www.zomato.com/mumbai/cafe-safar-oshiwara/info,1,Casual Dining,11am to 1am(Mon-Sun),Very Good,4.0,2797.0,Andheri,Moderate,Very Good,Highly Popular,True,3.99,6.65,"cafe safar chinese,north indian,biryani casual dining moderate very good highly popular"
145 Bandra,1300,"Mexican,American,Desserts,European,Modern Indian",Mumbai,Pali Hill-- Bandra West,https://www.zomato.com/mumbai/145-bandra-pali-hill-bandra-west/info,1,Bar,12noon to 130am(Mon-Sun),Very Good,4.2,1552.0,Bandra,Expensive,Very Good,Highly Popular,False,4.16,3.2,"145 bandra mexican,american,desserts,european,modern indian bar expensive very good highly popular"
Angrezi Patiyalaa,1200,"North Indian,Finger Food,American,Mexican,Chinese",Mumbai,Andheri Lokhandwala-- Andheri West,https://www.zomato.com/mumbai/angrezi-patiyalaa-andheri-lokhandwala/info,10,Casual Dining,12noon to 1230AM(Mon-Sun),Excellent,4.5,271.0,Andheri,Expensive,Excellent,Moderately Popular,False,4.24,3.53,"angrezi patiyalaa north indian,finger food,american,mexican,chinese casual dining expensive excellent moderately popular"
Door No.1,1500,"Asian,Italian,North Indian,Finger Food",Mumbai,Reclamation-- Bandra West,https://www.zomato.com/mumbai/door-no-1-reclamation-bandra-west/info,10,Casual Dining,11am to 1am(Mon-Sun),Very Good,4.4,870.0,Bandra,Expensive,Very Good,Highly Popular,False,4.31,2.87,"door no.1 asian,italian,north indian,finger food casual dining expensive very good highly popular"
Natural Ice Cream,150,"Desserts,Ice Cream",Mumbai,Vile Parle East,https://www.zomato.com/mumbai/natural-ice-cream-vile-parle-east/info,10,Dessert Parlor,11am to 1am(Mon-Sun),Very Good,4.3,621.0,Vile Parle,Budget,Very Good,Highly Popular,True,4.2,28.0,"natural ice cream desserts,ice cream dessert parlor budget very good highly popular"
Frisbees,600,"Fast Food,American,Burger",Mumbai,Andheri Lokhandwala-- Andheri West,https://www.zomato.com/mumbai/frisbees-andheri-lokhandwala/info,100,Quick Bites,12noon to 12midnight(Mon-Sun),Very Good,4.3,2266.0,Andheri,Moderate,Very Good,Highly Popular,True,4.27,7.12,"frisbees fast food,american,burger quick bites moderate very good highly popular"
The Burger Brasserie,650,"Cafe,Fast Food,Burger,Beverages",Mumbai,Andheri Lokhandwala-- Andheri West,https://www.zomato.com/mumbai/the-burger-brasserie-andheri-lokhandwala/info,101,Café,1030am to 12midnight(Mon-Sun),Very Good,4.4,927.0,Andheri,Moderate,Very Good,Highly Popular,True,4.32,6.65,"the burger brasserie cafe,fast food,burger,beverages café moderate very good highly popular"
Cat Café Studio,300,"Cafe,Beverages",Mumbai,Versova-- Andheri West,https://www.zomato.com/mumbai/cat-café-studio-1-versova/info,101,Café,10am to 11pm(Mon-Sun),Very Good,4.2,575.0,Andheri,Budget,Very Good,Highly Popular,True,4.11,13.7,"cat café studio cafe,beverages café budget very good highly popular"
Thotrin Cafe,650,"North Eastern,Chinese",Mumbai,Santacruz East,https://www.zomato.com/mumbai/thotrin-cafe-santacruz-east/info,101,Quick Bites,12noon to 11pm(Mon-Sun),Very Good,4.2,227.0,Santacruz,Moderate,Very Good,Moderately Popular,True,4.01,6.17,"thotrin cafe north eastern,chinese quick bites moderate very good moderately popular"
Sarvodaya Pure Veg,700,"Chinese,South Indian,North Indian,Street Food",Mumbai,Near Andheri East Station,https://www.zomato.com/mumbai/sarvodaya-pure-veg-near-andheri-east-station/info,102,Casual Dining,9am to 1130pm(Mon-Sun),Good,3.9,814.0,Andheri,Moderate,Good,Highly Popular,True,3.87,5.53,"sarvodaya pure veg chinese,south indian,north indian,street food casual dining moderate good highly popular"
Downtown China,750,"Chinese,Thai",Mumbai,Andheri Lokhandwala-- Andheri West,https://www.zomato.com/mumbai/downtown-china-andheri-lokhandwala/info,102,Casual Dining,12noon to 12midnight(Mon-Sun),Excellent,4.8,162.0,Andheri,Moderate,Excellent,Moderately Popular,True,4.32,5.76,"downtown china chinese,thai casual dining moderate excellent moderately popular"
Ray's Cafe & Pizzeria,1400,"Italian,Pizza,Fast Food,Beverages",Mumbai,Hill Road-- Bandra West,https://www.zomato.com/mumbai/rays-cafe-pizzeria-hill-road-bandra-west/info,102,Café,"12noon to 11pm(Mon-Thu),12noon to 1130pm(Fri-Sun)",Very Good,4.1,1960.0,Bandra,Expensive,Very Good,Highly Popular,False,4.07,2.91,"ray's cafe & pizzeria italian,pizza,fast food,beverages café expensive very good highly popular"
Wok Express,700,"Chinese,Asian,Thai,Beverages",Mumbai,Pali Hill-- Bandra West,https://www.zomato.com/mumbai/wok-express-pali-hill-bandra-west/info,102,Casual Dining,11am to 12midnight(Mon-Sun),Good,3.9,1442.0,Bandra,Moderate,Good,Highly Popular,True,3.88,5.54,"wok express chinese,asian,thai,beverages casual dining moderate good highly popular"
Dale's Eden Cake Shop,600,"Bakery,Desserts",Mumbai,Andheri Lokhandwala-- Andheri West,https://www.zomato.com/mumbai/dales-eden-cake-shop-andheri-lokhandwala/info,102,Bakery,9am to 12midnight(Mon-Sun),Very Good,4.1,706.0,Andheri,Moderate,Very Good,Highly Popular,True,4.03,6.72,"dale's eden cake shop bakery,desserts bakery moderate very good highly popular"
La Folie Lab,1400,"Cafe,Healthy Food,Desserts,Beverages",Mumbai,Hill Road-- Bandra West,https://www.zomato.com/mumbai/la-folie-lab-hill-road-bandra-west/info,102,Café,"830am to 11pm(Mon-Fri),830am to 12midnight...",Very Good,4.2,877.0,Bandra,Expensive,Very Good,Highly Popular,False,4.13,2.95,"la folie lab cafe,healthy food,desserts,beverages café expensive very good highly popular"
Rajyog,800,"North Indian,Chinese,Seafood",Mumbai,Bandra East,https://www.zomato.com/mumbai/rajyog-bandra-east/info,103,Casual Dining,1130am to 1230AM(Mon-Sun),Good,3.6,83.0,Bandra,Moderate,Good,Low Popularity,True,3.61,4.51,"rajyog north indian,chinese,seafood casual dining moderate good low popularity"
Star Of China,800,Chinese,Mumbai,7 Bungalows-- Andheri West,https://www.zomato.com/mumbai/star-of-china-7-bungalows/info,103,Casual Dining,"12midnight to 1am,12noon to 12midnight(Mon-Sun)",Good,3.6,155.0,Andheri,Moderate,Good,Moderately Popular,True,3.6,4.5,star of china chinese casual dining moderate good moderately popular
China Hut,400,Chinese,Mumbai,Andheri Lokhandwala-- Andheri West,https://www.zomato.com/mumbai/china-hut-andheri-lokhandwala/info,104,Quick Bites,"7pm to 4am(Mon-Fri),12noon to 4pm,5pm to 4am...",Good,3.5,165.0,Andheri,Budget,Good,Moderately Popular,True,3.54,8.85,china hut chinese quick bites budget good moderately popular
Pink Sugar,500,"Bakery,Desserts",Mumbai,Carter Road-- Bandra West,https://www.zomato.com/mumbai/pink-sugar-carter-road-bandra-west/info,105,Bakery,1030am to 1230AM(Mon-Sun),Good,3.9,259.0,Bandra,Budget,Good,Moderately Popular,True,3.81,7.62,"pink sugar bakery,desserts bakery budget good moderately popular"
Cafe Falak,500,"Chinese,Biryani,Rolls",Mumbai,Near Andheri East Station,https://www.zomato.com/mumbai/cafe-falak-near-andheri-east-station/info,105,Quick Bites,1130am to 1am(Mon-Sun),Good,3.5,40.0,Andheri,Budget,Good,Low Popularity,True,3.58,7.16,"cafe falak chinese,biryani,rolls quick bites budget good low popularity"
PEFE,850,"Cafe,Italian,Mexican,Continental,Beverages,Fast Food",Mumbai,Andheri Lokhandwala-- Andheri West,https://www.zomato.com/mumbai/pefe-andheri-lokhandwala/info,106,Café,12noon to 12midnight(Mon-Sun),Very Good,4.3,446.0,Andheri,Moderate,Very Good,Moderately Popular,True,4.16,4.89,"pefe cafe,italian,mexican,continental,beverages,fast food café moderate very good moderately popular"
Blue Tokai Coffee Roasters,550,Cafe,Mumbai,Pali Hill-- Bandra West,https://www.zomato.com/mumbai/blue-tokai-coffee-roasters-pali-hill-bandra-west/info,106,Café,"8am to 11pm(Mon,Tue,Fri,Sat,Sun),6pm to 11pm...",Very Good,4.1,366.0,Bandra,Moderate,Very Good,Moderately Popular,True,3.99,7.25,blue tokai coffee roasters cafe café moderate very good moderately popular
Vanilla Beans,500,"Bakery,Desserts",Mumbai,Bandra Talao-- Bandra West,https://www.zomato.com/mumbai/vanilla-beans-bandra-talao-bandra-west/info,107,Bakery,10am to 8pm(Mon-Sun),Very Good,4.3,945.0,Bandra,Budget,Very Good,Highly Popular,True,4.23,8.46,"vanilla beans bakery,desserts bakery budget very good highly popular"
New Cafe Gulshan,250,"North Indian,Mughlai",Mumbai,Juhu,https://www.zomato.com/mumbai/new-cafe-gulshan-juhu/info,108,Quick Bites,8am to 1230AM(Mon-Sun),Average,3.2,10.0,Juhu,Budget,Average,Low Popularity,False,3.58,14.32,"new cafe gulshan north indian,mughlai quick bites budget average low popularity"
Yahoo The Chinese Cuisine,400,Chinese,Mumbai,Santacruz East,https://www.zomato.com/mumbai/yahoo-the-chinese-cuisine-santacruz-east/info,108,Quick Bites,6pm to 1230AM(Mon-Sun),Average,3.2,11.0,Santacruz,Budget,Average,Low Popularity,False,3.57,8.92,yahoo the chinese cuisine chinese quick bites budget average low popularity
Daily Cafe,1500,"North Indian,Continental,Chinese",Mumbai,Juhu,https://www.zomato.com/mumbai/daily-cafe-juhu/info,109,Casual Dining,11am to 2am(Mon-Sun),Average,3.4,40.0,Juhu,Expensive,Average,Low Popularity,False,3.55,2.37,"daily cafe north indian,continental,chinese casual dining expensive average low popularity"
Kitchen in Kloud,600,"North Indian,Chinese,Continental,Healthy Food,Biryani,Italian,Burger,Rolls",Mumbai,Oshiwara-- Andheri West,https://www.zomato.com/mumbai/kitchen-in-kloud-oshiwara/info,109,none,12noon to 1am(Mon-Sun),Very Good,4.0,277.0,Andheri,Moderate,Very Good,Moderately Popular,True,3.89,6.48,"kitchen in kloud north indian,chinese,continental,healthy food,biryani,italian,burger,rolls none moderate very good moderately popular"
House of Lloyd,2500,"Goan,Seafood,BBQ",Mumbai,Juhu,https://www.zomato.com/mumbai/house-of-lloyd-juhu/info,11,Fine Dining,"7pm to 130am(Mon-Fri),12noon to 4pm,7pm to ...",Very Good,4.2,385.0,Juhu,Premium,Very Good,Moderately Popular,False,4.07,1.63,"house of lloyd goan,seafood,bbq fine dining premium very good moderately popular"
D:OH!,1200,"Fast Food,Italian,Beverages",Mumbai,Andheri Lokhandwala-- Andheri West,https://www.zomato.com/mumbai/d-oh-andheri-lokhandwala/info,11,Casual Dining,11am to 1am(Mon-Sun),Good,3.9,1554.0,Andheri,Expensive,Good,Highly Popular,False,3.88,3.23,"d:oh! fast food,italian,beverages casual dining expensive good highly popular"
Quench - All Day Pub,1600,"Continental,Chinese,Asian,Italian,Pizza",Mumbai,Juhu,https://www.zomato.com/mumbai/quench-all-day-pub-juhu/info,11,Pub,12noon to 1am(Mon-Sun),Very Good,4.0,1500.0,Juhu,Premium,Very Good,Highly Popular,False,3.97,2.48,"quench - all day pub continental,chinese,asian,italian,pizza pub premium very good highly popular"
JumboKing,250,"Fast Food,Burger",Mumbai,Versova-- Andheri West,https://www.zomato.com/mumbai/jumboking-2-versova/info,110,Quick Bites,10am to 1230AM(Mon-Sun),Good,3.5,34.0,Andheri,Budget,Good,Low Popularity,True,3.59,14.36,"jumboking fast food,burger quick bites budget good low popularity"
Krème de la Krème - The Gelateria,300,"Desserts,Ice Cream,Beverages",Mumbai,Vile Parle East,https://www.zomato.com/mumbai/krème-de-la-krème-the-gelateria-vile-parle-east/info,110,Dessert Parlor,1130am to 1am(Mon-Sun),Very Good,4.1,99.0,Vile Parle,Budget,Very Good,Low Popularity,True,3.84,12.8,"krème de la krème - the gelateria desserts,ice cream,beverages dessert parlor budget very good low popularity"
Aroma Family Restaurant & Bar,700,"North Indian,Mughlai,Chinese",Mumbai,Juhu,https://www.zomato.com/mumbai/aroma-family-restaurant-bar-juhu/info,110,Casual Dining,"1230pm to 430pm,730pm to 1230AM(Mon-Sun)",Good,3.7,148.0,Juhu,Moderate,Good,Moderately Popular,True,3.66,5.23,"aroma family restaurant & bar north indian,mughlai,chinese casual dining moderate good moderately popular"
The Tangy Tandoor,700,"North Indian,Mughlai,Rolls",Mumbai,Andheri Lokhandwala-- Andheri West,https://www.zomato.com/mumbai/the-tangy-tandoor-andheri-lokhandwala/info,110,Quick Bites,"7pm to 4am(Mon-Fri),12noon to 4pm,7pm to 4am...",Good,3.9,150.0,Andheri,Moderate,Good,Moderately Popular,True,3.78,5.4,"the tangy tandoor north indian,mughlai,rolls quick bites moderate good moderately popular"
WTF!,1500,"North Indian,Chinese,Continental",Mumbai,7 Bungalows-- Andheri West,https://www.zomato.com/mumbai/wtf-7-bungalows/info,111,Casual Dining,6pm to 1230AM(Mon-Sun),Good,3.7,847.0,Andheri,Expensive,Good,Highly Popular,False,3.69,2.46,"wtf! north indian,chinese,continental casual dining expensive good highly popular"
Joss,2500,"Japanese,Asian",Mumbai,Santacruz West,https://www.zomato.com/mumbai/joss-santacruz-west/info,111,Fine Dining,"1230pm to 330pm,730pm to 1130pm(Mon-Sun)",Very Good,4.1,1276.0,Santacruz,Premium,Very Good,Highly Popular,False,4.06,1.62,"joss japanese,asian fine dining premium very good highly popular"
Nomada,1300,American,Mumbai,Versova-- Andheri West,https://www.zomato.com/mumbai/nomada-versova/info,111,Casual Dining,"Closed(Mon),1pm to 12midnight(Tue-Sat),12noon to ...",Good,3.9,56.0,Andheri,Expensive,Good,Low Popularity,False,3.71,2.85,nomada american casual dining expensive good low popularity
Govinda's Restaurant,900,"North Indian,Chinese",Mumbai,Juhu,https://www.zomato.com/mumbai/govindas-restaurant-juhu/info,112,Casual Dining,"730am to 330pm,730pm to 1030pm(Mon-Sun)",Muito Bom,4.1,891.0,Juhu,Moderate,Very Good,Highly Popular,True,4.05,4.5,"govinda's restaurant north indian,chinese casual dining moderate very good highly popular"
Whacko Taco,400,Mexican,Mumbai,Versova-- Andheri West,https://www.zomato.com/mumbai/whacko-taco-versova/info,112,Quick Bites,12noon to 12midnight(Mon-Sun),Very Good,4.1,98.0,Andheri,Budget,Very Good,Low Popularity,True,3.84,9.6,whacko taco mexican quick bites budget very good low popularity
Natural Fresh Ice-Cream,350,"Desserts,Ice Cream",Mumbai,Near Andheri West Station,https://www.zomato.com/mumbai/natural-fresh-ice-cream-near-andheri-west-station/info,112,Dessert Parlor,11am to 12midnight(Mon-Sun),Good,3.7,34.0,Andheri,Budget,Good,Low Popularity,True,3.63,10.37,"natural fresh ice-cream desserts,ice cream dessert parlor budget good low popularity"
Lucky Sandwich And Pizza Corner,200,Fast Food,Mumbai,Vile Parle West,https://www.zomato.com/mumbai/lucky-sandwich-and-pizza-corner-vile-parle-west/info,114,Quick Bites,1130am to 1130pm(Mon-Sun),Very Good,4.1,353.0,Vile Parle,Budget,Very Good,Moderately Popular,True,3.98,19.9,lucky sandwich and pizza corner fast food quick bites budget very good moderately popular
Brownie Point,400,Desserts,Mumbai,Pali Hill-- Bandra West,https://www.zomato.com/mumbai/brownie-point-pali-hill-bandra-west/info,114,Bakery,11am to 11pm(Mon-Sun),Very Good,4.2,424.0,Bandra,Budget,Very Good,Moderately Popular,True,4.08,10.2,brownie point desserts bakery budget very good moderately popular
The Yoga House,1500,"Cafe,Healthy Food",Mumbai,Carter Road-- Bandra West,https://www.zomato.com/mumbai/the-yoga-house-carter-road-bandra-west/info,114,Café,"Closed(Mon),8am to 1030pm(Tue-Sun)",Very Good,4.1,1214.0,Bandra,Expensive,Very Good,Highly Popular,False,4.06,2.71,"the yoga house cafe,healthy food café expensive very good highly popular"
Bakers,250,"Bakery,Fast Food",Mumbai,Near Andheri East Station,https://www.zomato.com/mumbai/bakers-near-andheri-east-station/info,114,Bakery,"9am to 9pm(Mon-Sat),9am to 8pm(Sun)",Good,3.8,84.0,Andheri,Budget,Good,Low Popularity,True,3.69,14.76,"bakers bakery,fast food bakery budget good low popularity"
Sequel Bistro & Juice Bar,1500,"Cafe,Healthy Food",Mumbai,Pali Hill-- Bandra West,https://www.zomato.com/mumbai/sequel-bistro-juice-bar-pali-hill-bandra-west/info,114,Café,8am to 1030pm(Mon-Sun),Good,3.9,388.0,Bandra,Expensive,Good,Moderately Popular,False,3.84,2.56,"sequel bistro & juice bar cafe,healthy food café expensive good moderately popular"
Sagar Chinese,500,"Chinese,North Indian",Mumbai,Juhu,https://www.zomato.com/mumbai/sagar-chinese-juhu/info,115,Casual Dining,7pm to 4am(Mon-Sun),Good,3.6,149.0,Juhu,Budget,Good,Moderately Popular,True,3.6,7.2,"sagar chinese chinese,north indian casual dining budget good moderately popular"
Blue Sky,700,"North Indian,Chinese,Seafood",Mumbai,Oshiwara-- Andheri West,https://www.zomato.com/mumbai/blue-sky-1-oshiwara/info,116,Casual Dining,11am to 130am(Mon-Sun),Average,3.3,17.0,Andheri,Moderate,Average,Low Popularity,False,3.57,5.1,"blue sky north indian,chinese,seafood casual dining moderate average low popularity"
Hogg Quarter's,500,"Fast Food,Beverages",Mumbai,Oshiwara-- Andheri West,https://www.zomato.com/mumbai/hogg-quarters-oshiwara/info,116,none,6pm to 4am(Mon-Sun),Very Good,4.0,431.0,Andheri,Budget,Very Good,Moderately Popular,True,3.92,7.84,"hogg quarter's fast food,beverages none budget very good moderately popular"
Pachinco,400,"Coffee,Beverages",Mumbai,Andheri Lokhandwala-- Andheri West,https://www.zomato.com/mumbai/pachinco-andheri-lokhandwala/info,117,Café,11am to 1230AM(Mon-Sun),Good,3.5,10.0,Andheri,Budget,Good,Low Popularity,True,3.6,9.0,"pachinco coffee,beverages café budget good low popularity"
Between Breads,1000,"Cafe,American,Burger,Fast Food",Mumbai,Pali Hill-- Bandra West,https://www.zomato.com/mumbai/between-breads-pali-hill-bandra-west/info,118,Café,11am to 1130pm(Mon-Sun),Very Good,4.0,2663.0,Bandra,Moderate,Very Good,Highly Popular,True,3.98,3.98,"between breads cafe,american,burger,fast food café moderate very good highly popular"
Serotonin - The Kitchen,500,"Continental,Healthy Food",Mumbai,Andheri Lokhandwala-- Andheri West,https://www.zomato.com/mumbai/serotonin-the-kitchen-andheri-lokhandwala/info,119,none,11am to 10pm(Mon-Sun),Very Good,4.3,122.0,Andheri,Budget,Very Good,Moderately Popular,True,3.97,7.94,"serotonin - the kitchen continental,healthy food none budget very good moderately popular"
Aquafire Restaurant,1100,"North Indian,Continental,Chinese,Italian",Mumbai,Vile Parle East,https://www.zomato.com/mumbai/aquafire-restaurant-vile-parle-east/info,12,Casual Dining,"12noon to 3pm,7pm to 1230AM(Mon-Sun)",Excellent,4.6,1376.0,Vile Parle,Expensive,Excellent,Highly Popular,False,4.53,4.12,"aquafire restaurant north indian,continental,chinese,italian casual dining expensive excellent highly popular"
Nom Nom,1600,"Asian,Singaporean,Indonesian,Japanese,Chinese,Thai",Mumbai,Pali Hill-- Bandra West,https://www.zomato.com/mumbai/nom-nom-1-pali-hill-bandra-west/info,12,Casual Dining,"12noon to 3pm,7pm to 130am(Mon-Sun)",Very Good,4.0,355.0,Bandra,Premium,Very Good,Moderately Popular,False,3.91,2.44,"nom nom asian,singaporean,indonesian,japanese,chinese,thai casual dining premium very good moderately popular"
Bistro 1,1000,"European,Burger,Salad,Healthy Food,Continental",Mumbai,Andheri Lokhandwala-- Andheri West,https://www.zomato.com/bistro1/info,12,Casual Dining,"9am to 1230AM(Mon,Tue,Wed,Fri,Sat,Sun)...",Very Good,4.1,1381.0,Andheri,Moderate,Very Good,Highly Popular,True,4.06,4.06,"bistro 1 european,burger,salad,healthy food,continental casual dining moderate very good highly popular"
Turkey Central,1800,"Turkish,Arabian,Mughlai",Mumbai,Juhu,https://www.zomato.com/mumbai/turkey-central-juhu/info,12,Casual Dining,12noon to 130am(Mon-Sun),Very Good,4.3,324.0,Juhu,Premium,Very Good,Moderately Popular,False,4.13,2.29,"turkey central turkish,arabian,mughlai casual dining premium very good moderately popular"
Sigdi,650,"Mughlai,North Indian,Chinese",Mumbai,Linking Road-- Bandra West,https://www.zomato.com/mumbai/sigdi-linking-road-bandra-west/info,12,Casual Dining,11am to 6am(Mon-Sun),Good,3.7,616.0,Bandra,Moderate,Good,Highly Popular,True,3.69,5.68,"sigdi mughlai,north indian,chinese casual dining moderate good highly popular"
Shabari,700,"North Indian,Chinese,South Indian",Mumbai,Santacruz West,https://www.zomato.com/mumbai/shabari-santacruz-west/info,12,Casual Dining,11am to 1230AM(Mon-Sun),Good,3.8,563.0,Santacruz,Moderate,Good,Highly Popular,True,3.77,5.39,"shabari north indian,chinese,south indian casual dining moderate good highly popular"
Rodeo Pizza,500,Pizza,Mumbai,7 Bungalows-- Andheri West,https://www.zomato.com/mumbai/rodeo-pizza-7-bungalows/info,12,Quick Bites,12noon to 230am(Mon-Sun),Very Good,4.2,701.0,Andheri,Budget,Very Good,Highly Popular,True,4.12,8.24,rodeo pizza pizza quick bites budget very good highly popular
Genuine Broaster Chicken,800,"Continental,Asian,American",Mumbai,Versova-- Andheri West,https://www.zomato.com/mumbai/genuine-broaster-chicken-versova/info,120,Casual Dining,12noon to 12midnight(Mon-Sun),Very Good,4.2,1213.0,Andheri,Moderate,Very Good,Highly Popular,True,4.15,5.19,"genuine broaster chicken continental,asian,american casual dining moderate very good highly popular"
Sandwizzaa,300,"Sandwich,Fast Food",Mumbai,Andheri Lokhandwala-- Andheri West,https://www.zomato.com/mumbai/sandwizzaa-andheri-lokhandwala/info,120,Quick Bites,"11am to 930pm(Mon-Fri),11am to 11pm(Sat-Sun)",Very Good,4.0,358.0,Andheri,Budget,Very Good,Moderately Popular,True,3.91,13.03,"sandwizzaa sandwich,fast food quick bites budget very good moderately popular"
Grub Hub,1300,"North Indian,Fast Food,Rolls",Mumbai,Versova-- Andheri West,https://www.zomato.com/mumbai/grub-hub-versova/info,122,Quick Bites,11am to 1am(Mon-Sun),Average,3.4,18.0,Andheri,Expensive,Average,Low Popularity,False,3.58,2.75,"grub hub north indian,fast food,rolls quick bites expensive average low popularity"
Mauja,700,"North Indian,Chinese,Biryani",Mumbai,Versova-- Andheri West,https://www.zomato.com/mumbai/mauja-versova/info,122,none,1215pm to 4am(Mon-Sun),Average,3.4,311.0,Andheri,Moderate,Average,Moderately Popular,False,3.46,4.94,"mauja north indian,chinese,biryani none moderate average moderately popular"
Poushtikk Box,500,North Indian,Mumbai,Near Andheri East Station,https://www.zomato.com/mumbai/poushtikk-box-near-andheri-east-station/info,123,Quick Bites,8am to 9pm(Mon-Sun),Good,3.7,57.0,Andheri,Budget,Good,Low Popularity,True,3.64,7.28,poushtikk box north indian quick bites budget good low popularity
The Waffle Point,300,"Desserts,Bakery,Cafe,Beverages",Mumbai,Near Andheri East Station,https://www.zomato.com/mumbai/the-waffle-point-1-near-andheri-east-station/info,123,Dessert Parlor,1230pm to 1155pm(Mon-Sun),Very Good,4.4,481.0,Andheri,Budget,Very Good,Moderately Popular,True,4.25,14.17,"the waffle point desserts,bakery,cafe,beverages dessert parlor budget very good moderately popular"
Desi Videsi,300,"North Indian,South Indian,Fast Food",Mumbai,Santacruz East,https://www.zomato.com/mumbai/desi-videsi-santacruz-east/info,124,Quick Bites,"11am to 2am(Mon),11am to 12midnight(Tue-Sun)",Very Good,4.3,132.0,Santacruz,Budget,Very Good,Moderately Popular,True,3.99,13.3,"desi videsi north indian,south indian,fast food quick bites budget very good moderately popular"
Khane Khas,1000,"North Indian,Kebab,Biryani,Rolls",Mumbai,Pali Hill-- Bandra West,https://www.zomato.com/mumbai/khane-khas-pali-hill-bandra-west/info,124,Casual Dining,"12noon to 3pm(Mon),12noon to 3pm,7pm to ...",Very Good,4.3,695.0,Bandra,Moderate,Very Good,Highly Popular,True,4.21,4.21,"khane khas north indian,kebab,biryani,rolls casual dining moderate very good highly popular"
The Dressing Co.,500,"Salad,Healthy Food",Mumbai,Andheri Lokhandwala-- Andheri West,https://www.zomato.com/mumbai/the-dressing-co-andheri-lokhandwala/info,124,Quick Bites,10am to 11pm(Mon-Sun),Very Good,4.2,50.0,Andheri,Budget,Very Good,Low Popularity,True,3.8,7.6,"the dressing co. salad,healthy food quick bites budget very good low popularity"
STOVE - The Vegetarian Kitchen,600,"Mexican,Italian,Lebanese,Rajasthani,Gujarati",Mumbai,Santacruz East,https://www.zomato.com/mumbai/stove-the-vegetarian-kitchen-santacruz-east/info,125,none,"11am to 3pm,6pm to 11pm(Mon-Sun)",Very Good,4.4,383.0,Santacruz,Moderate,Very Good,Moderately Popular,True,4.22,7.03,"stove - the vegetarian kitchen mexican,italian,lebanese,rajasthani,gujarati none moderate very good moderately popular"
Fresh Food Co.,500,"Continental,Healthy Food,Salad,Beverages,Desserts,Sandwich,Juices",Mumbai,Santacruz East,https://www.zomato.com/mumbai/fresh-food-co-santacruz-east/info,125,none,9am to 11pm(Mon-Sun),Excellent,4.5,182.0,Santacruz,Budget,Excellent,Moderately Popular,True,4.17,8.34,"fresh food co. continental,healthy food,salad,beverages,desserts,sandwich,juices none budget excellent moderately popular"
Swad Maharashtracha,400,Maharashtrian,Mumbai,Andheri Lokhandwala-- Andheri West,https://www.zomato.com/mumbai/swad-maharashtracha-andheri-lokhandwala/info,125,Quick Bites,9am to 11pm(Mon-Sun),Good,3.5,133.0,Andheri,Budget,Good,Moderately Popular,True,3.55,8.88,swad maharashtracha maharashtrian quick bites budget good moderately popular
Bunk Junk,500,"Salad,Sandwich,Healthy Food",Mumbai,Oshiwara-- Andheri West,https://www.zomato.com/mumbai/bunk-junk-oshiwara/info,125,Quick Bites,11am to 11pm(Mon-Sun),Excellent,4.5,75.0,Andheri,Budget,Excellent,Low Popularity,True,3.97,7.94,"bunk junk salad,sandwich,healthy food quick bites budget excellent low popularity"
Maruti Pav Bhaji,150,Street Food,Mumbai,Vile Parle West,https://www.zomato.com/mumbai/maruti-pav-bhaji-vile-parle-west/info,125,Quick Bites,730pm to 12midnight(Mon-Sun),Very Good,4.0,399.0,Vile Parle,Budget,Very Good,Moderately Popular,True,3.92,26.13,maruti pav bhaji street food quick bites budget very good moderately popular
Theeram,550,"Biryani,South Indian,Kerala",Mumbai,Santacruz East,https://www.zomato.com/mumbai/theeram-santacruz-east/info,125,Casual Dining,7am to 11pm(Mon-Sun),Very Good,4.0,406.0,Santacruz,Moderate,Very Good,Moderately Popular,True,3.92,7.13,"theeram biryani,south indian,kerala casual dining moderate very good moderately popular"
Shreejee's,700,"South Indian,North Indian,Chinese,Fast Food",Mumbai,Oshiwara-- Andheri West,https://www.zomato.com/mumbai/shreejees-oshiwara/info,125,Casual Dining,9am to 12midnight(Mon-Sun),Good,3.9,896.0,Andheri,Moderate,Good,Highly Popular,True,3.87,5.53,"shreejee's south indian,north indian,chinese,fast food casual dining moderate good highly popular"
Healthy Treats,500,"Bakery,Desserts,Healthy Food",Mumbai,Pali Hill-- Bandra West,https://www.zomato.com/mumbai/healthy-treats-pali-hill-bandra-west/info,125,Bakery,10am to 8pm(Mon-Sun),Very Good,4.0,548.0,Bandra,Budget,Very Good,Highly Popular,True,3.94,7.88,"healthy treats bakery,desserts,healthy food bakery budget very good highly popular"
En'creo,800,"Continental,Mediterranean,Burger,American,Beverages,Cafe,Italian,Asian",Mumbai,Vile Parle East,https://www.zomato.com/mumbai/encreo-1-vile-parle-east/info,126,Quick Bites,"Closed(Mon),9am to 930pm(Tue-Sun)",Very Good,4.4,192.0,Vile Parle,Moderate,Very Good,Moderately Popular,True,4.11,5.14,"en'creo continental,mediterranean,burger,american,beverages,cafe,italian,asian quick bites moderate very good moderately popular"
The Class Thali,1000,"North Indian,Gujarati",Mumbai,Juhu,https://www.zomato.com/mumbai/the-class-thali-juhu/info,126,Casual Dining,"12noon to 330pm,7pm to 11pm(Mon-Sun)",Good,3.5,263.0,Juhu,Moderate,Good,Moderately Popular,True,3.53,3.53,"the class thali north indian,gujarati casual dining moderate good moderately popular"
Dynasty,1000,Chinese,Mumbai,Santacruz West,https://www.zomato.com/mumbai/dynasty-santacruz-west/info,126,Casual Dining,"12noon to 330pm,7pm to 12midnight(Mon-Sun)",Good,3.8,857.0,Santacruz,Moderate,Good,Highly Popular,True,3.78,3.78,dynasty chinese casual dining moderate good highly popular
The Village Shop,1100,"Cafe,Healthy Food,Salad,Beverages,Juices",Mumbai,Hill Road-- Bandra West,https://www.zomato.com/mumbai/the-village-shop-hill-road-bandra-west/info,127,Café,830am to 1130pm(Mon-Sun),Good,3.9,389.0,Bandra,Expensive,Good,Moderately Popular,False,3.84,3.49,"the village shop cafe,healthy food,salad,beverages,juices café expensive good moderately popular"
Farmville Cafe,800,"Coffee,Healthy Food,Salad,Juices,Cafe",Mumbai,Juhu,https://www.zomato.com/mumbai/farmville-cafe-1-juhu/info,127,Casual Dining,9am to 12midnight(Mon-Sun),Very Good,4.0,104.0,Juhu,Moderate,Very Good,Moderately Popular,True,3.8,4.75,"farmville cafe coffee,healthy food,salad,juices,cafe casual dining moderate very good moderately popular"
Tibbs Frankie,300,Rolls,Mumbai,Vile Parle West,https://www.zomato.com/mumbai/tibbs-frankie-1-vile-parle-west/info,127,Quick Bites,1030am to 1230AM(Mon-Sun),Average,3.0,10.0,Vile Parle,Budget,Average,Low Popularity,False,3.56,11.87,tibbs frankie rolls quick bites budget average low popularity
Cafe Jumbo,500,"Chinese,North Indian,Mughlai,Seafood",Mumbai,Santacruz West,https://www.zomato.com/mumbai/cafe-jumbo-santacruz-west/info,127,Casual Dining,12noon to 1230AM(Mon-Sun),Average,3.3,40.0,Santacruz,Budget,Average,Low Popularity,False,3.53,7.06,"cafe jumbo chinese,north indian,mughlai,seafood casual dining budget average low popularity"
Mumbai Creams,800,"South Indian,Continental,Desserts",Mumbai,Oshiwara-- Andheri West,https://www.zomato.com/mumbai/mumbai-creams-oshiwara/info,128,Casual Dining,"12midnight to 4am,4pm to 12midnight(Mon-Sun)",Average,2.7,122.0,Andheri,Moderate,Average,Moderately Popular,False,3.13,3.91,"mumbai creams south indian,continental,desserts casual dining moderate average moderately popular"
Henry's Kitchen,550,"Chinese,Seafood",Mumbai,Andheri Lokhandwala-- Andheri West,https://www.zomato.com/mumbai/henrys-kitchen-andheri-lokhandwala/info,128,none,12noon to 1230AM(Mon-Sun),Very Good,4.0,174.0,Andheri,Moderate,Very Good,Moderately Popular,True,3.85,7.0,"henry's kitchen chinese,seafood none moderate very good moderately popular"
Temptations,500,"Desserts,Ice Cream",Mumbai,Vile Parle West,https://www.zomato.com/mumbai/temptations-vile-parle-west/info,128,Dessert Parlor,11am to 1230AM(Mon-Sun),Good,3.9,352.0,Vile Parle,Budget,Good,Moderately Popular,True,3.83,7.66,"temptations desserts,ice cream dessert parlor budget good moderately popular"
Hokey Pokey,200,"Desserts,Ice Cream",Mumbai,Andheri Lokhandwala-- Andheri West,https://www.zomato.com/mumbai/hokey-pokey-andheri-lokhandwala/info,128,Dessert Parlor,"1130am to 1245AM(Mon,Tue,Wed,Thu,Fri,Sun)...",Good,3.8,93.0,Andheri,Budget,Good,Low Popularity,True,3.7,18.5,"hokey pokey desserts,ice cream dessert parlor budget good low popularity"
Happy Singh Da Dhaba,700,North Indian,Mumbai,Andheri Lokhandwala-- Andheri West,https://www.zomato.com/mumbai/happy-singh-da-dhaba-andheri-lokhandwala/info,129,Casual Dining,1215pm to 4am(Mon-Sun),Average,2.7,76.0,Andheri,Moderate,Average,Low Popularity,False,3.24,4.63,happy singh da dhaba north indian casual dining moderate average low popularity
Kule's  kitchen,400,"Chinese,North Indian",Mumbai,Santacruz West,https://www.zomato.com/mumbai/kules-kitchen-1-santacruz-west/info,129,Casual Dining,1259pm to 2am(Mon-Sun),Good,3.5,31.0,Santacruz,Budget,Good,Low Popularity,True,3.59,8.98,"kule's kitchen chinese,north indian casual dining budget good low popularity"
Snowbite Natural Ice cream,200,Ice Cream,Mumbai,Hill Road-- Bandra West,https://www.zomato.com/mumbai/snowbite-natural-ice-cream-hill-road-bandra-west/info,129,Dessert Parlor,11am to 1230AM(Mon-Sun),Good,3.6,43.0,Bandra,Budget,Good,Low Popularity,True,3.61,18.05,snowbite natural ice cream ice cream dessert parlor budget good low popularity
Hoddogs,300,"Burger,Fast Food",Mumbai,Oshiwara-- Andheri West,https://www.zomato.com/mumbai/hoddogs-oshiwara/info,129,none,12noon to 3am(Mon-Sun),Good,3.5,79.0,Andheri,Budget,Good,Low Popularity,True,3.56,11.87,"hoddogs burger,fast food none budget good low popularity"
Icekraft,300,"Desserts,Ice Cream,Fast Food,Italian",Mumbai,Oshiwara-- Andheri West,https://www.zomato.com/mumbai/icekraft-oshiwara/info,13,Dessert Parlor,10am to 1am(Mon-Sun),Very Good,4.1,1934.0,Andheri,Budget,Very Good,Highly Popular,True,4.07,13.57,"icekraft desserts,ice cream,fast food,italian dessert parlor budget very good highly popular"
Amar Juice Centre,700,"Street Food,South Indian,Beverages",Mumbai,Vile Parle West,https://www.zomato.com/mumbai/amar-juice-centre-vile-parle-west/info,13,Quick Bites,12noon to 2am(Mon-Sun),Very Good,4.0,1760.0,Vile Parle,Moderate,Very Good,Highly Popular,True,3.98,5.69,"amar juice centre street food,south indian,beverages quick bites moderate very good highly popular"
Bombay Coffee House,750,"Cafe,American,Desserts,Sandwich,European",Mumbai,Linking Road-- Bandra West,https://www.zomato.com/mumbai/bombay-coffee-house-linking-road-bandra-west/info,13,Café,9am to 1230AM(Mon-Sun),Good,3.9,2031.0,Bandra,Moderate,Good,Highly Popular,True,3.89,5.19,"bombay coffee house cafe,american,desserts,sandwich,european café moderate good highly popular"
Chocolateria San Churro,800,"Cafe,Desserts",Mumbai,Linking Road-- Bandra West,https://www.zomato.com/mumbai/chocolateria-san-churro-linking-road-bandra-west/info,13,Café,"11am to 2am(Mon),11am to 1am(Tue-Fri),10am to ...",Very Good,4.2,1983.0,Bandra,Moderate,Very Good,Highly Popular,True,4.17,5.21,"chocolateria san churro cafe,desserts café moderate very good highly popular"
New Shanghai,700,"Seafood,Chinese,Thai",Mumbai,Santacruz West,https://www.zomato.com/mumbai/new-shanghai-santacruz-west/info,130,Casual Dining,11am to 12midnight(Mon-Sun),Very Good,4.0,412.0,Santacruz,Moderate,Very Good,Moderately Popular,True,3.92,5.6,"new shanghai seafood,chinese,thai casual dining moderate very good moderately popular"
Mahlzeit - Berlin Street Food,750,German,Mumbai,Pali Hill-- Bandra West,https://www.zomato.com/mumbai/mahlzeit-berlin-street-food-pali-hill-bandra-west/info,130,Casual Dining,12noon to 1145pm(Mon-Sun),Very Good,4.1,583.0,Bandra,Moderate,Very Good,Highly Popular,True,4.02,5.36,mahlzeit - berlin street food german casual dining moderate very good highly popular
Delicacy Of China,650,"Chinese,Thai",Mumbai,Oshiwara-- Andheri West,https://www.zomato.com/mumbai/delicacy-of-china-oshiwara/info,130,Casual Dining,12noon to 12midnight(Mon-Sun),Good,3.8,549.0,Andheri,Moderate,Good,Highly Popular,True,3.77,5.8,"delicacy of china chinese,thai casual dining moderate good highly popular"
Swadesh,550,"North Indian,Chinese,South Indian,Fast Food,Beverages",Mumbai,7 Bungalows-- Andheri West,https://www.zomato.com/mumbai/swadesh-7-bungalows/info,131,Casual Dining,"8am to 1130pm(Mon),8am to 12midnight(Tue-Sun)",Good,3.9,460.0,Andheri,Moderate,Good,Moderately Popular,True,3.84,6.98,"swadesh north indian,chinese,south indian,fast food,beverages casual dining moderate good moderately popular"
PJ's,700,"Continental,Chinese,North Indian",Mumbai,Pali Hill-- Bandra West,https://www.zomato.com/mumbai/pjs-pali-hill-bandra-west/info,132,Casual Dining,"630pm to 1130pm(Mon),12noon to 3pm,630pm to ...",Very Good,4.0,1063.0,Bandra,Moderate,Very Good,Highly Popular,True,3.96,5.66,"pj's continental,chinese,north indian casual dining moderate very good highly popular"
Shree Gangour Sweets,500,"Street Food,Fast Food,North Indian,South Indian,Mithai",Mumbai,Juhu,https://www.zomato.com/mumbai/shree-gangour-sweets-juhu/info,132,Quick Bites,830am to 10pm(Mon-Sun),Good,3.8,314.0,Juhu,Budget,Good,Moderately Popular,True,3.75,7.5,"shree gangour sweets street food,fast food,north indian,south indian,mithai quick bites budget good moderately popular"
The Friends Bench All Day Cafe,700,"Cafe,Italian,American,Desserts,Pizza,Salad,Burger",Mumbai,Vile Parle East,https://www.zomato.com/mumbai/the-friends-bench-all-day-cafe-vile-parle-east/info,135,Café,11am to 11pm(Mon-Sun),Very Good,4.4,828.0,Vile Parle,Moderate,Very Good,Highly Popular,True,4.31,6.16,"the friends bench all day cafe cafe,italian,american,desserts,pizza,salad,burger café moderate very good highly popular"
Shree Laxmi,600,"North Indian,South Indian,Chinese,Fast Food",Mumbai,Hill Road-- Bandra West,https://www.zomato.com/mumbai/shree-laxmi-hill-road-bandra-west/info,135,Casual Dining,11am to 1230AM(Mon-Sun),Average,2.8,14.0,Bandra,Moderate,Average,Low Popularity,False,3.52,5.87,"shree laxmi north indian,south indian,chinese,fast food casual dining moderate average low popularity"
Yadgaar Cold Drink House,300,Desserts,Mumbai,Bandra Talao-- Bandra West,https://www.zomato.com/mumbai/yadgaar-cold-drink-house-bandra-talao-bandra-west/info,135,Dessert Parlor,1030am to 1am(Mon-Sun),Good,3.7,60.0,Bandra,Budget,Good,Low Popularity,True,3.64,12.13,yadgaar cold drink house desserts dessert parlor budget good low popularity
WTF!?!,600,"Fast Food,North Indian",Mumbai,Vile Parle West,https://www.zomato.com/mumbai/wtf-vile-parle-west/info,136,Quick Bites,1030am to 1230AM(Mon-Sun),Good,3.6,126.0,Vile Parle,Moderate,Good,Moderately Popular,True,3.61,6.02,"wtf!?! fast food,north indian quick bites moderate good moderately popular"
Sauces and Spices Restaurant & Bar,800,"Biryani,North Indian,Chinese",Mumbai,Vile Parle West,https://www.zomato.com/mumbai/sauces-and-spices-restaurant-bar-vile-parle-west/info,136,Casual Dining,1130am to 1230AM(Mon-Sun),Good,3.5,36.0,Vile Parle,Moderate,Good,Low Popularity,True,3.58,4.47,"sauces and spices restaurant & bar biryani,north indian,chinese casual dining moderate good low popularity"
Ayaz's The Kebab Place,500,"Mughlai,Rolls,Kebab",Mumbai,Juhu,https://www.zomato.com/mumbai/ayazs-the-kebab-place-juhu/info,136,Quick Bites,"530pm to 130am(Mon-Thu),6pm to 3am(Fri-Sun)",Good,3.8,194.0,Juhu,Budget,Good,Moderately Popular,True,3.73,7.46,"ayaz's the kebab place mughlai,rolls,kebab quick bites budget good moderately popular"
Tikka Masala By Kareems,700,"North Indian,Kebab,Fast Food",Mumbai,Pali Hill-- Bandra West,https://www.zomato.com/mumbai/tikka-masala-by-kareems-pali-hill-bandra-west/info,137,none,"12midnight to 3am,7am to 12midnight(Mon-Sun)",Good,3.6,58.0,Bandra,Moderate,Good,Low Popularity,True,3.61,5.16,"tikka masala by kareems north indian,kebab,fast food none moderate good low popularity"
The Tha'l Co Express,800,"Bohri,North Indian,Fast Food",Mumbai,Pali Hill-- Bandra West,https://www.zomato.com/mumbai/the-thal-co-express-pali-hill-bandra-west/info,137,Quick Bites,12noon to 130am(Mon-Sun),Average,3.4,31.0,Bandra,Moderate,Average,Low Popularity,False,3.56,4.45,"the tha'l co express bohri,north indian,fast food quick bites moderate average low popularity"
Dilli Deli,400,"North Indian,Momos",Mumbai,Versova-- Andheri West,https://www.zomato.com/mumbai/dilli-deli-versova/info,137,Quick Bites,"12noon to 4pm,7pm to 330am(Mon-Sun)",Average,3.4,477.0,Andheri,Budget,Average,Moderately Popular,False,3.44,8.6,"dilli deli north indian,momos quick bites budget average moderately popular"
Eden Goodness Café,800,"Healthy Food,Beverages,American,European,Continental",Mumbai,Oshiwara-- Andheri West,https://www.zomato.com/mumbai/eden-goodness-café-oshiwara/info,138,Café,8am to 12midnight(Mon-Sun),Very Good,4.4,121.0,Andheri,Moderate,Very Good,Moderately Popular,True,4.03,5.04,"eden goodness café healthy food,beverages,american,european,continental café moderate very good moderately popular"
The AK's Kitchen,800,"North Indian,Mexican,Italian,Fast Food",Mumbai,Vile Parle East,https://www.zomato.com/mumbai/the-aks-kitchen-vile-parle-east/info,138,Casual Dining,11am to 11pm(Mon-Sun),Very Good,4.2,100.0,Vile Parle,Moderate,Very Good,Moderately Popular,True,3.89,4.86,"the ak's kitchen north indian,mexican,italian,fast food casual dining moderate very good moderately popular"
Café Popo,1500,"North Indian,Chinese,Continental",Mumbai,Near Andheri West Station,https://www.zomato.com/mumbai/café-popo-near-andheri-west-station/info,139,Bar,8am to 130am(Mon-Sun),Good,3.7,125.0,Andheri,Expensive,Good,Moderately Popular,False,3.66,2.44,"café popo north indian,chinese,continental bar expensive good moderately popular"
Celejor,300,"Bakery,Desserts",Mumbai,Santacruz West,https://www.zomato.com/mumbai/celejor-santacruz-west/info,139,Bakery,10am to 11pm(Mon-Sun),Good,3.9,297.0,Santacruz,Budget,Good,Moderately Popular,True,3.82,12.73,"celejor bakery,desserts bakery budget good moderately popular"
J.J.Express,650,"North Indian,Biryani",Mumbai,Andheri Lokhandwala-- Andheri West,https://www.zomato.com/mumbai/j-j-express-andheri-lokhandwala/info,139,Casual Dining,7pm to 12midnight(Mon-Sun),Very Good,4.0,338.0,Andheri,Moderate,Very Good,Moderately Popular,True,3.91,6.02,"j.j.express north indian,biryani casual dining moderate very good moderately popular"
Khan Uncle,500,"North Indian,Mughlai,Chinese,Thai",Mumbai,Oshiwara-- Andheri West,https://www.zomato.com/mumbai/khan-uncle-oshiwara/info,14,none,1130am to 4am(Mon-Sun),Very Good,4.4,391.0,Andheri,Budget,Very Good,Moderately Popular,True,4.23,8.46,"khan uncle north indian,mughlai,chinese,thai none budget very good moderately popular"
Belo Pops,300,"Ice Cream,Desserts,Beverages",Mumbai,Andheri Lokhandwala-- Andheri West,https://www.zomato.com/mumbai/belo-pops-andheri-lokhandwala/info,14,none,"7pm to 3am(Mon),1pm to 3am(Tue-Sun)",Excellent,4.5,752.0,Andheri,Budget,Excellent,Highly Popular,True,4.39,14.63,"belo pops ice cream,desserts,beverages none budget excellent highly popular"
Green Village Cafe,1100,"Healthy Food,Continental,Cafe,Salad,Italian",Mumbai,Oshiwara-- Andheri West,https://www.zomato.com/mumbai/green-village-cafe-1-oshiwara/info,14,Café,9am to 3am(Mon-Sun),Very Good,4.3,707.0,Andheri,Expensive,Very Good,Highly Popular,False,4.21,3.83,"green village cafe healthy food,continental,cafe,salad,italian café expensive very good highly popular"
Frozen Bottle,200,"Beverages,Desserts,Ice Cream",Mumbai,Andheri Lokhandwala-- Andheri West,https://www.zomato.com/mumbai/frozen-bottle-andheri-lokhandwala/info,14,Beverage Shop,11am to 130am(Mon-Sun),Very Good,4.2,326.0,Andheri,Budget,Very Good,Moderately Popular,True,4.05,20.25,"frozen bottle beverages,desserts,ice cream beverage shop budget very good moderately popular"
Yalla Yalla,600,"Middle Eastern,Lebanese,Greek,Mediterranean,Fast Food",Mumbai,Andheri Lokhandwala-- Andheri West,https://www.zomato.com/mumbai/yalla-yalla-andheri-lokhandwala/info,14,Quick Bites,"12noon to 330am(Mon-Wed),12noon to 4am(Thu-Sun)",Skvělá volba,3.9,912.0,Andheri,Moderate,Good,Highly Popular,True,3.87,6.45,"yalla yalla middle eastern,lebanese,greek,mediterranean,fast food quick bites moderate good highly popular"
The Bagel Shop,900,"Cafe,American,Beverages",Mumbai,Carter Road-- Bandra West,https://www.zomato.com/mumbai/the-bagel-shop-carter-road-bandra-west/info,140,Café,9am to 1130pm(Mon-Sun),Good,3.9,1736.0,Bandra,Moderate,Good,Highly Popular,True,3.88,4.31,"the bagel shop cafe,american,beverages café moderate good highly popular"
Biryani Sultanat,400,Biryani,Mumbai,Andheri Lokhandwala-- Andheri West,https://www.zomato.com/mumbai/biryani-sultanat-andheri-lokhandwala/info,141,Quick Bites,"12noon to 3pm,730pm to 1130pm(Mon,Tue,Wed...",Very Good,4.4,42.0,Andheri,Budget,Very Good,Low Popularity,True,3.83,9.57,biryani sultanat biryani quick bites budget very good low popularity
Pair A Dice Cafe,700,"Healthy Food,Continental,American,Coffee,Italian",Mumbai,Oshiwara-- Andheri West,https://www.zomato.com/mumbai/pair-a-dice-cafe-oshiwara/info,141,Quick Bites,"2pm to 1130pm(Mon),12noon to 1130pm(Tue-Sun)",Very Good,4.0,1032.0,Andheri,Moderate,Very Good,Highly Popular,True,3.96,5.66,"pair a dice cafe healthy food,continental,american,coffee,italian quick bites moderate very good highly popular"
The PepperMill,1600,"Bar Food,Fast Food,European,Chinese,North Indian",Mumbai,Hill Road-- Bandra West,https://www.zomato.com/mumbai/the-peppermill-hill-road-bandra-west/info,141,Casual Dining,11am to 12midnight(Mon-Sun),Very Good,4.2,245.0,Bandra,Premium,Very Good,Moderately Popular,False,4.02,2.51,"the peppermill bar food,fast food,european,chinese,north indian casual dining premium very good moderately popular"
Cookstory,700,"North Indian,Chinese,Mughlai",Mumbai,Andheri Lokhandwala-- Andheri West,https://www.zomato.com/mumbai/cookstory-andheri-lokhandwala/info,141,none,"8am to 11am,12noon to 3pm,730pm to 12midnight...",Excellent,4.6,166.0,Andheri,Moderate,Excellent,Moderately Popular,True,4.21,6.01,"cookstory north indian,chinese,mughlai none moderate excellent moderately popular"
Curry And Combos Twist,200,"North Indian,Chinese",Mumbai,Versova-- Andheri West,https://www.zomato.com/mumbai/curry-and-combos-twist-versova/info,141,Quick Bites,930am to 1130pm(Mon-Sun),Excellent,4.5,39.0,Andheri,Budget,Excellent,Low Popularity,True,3.85,19.25,"curry and combos twist north indian,chinese quick bites budget excellent low popularity"
Moussestruck,200,Desserts,Mumbai,Near Andheri West Station,https://www.zomato.com/mumbai/moussestruck-near-andheri-west-station/info,144,none,10am to 1145pm(Mon-Sun),Excellent,4.5,364.0,Andheri,Budget,Excellent,Moderately Popular,True,4.29,21.45,moussestruck desserts none budget excellent moderately popular
I Café Co.,500,"Coffee,Bakery,Fast Food",Mumbai,Reclamation-- Bandra West,https://www.zomato.com/mumbai/i-café-co-reclamation-bandra-west/info,144,Café,7am to 11pm(Mon-Sun),Very Good,4.0,80.0,Bandra,Budget,Very Good,Low Popularity,True,3.78,7.56,"i café co. coffee,bakery,fast food café budget very good low popularity"
Anniyam,350,"South Indian,Desserts",Mumbai,Andheri Lokhandwala-- Andheri West,https://www.zomato.com/mumbai/anniyam-andheri-lokhandwala/info,145,Quick Bites,10am to 12midnight(Mon-Sun),Very Good,4.2,95.0,Andheri,Budget,Very Good,Low Popularity,True,3.89,11.11,"anniyam south indian,desserts quick bites budget very good low popularity"
Tao 9,600,"Chinese,Thai,Burmese",Mumbai,Oshiwara-- Andheri West,https://www.zomato.com/mumbai/tao-9-oshiwara/info,145,Quick Bites,"1130am to 1130pm(Mon-Thu),1130am to 12midnight...",Very Good,4.3,229.0,Andheri,Moderate,Very Good,Moderately Popular,True,4.08,6.8,"tao 9 chinese,thai,burmese quick bites moderate very good moderately popular"
Global Buffet - Svenska Design Hotel,1500,"Continental,Italian,North Indian,South Indian,Chinese,Mediterranean",Mumbai,Svenska Design Hotel-- Andheri West,https://www.zomato.com/globalbuffet/info,145,Fine Dining,"7am to 1130pm(Mon-Thu),7am to 1145pm(Fri-Sun)",Very Good,4.2,1050.0,Andheri,Expensive,Very Good,Highly Popular,False,4.14,2.76,"global buffet - svenska design hotel continental,italian,north indian,south indian,chinese,mediterranean fine dining expensive very good highly popular"
WTC Pasta,300,Fast Food,Mumbai,Andheri Lokhandwala-- Andheri West,https://www.zomato.com/mumbai/wtc-pasta-1-andheri-lokhandwala/info,146,Quick Bites,12noon to 3am(Mon-Sun),Average,2.9,25.0,Andheri,Budget,Average,Low Popularity,False,3.48,11.6,wtc pasta fast food quick bites budget average low popularity
The Great Punjab,1500,"Seafood,Beverages,Desserts,North Indian,Mughlai,Indian",Mumbai,Linking Road-- Bandra West,https://www.zomato.com/mumbai/the-great-punjab-linking-road-bandra-west/info,146,Casual Dining,"11am to 430pm,630pm to 1230AM(Mon-Sun)",Good,3.5,274.0,Bandra,Expensive,Good,Moderately Popular,False,3.53,2.35,"the great punjab seafood,beverages,desserts,north indian,mughlai,indian casual dining expensive good moderately popular"
Curry Me Up,600,"North Indian,Biryani,Kebab,Afghan",Mumbai,7 Bungalows-- Andheri West,https://www.zomato.com/mumbai/curry-me-up-7-bungalows/info,146,none,"12noon to 330pm,7pm to 12midnight(Mon,Tue...",Good,3.9,1345.0,Andheri,Moderate,Good,Highly Popular,True,3.88,6.47,"curry me up north indian,biryani,kebab,afghan none moderate good highly popular"
Knight Owl,750,"North Indian,Mughlai,Chinese",Mumbai,Santacruz West,https://www.zomato.com/mumbai/knight-owl-santacruz-west/info,147,Casual Dining,1230pm to 3am(Mon-Sun),Good,3.6,66.0,Santacruz,Moderate,Good,Low Popularity,True,3.61,4.81,"knight owl north indian,mughlai,chinese casual dining moderate good low popularity"
Ice Cream Co.,300,"Ice Cream,Desserts",Mumbai,Reclamation-- Bandra West,https://www.zomato.com/mumbai/ice-cream-co-reclamation-bandra-west/info,147,Dessert Parlor,6pm to 3am(Mon-Sun),Average,2.8,9.0,Bandra,Budget,Average,Low Popularity,False,3.55,11.83,"ice cream co. ice cream,desserts dessert parlor budget average low popularity"
Luqmaa,400,"North Indian,Fast Food,Sandwich,Mughlai,Rolls,Chinese",Mumbai,Andheri Lokhandwala-- Andheri West,https://www.zomato.com/mumbai/luqmaa-andheri-lokhandwala/info,147,none,7pm to 8am(Mon-Sun),Average,3.4,19.0,Andheri,Budget,Average,Low Popularity,False,3.58,8.95,"luqmaa north indian,fast food,sandwich,mughlai,rolls,chinese none budget average low popularity"
Mughlai Foods,300,"Biryani,North Indian,Mughlai,Rolls",Mumbai,Oshiwara-- Andheri West,https://www.zomato.com/mumbai/mughlai-foods-oshiwara/info,147,none,11am to 2am(Mon-Sun),Good,3.5,19.0,Andheri,Budget,Good,Low Popularity,True,3.6,12.0,"mughlai foods biryani,north indian,mughlai,rolls none budget good low popularity"
Litti Express,700,"Biryani,North Indian",Mumbai,Oshiwara-- Andheri West,https://www.zomato.com/mumbai/litti-express-oshiwara/info,147,Quick Bites,11am to 4am(Mon-Sun),Good,3.5,72.0,Andheri,Moderate,Good,Low Popularity,True,3.57,5.1,"litti express biryani,north indian quick bites moderate good low popularity"
The Binge Kitchen,500,"North Indian,Chinese,Continental,Italian,Rolls,Burger",Mumbai,Vile Parle East,https://www.zomato.com/mumbai/the-binge-kitchen-vile-parle-east/info,148,none,7pm to 4am(Mon-Sun),Very Good,4.0,495.0,Vile Parle,Budget,Very Good,Moderately Popular,True,3.93,7.86,"the binge kitchen north indian,chinese,continental,italian,rolls,burger none budget very good moderately popular"
Moti Mahal Restaurant,550,"North Indian,Chinese",Mumbai,Near Andheri West Station,https://www.zomato.com/mumbai/moti-mahal-restaurant-near-andheri-west-station/info,148,Casual Dining,11am to 12midnight(Mon-Sun),Good,3.8,358.0,Andheri,Moderate,Good,Moderately Popular,True,3.76,6.84,"moti mahal restaurant north indian,chinese casual dining moderate good moderately popular"
Chai And Games,450,"Cafe,Fast Food,Beverages",Mumbai,Vile Parle West,https://www.zomato.com/mumbai/chai-and-games-vile-parle-west/info,148,Café,"Closed(Mon),11am to 10pm(Tue-Sun)",Good,3.8,61.0,Vile Parle,Budget,Good,Low Popularity,True,3.68,8.18,"chai and games cafe,fast food,beverages café budget good low popularity"
Lashkara By Punjab Sweet House,900,"North Indian,Street Food,Mithai,Desserts",Mumbai,Pali Hill-- Bandra West,https://www.zomato.com/mumbai/lashkara-by-punjab-sweet-house-pali-hill-bandra-west/info,148,Casual Dining,"11am to 330pm,7pm to 1130pm(Mon-Sun)",Good,3.9,531.0,Bandra,Moderate,Good,Highly Popular,True,3.85,4.28,"lashkara by punjab sweet house north indian,street food,mithai,desserts casual dining moderate good highly popular"
Craving Salad,500,"Salad,Healthy Food,Juices",Mumbai,Pali Hill-- Bandra West,https://www.zomato.com/mumbai/craving-salad-1-pali-hill-bandra-west/info,149,Quick Bites,"1130am to 1030pm(Mon-Thu),1130am to 11pm...",Very Good,4.1,445.0,Bandra,Budget,Very Good,Moderately Popular,True,4.0,8.0,"craving salad salad,healthy food,juices quick bites budget very good moderately popular"
Ten One,1500,"North Indian,South Indian,Continental,Italian,Mexican",Mumbai,Juhu,https://www.zomato.com/mumbai/ten-one-juhu/info,15,Casual Dining,8am to 1230AM(Mon-Sun),Good,3.9,683.0,Juhu,Expensive,Good,Highly Popular,False,3.86,2.57,"ten one north indian,south indian,continental,italian,mexican casual dining expensive good highly popular"
Kalinga,700,"South Indian,North Indian,Chinese,Fast Food",Mumbai,Andheri Lokhandwala-- Andheri West,https://www.zomato.com/mumbai/kalinga-andheri-lokhandwala/info,15,Casual Dining,9am to 1230AM(Mon-Sun),Good,3.9,740.0,Andheri,Moderate,Good,Highly Popular,True,3.86,5.51,"kalinga south indian,north indian,chinese,fast food casual dining moderate good highly popular"
The Harbour Bay - SeaFood Kitchen & Bar,2400,"Seafood,Beverages",Mumbai,Reclamation-- Bandra West,https://www.zomato.com/mumbai/the-harbour-bay-seafood-kitchen-bar-reclamation-bandra-west/info,15,Casual Dining,12noon to 1am(Mon-Sun),Excellent,4.5,100.0,Bandra,Premium,Excellent,Moderately Popular,False,4.04,1.68,"the harbour bay - seafood kitchen & bar seafood,beverages casual dining premium excellent moderately popular"
Ferry Wharf,1500,"Seafood,Mangalorean",Mumbai,Reclamation-- Bandra West,https://www.zomato.com/mumbai/ferry-wharf-reclamation-bandra-west/info,15,Casual Dining,"11am to 330pm,7pm to 1230AM(Mon-Sun)",Very Good,4.4,459.0,Bandra,Expensive,Very Good,Moderately Popular,False,4.25,2.83,"ferry wharf seafood,mangalorean casual dining expensive very good moderately popular"
The Craft Kitchen,650,"Biryani,North Indian,Chinese,Rolls",Mumbai,Andheri Lokhandwala-- Andheri West,https://www.zomato.com/mumbai/the-craft-kitchen-andheri-lokhandwala/info,15,none,"12noon to 4pm,7pm to 2am(Mon-Sun)",Very Good,4.4,486.0,Andheri,Moderate,Very Good,Moderately Popular,True,4.26,6.55,"the craft kitchen biryani,north indian,chinese,rolls none moderate very good moderately popular"
Malwani Aswad,450,"Malwani,Seafood,North Indian",Mumbai,Vile Parle East,https://www.zomato.com/mumbai/malwani-aswad-vile-parle-east/info,150,Quick Bites,"Closed(Mon),11am to 330pm,7pm to 1130pm(Tue-Sun)",Very Good,4.1,354.0,Vile Parle,Budget,Very Good,Moderately Popular,True,3.98,8.84,"malwani aswad malwani,seafood,north indian quick bites budget very good moderately popular"
The Latin Mess,700,"Mexican,Brazilian,Peruvian,South American",Mumbai,Pali Hill-- Bandra West,https://www.zomato.com/mumbai/the-latin-mess-pali-hill-bandra-west/info,150,none,"4pm to 12midnight(Mon,Wed,Thu,Fri,Sat,Sun)...",Good,3.6,15.0,Bandra,Moderate,Good,Low Popularity,True,3.61,5.16,"the latin mess mexican,brazilian,peruvian,south american none moderate good low popularity"
Jules - The European Kitchen,700,"American,European,Italian,Pizza",Mumbai,Versova-- Andheri West,https://www.zomato.com/mumbai/jules-the-european-kitchen-versova/info,151,none,"12noon to 3pm,7pm to 12midnight(Mon-Sun)",Very Good,4.0,336.0,Andheri,Moderate,Very Good,Moderately Popular,True,3.9,5.57,"jules - the european kitchen american,european,italian,pizza none moderate very good moderately popular"
Bite It,600,"Burger,Mediterranean,American,Lebanese,Italian,Pizza",Mumbai,Vile Parle East,https://www.zomato.com/mumbai/bite-it-vile-parle-east/info,152,Casual Dining,"10am to 1130pm(Mon,Tue,Thu,Fri,Sat),10am to ...",Very Good,4.0,257.0,Vile Parle,Moderate,Very Good,Moderately Popular,True,3.88,6.47,"bite it burger,mediterranean,american,lebanese,italian,pizza casual dining moderate very good moderately popular"
Charcoal Eats,500,"Pizza,Biryani,Fast Food,Beverages",Mumbai,Oshiwara-- Andheri West,https://www.zomato.com/mumbai/charcoal-eats-oshiwara/info,154,Quick Bites,12noon to 12midnight(Mon-Sun),Very Good,4.0,44.0,Andheri,Budget,Very Good,Low Popularity,True,3.72,7.44,"charcoal eats pizza,biryani,fast food,beverages quick bites budget very good low popularity"
Eats,500,"Seafood,Fast Food",Mumbai,Santacruz East,https://www.zomato.com/mumbai/eats-santacruz-east/info,154,Quick Bites,11am to 11pm(Mon-Sun),Good,3.9,78.0,Santacruz,Budget,Good,Low Popularity,True,3.73,7.46,"eats seafood,fast food quick bites budget good low popularity"
Naashta King,200,North Indian,Mumbai,Andheri Lokhandwala-- Andheri West,https://www.zomato.com/mumbai/naashta-king-andheri-lokhandwala/info,155,none,8am to 11am(Mon-Sun),Good,3.8,22.0,Andheri,Budget,Good,Low Popularity,True,3.64,18.2,naashta king north indian none budget good low popularity
TDT Cafe By Tasse de Thé,1100,"Cafe,Tea,Fast Food",Mumbai,Reclamation-- Bandra West,https://www.zomato.com/mumbai/tdt-cafe-by-tasse-de-thé-reclamation-bandra-west/info,155,Café,9am to 12midnight(Mon-Sun),Good,3.7,147.0,Bandra,Expensive,Good,Moderately Popular,False,3.66,3.33,"tdt cafe by tasse de thé cafe,tea,fast food café expensive good moderately popular"
Nootan,600,"South Indian,Chinese,North Indian",Mumbai,Near Andheri West Station,https://www.zomato.com/mumbai/nootan-near-andheri-west-station/info,157,Casual Dining,7am to 11pm(Mon-Sun),Good,3.8,287.0,Andheri,Moderate,Good,Moderately Popular,True,3.75,6.25,"nootan south indian,chinese,north indian casual dining moderate good moderately popular"
Aditi Fast Food,600,"North Indian,South Indian,Chinese,Fast Food,Street Food,Juices",Mumbai,Vile Parle East,https://www.zomato.com/mumbai/aditi-fast-food-vile-parle-east/info,157,Casual Dining,730am to 12midnight(Mon-Sun),Good,3.7,374.0,Vile Parle,Moderate,Good,Moderately Popular,True,3.68,6.13,"aditi fast food north indian,south indian,chinese,fast food,street food,juices casual dining moderate good moderately popular"
Za'atar,500,Lebanese,Mumbai,Carter Road-- Bandra West,https://www.zomato.com/mumbai/zaatar-carter-road-bandra-west/info,157,none,12noon to 11pm(Mon-Sun),Very Good,4.2,185.0,Bandra,Budget,Very Good,Moderately Popular,True,3.98,7.96,za'atar lebanese none budget very good moderately popular
Highway Gomantak,500,"Malwani,Seafood",Mumbai,Bandra East,https://www.zomato.com/mumbai/highway-gomantak-bandra-east/info,158,Casual Dining,"1130am to 3pm,7pm to 1030pm(Mon,Tue,Wed...",Good,3.8,993.0,Bandra,Budget,Good,Highly Popular,True,3.78,7.56,"highway gomantak malwani,seafood casual dining budget good highly popular"
Castello,600,"Italian,Beverages,Desserts,Healthy Food",Mumbai,Andheri Lokhandwala-- Andheri West,https://www.zomato.com/mumbai/castello-andheri-lokhandwala/info,158,Casual Dining,1030am to 11pm(Mon-Sun),Good,3.9,64.0,Andheri,Moderate,Good,Low Popularity,True,3.72,6.2,"castello italian,beverages,desserts,healthy food casual dining moderate good low popularity"
Ganesh Chaat,300,"Street Food,Fast Food",Mumbai,Vile Parle East,https://www.zomato.com/mumbai/ganesh-chaat-vile-parle-east/info,158,Quick Bites,12noon to 10pm(Mon-Sun),Very Good,4.1,237.0,Vile Parle,Budget,Very Good,Moderately Popular,True,3.95,13.17,"ganesh chaat street food,fast food quick bites budget very good moderately popular"
Fire Wings,700,"BBQ,American,Fast Food",Mumbai,Oshiwara-- Andheri West,https://www.zomato.com/mumbai/fire-wings-oshiwara/info,159,Quick Bites,1130am to 12midnight(Mon-Sun),Very Good,4.2,278.0,Andheri,Moderate,Very Good,Moderately Popular,True,4.03,5.76,"fire wings bbq,american,fast food quick bites moderate very good moderately popular"
Cafe Alfa,600,"North Indian,Chinese,Fast Food",Mumbai,Near Andheri West Station,https://www.zomato.com/mumbai/cafe-alfa-near-andheri-west-station/info,159,Casual Dining,"10am to 4pm,7pm to 12midnight(Mon-Sun)",Good,3.8,387.0,Andheri,Moderate,Good,Moderately Popular,True,3.76,6.27,"cafe alfa north indian,chinese,fast food casual dining moderate good moderately popular"
ICEKREAMSKEE,250,Desserts,Mumbai,Juhu,https://www.zomato.com/mumbai/icekreamskee-juhu/info,159,none,6am to 11pm(Mon-Sun),Very Good,4.1,45.0,Juhu,Budget,Very Good,Low Popularity,True,3.75,15.0,icekreamskee desserts none budget very good low popularity
Fit Food Company,700,"Continental,Seafood,Healthy Food,Beverages",Mumbai,Oshiwara-- Andheri West,https://www.zomato.com/mumbai/fit-food-company-1-oshiwara/info,159,Casual Dining,11am to 12midnight(Mon-Sun),Good,3.8,104.0,Andheri,Moderate,Good,Moderately Popular,True,3.7,5.29,"fit food company continental,seafood,healthy food,beverages casual dining moderate good moderately popular"
Woodside Inn,1800,"Continental,Italian,Burger,Salad,Healthy Food",Mumbai,Oshiwara-- Andheri West,https://www.zomato.com/mumbai/woodside-inn-oshiwara/info,16,Casual Dining,1130am to 1am(Mon-Sun),Very Good,4.1,1600.0,Andheri,Premium,Very Good,Highly Popular,False,4.07,2.26,"woodside inn continental,italian,burger,salad,healthy food casual dining premium very good highly popular"
Dimsum (Momo) Express,400,"Momos,Asian,Chinese,Tibetan",Mumbai,Hill Road-- Bandra West,https://www.zomato.com/mumbai/dimsum-momo-express-hill-road-bandra-west/info,16,Quick Bites,11am to 1230AM(Mon-Sun),Very Good,4.1,399.0,Bandra,Budget,Very Good,Moderately Popular,True,3.99,9.98,"dimsum (momo) express momos,asian,chinese,tibetan quick bites budget very good moderately popular"
Silver Beach Cafe,2000,"European,Italian,Seafood,Salad",Mumbai,Juhu,https://www.zomato.com/mumbai/silver-beach-cafe-juhu/info,16,Casual Dining,7am to 1am(Mon-Sun),Very Good,4.0,1810.0,Juhu,Premium,Very Good,Highly Popular,False,3.98,1.99,"silver beach cafe european,italian,seafood,salad casual dining premium very good highly popular"
The Poshpit,1100,"Cafe,Continental,Chinese,Mexican,Pizza,Salad,Beverages,Juices",Mumbai,Andheri Lokhandwala-- Andheri West,https://www.zomato.com/mumbai/the-poshpit-andheri-lokhandwala/info,16,Café,11am to 3am(Mon-Sun),Excellent,4.6,79.0,Andheri,Expensive,Excellent,Low Popularity,False,4.03,3.66,"the poshpit cafe,continental,chinese,mexican,pizza,salad,beverages,juices café expensive excellent low popularity"
The Daily Bar & Kitchen,2000,"Mediterranean,Italian,European",Mumbai,Linking Road-- Bandra West,https://www.zomato.com/mumbai/the-daily-bar-kitchen-linking-road-bandra-west/info,16,Bar,"12noon to 5pm(Mon),12noon to 130am(Tue-Sun)",Very Good,4.1,831.0,Bandra,Premium,Very Good,Highly Popular,False,4.04,2.02,"the daily bar & kitchen mediterranean,italian,european bar premium very good highly popular"
Kokanastha Thali,400,"Malwani,Seafood",Mumbai,Near Andheri West Station,https://www.zomato.com/mumbai/kokanastha-thali-near-andheri-west-station/info,161,none,1130am to 12midnight(Mon-Sun),Good,3.6,35.0,Andheri,Budget,Good,Low Popularity,True,3.61,9.02,"kokanastha thali malwani,seafood none budget good low popularity"
Malwani Kalwan,800,"Malwani,Seafood,Chinese,North Indian",Mumbai,7 Bungalows-- Andheri West,https://www.zomato.com/mumbai/malwani-kalwan-7-bungalows/info,163,Casual Dining,"12noon to 315pm,7pm to 12midnight(Mon-Sun)",Good,3.9,533.0,Andheri,Moderate,Good,Highly Popular,True,3.85,4.81,"malwani kalwan malwani,seafood,chinese,north indian casual dining moderate good highly popular"
mm Kanafeh,500,"Turkish,Desserts,Beverages",Mumbai,Hill Road-- Bandra West,https://www.zomato.com/mumbai/mm-kanafeh-hill-road-bandra-west/info,164,Casual Dining,"11am to 11pm(Mon-Sat),11am to 12midnight(Sun)",Average,3.3,68.0,Bandra,Budget,Average,Low Popularity,False,3.49,6.98,"mm kanafeh turkish,desserts,beverages casual dining budget average low popularity"
Kale & Kaffé,500,"Cafe,Healthy Food,Salad",Mumbai,Andheri Lokhandwala-- Andheri West,https://www.zomato.com/mumbai/kale-kaffé-andheri-lokhandwala/info,164,Café,8am to 11pm(Mon-Sun),Very Good,4.1,201.0,Andheri,Budget,Very Good,Moderately Popular,True,3.93,7.86,"kale & kaffé cafe,healthy food,salad café budget very good moderately popular"
O' Tenga,800,Assamese,Mumbai,Andheri Lokhandwala-- Andheri West,https://www.zomato.com/mumbai/o-tenga-andheri-lokhandwala/info,164,none,"Closed(Mon),12noon to 3pm,7pm to 10pm(Tue-Sun)",Very Good,4.3,246.0,Andheri,Moderate,Very Good,Moderately Popular,True,4.09,5.11,o' tenga assamese none moderate very good moderately popular
Gourmet Hong Kong,500,Chinese,Mumbai,Vile Parle East,https://www.zomato.com/mumbai/gourmet-hong-kong-vile-parle-east/info,164,Quick Bites,11am to 11pm(Mon-Sun),Very Good,4.0,21.0,Vile Parle,Budget,Very Good,Low Popularity,True,3.67,7.34,gourmet hong kong chinese quick bites budget very good low popularity
Grasshopper,1100,"Chinese,North Indian",Mumbai,Vile Parle West,https://www.zomato.com/mumbai/grasshopper-vile-parle-west/info,165,Casual Dining,"12noon to 330pm,7pm to 12midnight(Mon-Sun)",Good,3.9,367.0,Vile Parle,Expensive,Good,Moderately Popular,False,3.83,3.48,"grasshopper chinese,north indian casual dining expensive good moderately popular"
Jazz & Blues,500,"Cafe,Pizza,Italian",Mumbai,Andheri Lokhandwala-- Andheri West,https://www.zomato.com/mumbai/jazz-blues-andheri-lokhandwala/info,165,Café,11am to 12midnight(Mon-Sun),Excellent,4.6,86.0,Andheri,Budget,Excellent,Low Popularity,True,4.05,8.1,"jazz & blues cafe,pizza,italian café budget excellent low popularity"
Under My Coffee,500,"Cafe,Continental,Fast Food",Mumbai,Juhu,https://www.zomato.com/mumbai/under-my-coffee-juhu/info,166,Café,9am to 12midnight(Mon-Sun),Good,3.8,119.0,Juhu,Budget,Good,Moderately Popular,True,3.71,7.42,"under my coffee cafe,continental,fast food café budget good moderately popular"
Hotel Sai Prasad,500,"North Indian,Chinese,South Indian,Fast Food,Beverages",Mumbai,Bandra East,https://www.zomato.com/mumbai/hotel-sai-prasad-bandra-east/info,167,Casual Dining,8am to 1230AM(Mon-Sun),Average,2.6,121.0,Bandra,Budget,Average,Moderately Popular,False,3.08,6.16,"hotel sai prasad north indian,chinese,south indian,fast food,beverages casual dining budget average moderately popular"
Sheesha Sky Lounge,1500,"North Indian,Asian,Mughlai",Mumbai,Juhu,https://www.zomato.com/mumbai/sheesha-sky-lounge-juhu/info,167,Casual Dining,12noon to 130am(Mon-Sun),Average,3.4,24.0,Juhu,Expensive,Average,Low Popularity,False,3.57,2.38,"sheesha sky lounge north indian,asian,mughlai casual dining expensive average low popularity"
Mezbaan,1200,"Lebanese,North Indian,Mughlai,Rolls",Mumbai,Carter Road-- Bandra West,https://www.zomato.com/mumbai/mezbaan-carter-road-bandra-west/info,168,Casual Dining,11am to 1am(Mon-Sun),Good,3.6,419.0,Bandra,Expensive,Good,Moderately Popular,False,3.6,3.0,"mezbaan lebanese,north indian,mughlai,rolls casual dining expensive good moderately popular"
Bombay Bhukkads,500,"North Indian,Mughlai,Chinese,Fast Food,Pizza,Beverages",Mumbai,Andheri Lokhandwala-- Andheri West,https://www.zomato.com/mumbai/bombay-bhukkads-andheri-lokhandwala/info,168,Casual Dining,"Closed(Mon),10am to 4am(Tue-Sun)",Good,3.5,73.0,Andheri,Budget,Good,Low Popularity,True,3.57,7.14,"bombay bhukkads north indian,mughlai,chinese,fast food,pizza,beverages casual dining budget good low popularity"
Gokul Ice Creams,250,"Ice Cream,Desserts",Mumbai,Santacruz West,https://www.zomato.com/mumbai/gokul-ice-creams-santacruz-west/info,169,Dessert Parlor,12noon to 12midnight(Mon-Sun),Very Good,4.1,423.0,Santacruz,Budget,Very Good,Moderately Popular,True,4.0,16.0,"gokul ice creams ice cream,desserts dessert parlor budget very good moderately popular"
Sapphire,1000,"Continental,Mexican,Indian,Healthy Food",Mumbai,Hotel Emerald-- Juhu,https://www.zomato.com/mumbai/sapphire-juhu/info,169,Casual Dining,12noon to 1130pm(Mon-Sun),Very Good,4.2,262.0,Juhu,Moderate,Very Good,Moderately Popular,True,4.03,4.03,"sapphire continental,mexican,indian,healthy food casual dining moderate very good moderately popular"
Purepur Kolhapur,650,"Maharashtrian,Beverages,Malwani,Seafood",Mumbai,Vile Parle East,https://www.zomato.com/mumbai/purepur-kolhapur-vile-parle-east/info,169,Casual Dining,"1130am to 330pm,7pm to 1130pm(Mon-Sun)",Average,3.4,490.0,Vile Parle,Moderate,Average,Moderately Popular,False,3.44,5.29,"purepur kolhapur maharashtrian,beverages,malwani,seafood casual dining moderate average moderately popular"
Shiv Sagar,450,"Chinese,Fast Food",Mumbai,Juhu,https://www.zomato.com/mumbai/shiv-sagar-juhu/info,17,Casual Dining,9am to 1am(Mon-Sun),Good,3.7,964.0,Juhu,Budget,Good,Highly Popular,True,3.69,8.2,"shiv sagar chinese,fast food casual dining budget good highly popular"
Veg Sutra,400,"North Indian,Fast Food,Chinese",Mumbai,Andheri Lokhandwala-- Andheri West,https://www.zomato.com/mumbai/veg-sutra-andheri-lokhandwala/info,17,Quick Bites,11am to 4am(Mon-Sun),Very Good,4.2,73.0,Andheri,Budget,Very Good,Low Popularity,True,3.85,9.62,"veg sutra north indian,fast food,chinese quick bites budget very good low popularity"
Krishna Restaurant,500,"North Indian,Chinese,Mughlai",Mumbai,Bandra East,https://www.zomato.com/mumbai/krishna-restaurant-bandra-east/info,17,Casual Dining,"12noon to 345pm,7pm to 1215AM(Mon-Sun)",Very Good,4.1,725.0,Bandra,Budget,Very Good,Highly Popular,True,4.04,8.08,"krishna restaurant north indian,chinese,mughlai casual dining budget very good highly popular"
Kettle & Keg - Dining & Bar,1700,"Cafe,Continental,Seafood,Italian,Fast Food",Mumbai,7 Bungalows-- Andheri West,https://www.zomato.com/mumbai/kettle-keg-dining-bar-7-bungalows/info,17,Café,"10am to 1am(Mon,Tue,Wed,Fri,Sat,Sun),5pm to ...",Very Good,4.3,106.0,Andheri,Premium,Very Good,Moderately Popular,False,3.95,2.32,"kettle & keg - dining & bar cafe,continental,seafood,italian,fast food café premium very good moderately popular"
Edible Craft,600,"Cafe,Italian,Mexican,Desserts,Tea",Mumbai,Juhu,https://www.zomato.com/mumbai/edible-craft-juhu/info,170,Café,11am to 11pm(Mon-Sun),Very Good,4.3,300.0,Juhu,Moderate,Very Good,Moderately Popular,True,4.12,6.87,"edible craft cafe,italian,mexican,desserts,tea café moderate very good moderately popular"
Salaam Namaste,700,"North Indian,Chinese,Seafood",Mumbai,Near Andheri East Station,https://www.zomato.com/mumbai/salaam-namaste-near-andheri-east-station/info,171,Casual Dining,9am to 1130pm(Mon-Sun),Very Good,4.0,20.0,Andheri,Moderate,Very Good,Low Popularity,True,3.67,5.24,"salaam namaste north indian,chinese,seafood casual dining moderate very good low popularity"
Pallavi Veg Restaurant,500,"Chinese,Street Food,North Indian,South Indian",Mumbai,Near Andheri East Station,https://www.zomato.com/mumbai/pallavi-veg-restaurant-near-andheri-east-station/info,171,Casual Dining,7am to 1130pm(Mon-Sun),Good,3.9,254.0,Andheri,Budget,Good,Moderately Popular,True,3.81,7.62,"pallavi veg restaurant chinese,street food,north indian,south indian casual dining budget good moderately popular"
Cheezzila,600,"Fast Food,Pizza,Burger",Mumbai,Santacruz East,https://www.zomato.com/mumbai/cheezzila-santacruz-east/info,171,Casual Dining,11am to 11pm(Mon-Sun),Good,3.7,229.0,Santacruz,Moderate,Good,Moderately Popular,True,3.67,6.12,"cheezzila fast food,pizza,burger casual dining moderate good moderately popular"
Karachi Sweets,350,"Mithai,Street Food",Mumbai,Hill Road-- Bandra West,https://www.zomato.com/mumbai/karachi-sweets-hill-road-bandra-west/info,172,Sweet Shop,830am to 10pm(Mon-Sun),Very Good,4.1,322.0,Bandra,Budget,Very Good,Moderately Popular,True,3.98,11.37,"karachi sweets mithai,street food sweet shop budget very good moderately popular"
Crooky Cook,500,"Pizza,Fast Food",Mumbai,Santacruz West,https://www.zomato.com/mumbai/crooky-cook-santacruz-west/info,173,Quick Bites,"Closed(Mon),12noon to 12midnight(Tue-Sun)",Good,3.8,40.0,Santacruz,Budget,Good,Low Popularity,True,3.66,7.32,"crooky cook pizza,fast food quick bites budget good low popularity"
Classic,500,"North Indian,Chinese,South Indian,Fast Food,Beverages",Mumbai,Near Andheri East Station,https://www.zomato.com/mumbai/classic-near-andheri-east-station/info,173,Casual Dining,8am to 12midnight(Mon-Sun),Good,3.8,311.0,Andheri,Budget,Good,Moderately Popular,True,3.75,7.5,"classic north indian,chinese,south indian,fast food,beverages casual dining budget good moderately popular"
Harajuku,400,"Cafe,Desserts",Mumbai,Reclamation-- Bandra West,https://www.zomato.com/mumbai/harajuku-reclamation-bandra-west/info,173,Café,11am to 12midnight(Mon-Sun),Good,3.9,130.0,Bandra,Budget,Good,Moderately Popular,True,3.77,9.42,"harajuku cafe,desserts café budget good moderately popular"
Food Adventure,800,"Chinese,North Indian,Italian,Modern Indian",Mumbai,Bandra Talao-- Bandra West,https://www.zomato.com/mumbai/food-adventure-bandra-talao-bandra-west/info,173,Casual Dining,"11am to 4pm,7pm to 12midnight(Mon-Sun)",Good,3.5,43.0,Bandra,Moderate,Good,Low Popularity,True,3.58,4.47,"food adventure chinese,north indian,italian,modern indian casual dining moderate good low popularity"
Miro - Svenska Design Hotel,2000,"Continental,Italian,North Indian,South Indian,Chinese,Mediterranean",Mumbai,Svenska Design Hotel-- Andheri West,https://www.zomato.com/miro-svenska/info,174,Fine Dining,"7am to 1130pm(Mon-Thu),7am to 1145pm(Fri-Sun)",Good,3.7,200.0,Andheri,Premium,Good,Moderately Popular,False,3.67,1.84,"miro - svenska design hotel continental,italian,north indian,south indian,chinese,mediterranean fine dining premium good moderately popular"
Haaochi - Hotel Sun N Sand,3000,"Chinese,Thai",Mumbai,Hotel Sun n Sand-- Juhu,https://www.zomato.com/mumbai/haaochi-hotel-sun-n-sand-juhu/info,174,Fine Dining,"12noon to 3pm,7pm to 12midnight(Mon-Sun)",Very Good,4.0,343.0,Juhu,Premium,Very Good,Moderately Popular,False,3.91,1.3,"haaochi - hotel sun n sand chinese,thai fine dining premium very good moderately popular"
Wok Shok,1000,"Chinese,Momos,Asian",Mumbai,Andheri Lokhandwala-- Andheri West,https://www.zomato.com/mumbai/wok-shok-andheri-lokhandwala/info,175,Casual Dining,"12noon to 3pm,730pm to 1130pm(Mon,Tue,Wed...",Very Good,4.1,41.0,Andheri,Moderate,Very Good,Low Popularity,True,3.74,3.74,"wok shok chinese,momos,asian casual dining moderate very good low popularity"
Dimsum & More,800,"Chinese,Thai,Asian,Korean,Vietnamese,Japanese,Burmese",Mumbai,7 Bungalows-- Andheri West,https://www.zomato.com/mumbai/dimsum-more-7-bungalows/info,176,Casual Dining,12noon to 12midnight(Mon-Sun),Good,3.9,1125.0,Andheri,Moderate,Good,Highly Popular,True,3.87,4.84,"dimsum & more chinese,thai,asian,korean,vietnamese,japanese,burmese casual dining moderate good highly popular"
Leo's Boulangerie,400,"Bakery,Desserts,Fast Food",Mumbai,Andheri Lokhandwala-- Andheri West,https://www.zomato.com/mumbai/leos-boulangerie-andheri-lokhandwala/info,176,Bakery,730am to 12midnight(Mon-Sun),Very Good,4.1,525.0,Andheri,Budget,Very Good,Highly Popular,True,4.02,10.05,"leo's boulangerie bakery,desserts,fast food bakery budget very good highly popular"
The Paleo Bakes,600,"Bakery,Desserts,Healthy Food",Mumbai,Versova-- Andheri West,https://www.zomato.com/mumbai/the-paleo-bakes-1-versova/info,177,Bakery,9am to 9pm(Mon-Sun),Good,3.7,35.0,Andheri,Moderate,Good,Low Popularity,True,3.63,6.05,"the paleo bakes bakery,desserts,healthy food bakery moderate good low popularity"
Gokul Refreshment,550,"North Indian,South Indian,Fast Food,Street Food",Mumbai,Hill Road-- Bandra West,https://www.zomato.com/mumbai/gokul-refreshment-hill-road-bandra-west/info,178,Quick Bites,"1130am to 1115pm(Mon-Wed),1130am to 1130pm...",Very Good,4.0,320.0,Bandra,Moderate,Very Good,Moderately Popular,True,3.9,7.09,"gokul refreshment north indian,south indian,fast food,street food quick bites moderate very good moderately popular"
Happy Grillmore,500,Lebanese,Mumbai,Vile Parle East,https://www.zomato.com/mumbai/happy-grillmore-vile-parle-east/info,178,none,1230pm to 1040pm(Mon-Sun),Very Good,4.1,523.0,Vile Parle,Budget,Very Good,Highly Popular,True,4.02,8.04,happy grillmore lebanese none budget very good highly popular
The Good Food Co.,450,"Fast Food,Burger",Mumbai,Vile Parle East,https://www.zomato.com/mumbai/the-good-food-co-vile-parle-east/info,179,Quick Bites,11am to 11pm(Mon-Sun),Very Good,4.1,1130.0,Vile Parle,Budget,Very Good,Highly Popular,True,4.06,9.02,"the good food co. fast food,burger quick bites budget very good highly popular"
Cafe Pakeezah,400,"North Indian,Chinese",Mumbai,Santacruz West,https://www.zomato.com/mumbai/cafe-pakeezah-santacruz-west/info,179,Quick Bites,12noon to 1am(Mon-Sun),Average,3.1,113.0,Santacruz,Budget,Average,Moderately Popular,False,3.35,8.38,"cafe pakeezah north indian,chinese quick bites budget average moderately popular"
Shakey Wakey,400,"Beverages,Fast Food,Rolls",Mumbai,Oshiwara-- Andheri West,https://www.zomato.com/mumbai/shakey-wakey-oshiwara/info,18,Quick Bites,1pm to 1am(Mon-Sun),Very Good,4.2,89.0,Andheri,Budget,Very Good,Low Popularity,True,3.88,9.7,"shakey wakey beverages,fast food,rolls quick bites budget very good low popularity"
Almond Flowerr,1500,"North Indian,Mughlai,Seafood,Chinese",Mumbai,Andheri Lokhandwala-- Andheri West,https://www.zomato.com/almondflowerr/info,18,Casual Dining,1130am to 1am(Mon-Sun),Very Good,4.3,511.0,Andheri,Expensive,Very Good,Highly Popular,False,4.18,2.79,"almond flowerr north indian,mughlai,seafood,chinese casual dining expensive very good highly popular"
Shakes 'N' Snacks,300,Beverages,Mumbai,Santacruz East,https://www.zomato.com/mumbai/shakes-n-snacks-santacruz-east/info,180,Beverage Shop,11am to 130am(Mon-Sun),Average,3.0,8.0,Santacruz,Budget,Average,Low Popularity,False,3.57,11.9,shakes 'n' snacks beverages beverage shop budget average low popularity
Royal Zaika,500,"North Indian,Chinese,Mughlai",Mumbai,Versova-- Andheri West,https://www.zomato.com/mumbai/royal-zaika-versova/info,180,Quick Bites,1130am to 4am(Mon-Sun),Good,3.5,30.0,Andheri,Budget,Good,Low Popularity,True,3.59,7.18,"royal zaika north indian,chinese,mughlai quick bites budget good low popularity"
Hu's Kitchen,700,Chinese,Mumbai,Andheri Lokhandwala-- Andheri West,https://www.zomato.com/mumbai/hus-kitchen-andheri-lokhandwala/info,181,Quick Bites,"12noon to 1230AM(Mon-Tue),12noon to 4am(Wed-Sun)",Good,3.7,101.0,Andheri,Moderate,Good,Moderately Popular,True,3.65,5.21,hu's kitchen chinese quick bites moderate good moderately popular
Pizza Factory,700,"Italian,Mexican,Pizza",Mumbai,Vile Parle West,https://www.zomato.com/mumbai/pizza-factory-vile-parle-west/info,181,Quick Bites,11am to 12midnight(Mon-Sun),Good,3.8,526.0,Vile Parle,Moderate,Good,Highly Popular,True,3.77,5.39,"pizza factory italian,mexican,pizza quick bites moderate good highly popular"
Biryani Express,400,"North Indian,Biryani",Mumbai,Vile Parle East,https://www.zomato.com/mumbai/biryani-express-1-vile-parle-east/info,182,Quick Bites,"1230pm to 330pm,7pm to 12midnight(Mon-Sun)",Good,3.8,18.0,Vile Parle,Budget,Good,Low Popularity,True,3.64,9.1,"biryani express north indian,biryani quick bites budget good low popularity"
Hare Krishna,800,"Street Food,South Indian,Fast Food,North Indian",Mumbai,Santacruz East,https://www.zomato.com/mumbai/hare-krishna-santacruz-east/info,182,Casual Dining,8am to 12midnight(Mon-Sun),Good,3.7,241.0,Santacruz,Moderate,Good,Moderately Popular,True,3.67,4.59,"hare krishna street food,south indian,fast food,north indian casual dining moderate good moderately popular"
The Misal Man,300,Street Food,Mumbai,Linking Road-- Bandra West,https://www.zomato.com/mumbai/the-misal-man-linking-road-bandra-west/info,183,Quick Bites,"1130am to 6pm(Mon),830am to 830pm(Tue-Sun)",Good,3.9,22.0,Bandra,Budget,Good,Low Popularity,True,3.66,12.2,the misal man street food quick bites budget good low popularity
Oliva,800,"Pizza,Chinese,Fast Food",Mumbai,Vile Parle East,https://www.zomato.com/mumbai/oliva-vile-parle-east/info,183,Quick Bites,11am to 11pm(Mon-Sun),Very Good,4.1,496.0,Vile Parle,Moderate,Very Good,Moderately Popular,True,4.01,5.01,"oliva pizza,chinese,fast food quick bites moderate very good moderately popular"
Bhojohori Manna,700,"Bengali,Biryani",Mumbai,Oshiwara-- Andheri West,https://www.zomato.com/mumbai/bhojohori-manna-oshiwara/info,184,Casual Dining,1230pm to 1130pm(Mon-Sun),Good,3.9,970.0,Andheri,Moderate,Good,Highly Popular,True,3.87,5.53,"bhojohori manna bengali,biryani casual dining moderate good highly popular"
Guru Da Dhaba,300,North Indian,Mumbai,Andheri Lokhandwala-- Andheri West,https://www.zomato.com/mumbai/guru-da-dhaba-1-andheri-lokhandwala/info,184,Casual Dining,"11am to 330pm,7pm to 11pm(Mon-Sun)",Good,3.6,293.0,Andheri,Budget,Good,Moderately Popular,True,3.6,12.0,guru da dhaba north indian casual dining budget good moderately popular
Best Biryani Kitchen,400,"Biryani,North Indian,Kebab",Mumbai,7 Bungalows-- Andheri West,https://www.zomato.com/mumbai/best-biryani-kitchen-7-bungalows/info,184,Quick Bites,12noon to 12midnight(Mon-Sun),Very Good,4.4,158.0,Andheri,Budget,Very Good,Moderately Popular,True,4.08,10.2,"best biryani kitchen biryani,north indian,kebab quick bites budget very good moderately popular"
Sushi Koi,1000,"Japanese,Sushi,Asian",Mumbai,Pali Hill-- Bandra West,https://www.zomato.com/mumbai/sushi-koi-pali-hill-bandra-west/info,184,none,"Closed(Mon-Tue),12noon to 11pm(Wed-Sun)",Good,3.9,275.0,Bandra,Moderate,Good,Moderately Popular,True,3.82,3.82,"sushi koi japanese,sushi,asian none moderate good moderately popular"
Chine Dine,550,"Chinese,Thai",Mumbai,Vile Parle East,https://www.zomato.com/mumbai/chine-dine-vile-parle-east/info,184,Casual Dining,"1130am to 330pm,7pm to 1130pm(Mon-Sun)",Good,3.9,391.0,Vile Parle,Moderate,Good,Moderately Popular,True,3.84,6.98,"chine dine chinese,thai casual dining moderate good moderately popular"
Laxmi Chhaya,550,"Chinese,North Indian,South Indian,Fast Food,Street Food",Mumbai,Andheri Lokhandwala-- Andheri West,https://www.zomato.com/mumbai/laxmi-chhaya-andheri-lokhandwala/info,185,Casual Dining,8am to 12midnight(Mon-Sun),Good,3.6,135.0,Andheri,Moderate,Good,Moderately Popular,True,3.61,6.56,"laxmi chhaya chinese,north indian,south indian,fast food,street food casual dining moderate good moderately popular"
The Kitchenette,400,"Seafood,Biryani,North Indian,Chinese,Mughlai,Lebanese",Mumbai,Santacruz East,https://www.zomato.com/mumbai/the-kitchenette-santacruz-east/info,185,none,7am to 8pm(Mon-Sun),Average,3.4,77.0,Santacruz,Budget,Average,Low Popularity,False,3.52,8.8,"the kitchenette seafood,biryani,north indian,chinese,mughlai,lebanese none budget average low popularity"
Mantra,600,"North Indian,Chinese",Mumbai,Santacruz West,https://www.zomato.com/mumbai/mantra-santacruz-west/info,186,Casual Dining,"1130am to 4pm,630pm to 12midnight(Mon-Sun)",Good,3.8,69.0,Santacruz,Moderate,Good,Low Popularity,True,3.68,6.13,"mantra north indian,chinese casual dining moderate good low popularity"
Vidarbha Vada Pav,100,Fast Food,Mumbai,Vile Parle East,https://www.zomato.com/mumbai/vidarbha-vada-pav-vile-parle-east/info,186,Quick Bites,8am to 9pm(Mon-Sun),Very Good,4.1,77.0,Vile Parle,Budget,Very Good,Low Popularity,True,3.81,38.1,vidarbha vada pav fast food quick bites budget very good low popularity
Cake Basket,300,"Bakery,Fast Food",Mumbai,Near Andheri East Station,https://www.zomato.com/mumbai/cake-basket-near-andheri-east-station/info,186,Bakery,10am to 10pm(Mon-Sun),Good,3.9,153.0,Andheri,Budget,Good,Moderately Popular,True,3.78,12.6,"cake basket bakery,fast food bakery budget good moderately popular"
Yugo Sushi,700,"Japanese,Sushi",Mumbai,Pali Hill-- Bandra West,https://www.zomato.com/mumbai/yugo-sushi-pali-hill-bandra-west/info,187,Quick Bites,"Closed(Mon),12noon to 11pm(Tue,Thu,Fri,Sat...",Very Good,4.1,198.0,Bandra,Moderate,Very Good,Moderately Popular,True,3.93,5.61,"yugo sushi japanese,sushi quick bites moderate very good moderately popular"
Sancha Ice Creams,300,"Ice Cream,Desserts,Beverages",Mumbai,7 Bungalows-- Andheri West,https://www.zomato.com/mumbai/sancha-ice-creams-7-bungalows/info,187,Dessert Parlor,11am to 12midnight(Mon-Sun),Very Good,4.2,355.0,Andheri,Budget,Very Good,Moderately Popular,True,4.06,13.53,"sancha ice creams ice cream,desserts,beverages dessert parlor budget very good moderately popular"
Black Olive,600,"Continental,Italian,Healthy Food",Mumbai,Oshiwara-- Andheri West,https://www.zomato.com/mumbai/black-olive-oshiwara/info,187,none,1130am to 12midnight(Mon-Sun),Very Good,4.2,71.0,Andheri,Moderate,Very Good,Low Popularity,True,3.84,6.4,"black olive continental,italian,healthy food none moderate very good low popularity"
Oye Pappe!,500,"North Indian,Mughlai,Biryani",Mumbai,Santacruz East,https://www.zomato.com/mumbai/oye-pappe-santacruz-east/info,187,none,"11am to 3pm,7pm to 11pm(Mon,Tue,Wed,Thu...",Very Good,4.0,407.0,Santacruz,Budget,Very Good,Moderately Popular,True,3.92,7.84,"oye pappe! north indian,mughlai,biryani none budget very good moderately popular"
Only Rotis,250,North Indian,Mumbai,Near Andheri East Station,https://www.zomato.com/mumbai/only-rotis-near-andheri-east-station/info,189,none,11am to 11pm(Mon-Sun),Good,3.9,34.0,Andheri,Budget,Good,Low Popularity,True,3.68,14.72,only rotis north indian none budget good low popularity
Small Hunger,100,Street Food,Mumbai,Near Andheri East Station,https://www.zomato.com/mumbai/small-hunger-near-andheri-east-station/info,189,none,9am to 9pm(Mon-Sun),Average,3.3,13.0,Andheri,Budget,Average,Low Popularity,False,3.58,35.8,small hunger street food none budget average low popularity
Urban Tapri Cafe,550,"Cafe,Beverages,Fast Food,North Indian",Mumbai,Vile Parle East,https://www.zomato.com/mumbai/urban-tapri-cafe-vile-parle-east/info,189,Café,"830am to 1130pm(Mon-Sat),9am to 1130pm(Sun)",Very Good,4.0,404.0,Vile Parle,Moderate,Very Good,Moderately Popular,True,3.92,7.13,"urban tapri cafe cafe,beverages,fast food,north indian café moderate very good moderately popular"
Scrumptiious,800,"Fast Food,Mexican,Italian,Continental",Mumbai,Versova-- Andheri West,https://www.zomato.com/mumbai/scrumptiious-versova/info,19,Casual Dining,730am to 130am(Mon-Sun),Good,3.9,791.0,Andheri,Moderate,Good,Highly Popular,True,3.86,4.82,"scrumptiious fast food,mexican,italian,continental casual dining moderate good highly popular"
Alfredo's,1500,"Salad,Middle Eastern,Continental,Fast Food,Italian,Burger,Pizza",Mumbai,Andheri Lokhandwala-- Andheri West,https://www.zomato.com/mumbai/alfredos-andheri-lokhandwala/info,19,Casual Dining,1230pm to 1am(Mon-Sun),Good,3.8,1564.0,Andheri,Expensive,Good,Highly Popular,False,3.79,2.53,"alfredo's salad,middle eastern,continental,fast food,italian,burger,pizza casual dining expensive good highly popular"
The Pancake Story,500,"Desserts,Beverages",Mumbai,Andheri Lokhandwala-- Andheri West,https://www.zomato.com/mumbai/the-pancake-story-andheri-lokhandwala/info,19,Dessert Parlor,10am to 1am(Mon-Sun),Very Good,4.2,536.0,Andheri,Budget,Very Good,Highly Popular,True,4.1,8.2,"the pancake story desserts,beverages dessert parlor budget very good highly popular"
Stomach,500,Chinese,Mumbai,Pali Hill-- Bandra West,https://www.zomato.com/mumbai/stomach-pali-hill-bandra-west/info,19,Casual Dining,1130am to 1230AM(Mon-Sun),Average,3.4,1229.0,Bandra,Budget,Average,Highly Popular,False,3.42,6.84,stomach chinese casual dining budget average highly popular
Gattu's Chinese,500,Chinese,Mumbai,Vile Parle West,https://www.zomato.com/mumbai/gattus-chinese-vile-parle-west/info,190,Casual Dining,"11am to 330pm,630pm to 1130pm(Mon-Sun)",Good,3.7,487.0,Vile Parle,Budget,Good,Moderately Popular,True,3.68,7.36,gattu's chinese chinese casual dining budget good moderately popular
Lean Meal Co.,600,"Continental,Italian,Mexican,Middle Eastern,Healthy Food",Mumbai,Vile Parle West,https://www.zomato.com/mumbai/lean-meal-co-vile-parle-west/info,190,none,"11am to 10pm(Mon-Sat),Closed(Sun)",Very Good,4.0,62.0,Vile Parle,Moderate,Very Good,Low Popularity,True,3.75,6.25,"lean meal co. continental,italian,mexican,middle eastern,healthy food none moderate very good low popularity"
Frugurpop,150,Ice Cream,Mumbai,Pali Hill-- Bandra West,https://www.zomato.com/mumbai/frugurpop-pali-hill-bandra-west/info,190,Dessert Parlor,"1pm to 11pm(Mon,Tue,Wed,Fri,Sat,Sun),Closed...",Very Good,4.3,128.0,Bandra,Budget,Very Good,Moderately Popular,True,3.98,26.53,frugurpop ice cream dessert parlor budget very good moderately popular
Amey,700,"North Indian,South Indian,Maharashtrian,Chinese,Street Food",Mumbai,Bandra East,https://www.zomato.com/mumbai/amey-bandra-east/info,190,Casual Dining,8am to 11pm(Mon-Sun),Good,3.7,241.0,Bandra,Moderate,Good,Moderately Popular,True,3.67,5.24,"amey north indian,south indian,maharashtrian,chinese,street food casual dining moderate good moderately popular"
Surya Lunch Home,350,Chinese,Mumbai,Near Andheri East Station,https://www.zomato.com/mumbai/surya-lunch-home-near-andheri-east-station/info,190,Quick Bites,11am to 11pm(Mon-Sun),Good,3.5,188.0,Andheri,Budget,Good,Moderately Popular,True,3.54,10.11,surya lunch home chinese quick bites budget good moderately popular
Laziz Seekh Kebab Corner,300,"Chinese,Kebab",Mumbai,Oshiwara-- Andheri West,https://www.zomato.com/mumbai/laziz-seekh-kebab-corner-oshiwara/info,191,Quick Bites,7am to 12midnight(Mon-Sun),Good,3.6,82.0,Andheri,Budget,Good,Low Popularity,True,3.61,12.03,"laziz seekh kebab corner chinese,kebab quick bites budget good low popularity"
Hotel Shree Bholenath,550,"Chinese,North Indian",Mumbai,Vile Parle East,https://www.zomato.com/mumbai/hotel-shree-bholenath-vile-parle-east/info,191,Casual Dining,11am to 11pm(Mon-Sun),Good,3.7,93.0,Vile Parle,Moderate,Good,Low Popularity,True,3.65,6.64,"hotel shree bholenath chinese,north indian casual dining moderate good low popularity"
Flavours in Fusion,600,"Mexican,Italian,Burger,Salad,Healthy Food,Sandwich,Continental",Mumbai,Vile Parle East,https://www.zomato.com/mumbai/flavours-in-fusion-vile-parle-east/info,192,none,"12noon to 5pm,730pm to 1030pm(Mon-Sun)",Good,3.9,136.0,Vile Parle,Moderate,Good,Moderately Popular,True,3.77,6.28,"flavours in fusion mexican,italian,burger,salad,healthy food,sandwich,continental none moderate good moderately popular"
God's Gift,400,Chinese,Mumbai,Vile Parle West,https://www.zomato.com/mumbai/gods-gift-vile-parle-west/info,193,Quick Bites,"12noon to 12midnight(Mon),11am to 11pm(Tue-Sun)",Average,3.3,11.0,Vile Parle,Budget,Average,Low Popularity,False,3.58,8.95,god's gift chinese quick bites budget average low popularity
Times Of Paratha,350,"North Indian,Fast Food,Beverages,Desserts",Mumbai,Oshiwara-- Andheri West,https://www.zomato.com/mumbai/times-of-paratha-oshiwara/info,193,Quick Bites,"9am to 4pm,7pm to 12midnight(Mon-Sun)",Good,3.6,40.0,Andheri,Budget,Good,Low Popularity,True,3.61,10.31,"times of paratha north indian,fast food,beverages,desserts quick bites budget good low popularity"
Polenta,650,"BBQ,Salad,American,Continental,North Indian,Italian,Desserts,Pizza",Mumbai,Andheri Lokhandwala-- Andheri West,https://www.zomato.com/mumbai/polenta-andheri-lokhandwala/info,193,Quick Bites,12noon to 12midnight(Mon-Sun),Good,3.9,184.0,Andheri,Moderate,Good,Moderately Popular,True,3.79,5.83,"polenta bbq,salad,american,continental,north indian,italian,desserts,pizza quick bites moderate good moderately popular"
Punjab Da Chullah- Bar Bank,500,"Fast Food,North Indian",Mumbai,Bar Bank-- Juhu,https://www.zomato.com/mumbai/punjab-da-chullah-bar-bank-juhu/info,194,Food Truck,12noon to 1am(Mon-Sun),Average,3.4,26.0,Juhu,Budget,Average,Low Popularity,False,3.57,7.14,"punjab da chullah- bar bank fast food,north indian food truck budget average low popularity"
Kebab-e-Hind,250,"North Indian,Mughlai",Mumbai,Near Andheri West Station,https://www.zomato.com/mumbai/kebab-e-hind-near-andheri-west-station/info,195,Quick Bites,12noon to 3am(Mon-Sun),Average,3.2,8.0,Andheri,Budget,Average,Low Popularity,False,3.58,14.32,"kebab-e-hind north indian,mughlai quick bites budget average low popularity"
Shree Devi,400,"Chinese,North Indian,Mangalorean,Beverages",Mumbai,Near Andheri East Station,https://www.zomato.com/mumbai/shree-devi-near-andheri-east-station/info,195,Quick Bites,11am to 1230AM(Mon-Sun),Good,3.6,65.0,Andheri,Budget,Good,Low Popularity,True,3.61,9.02,"shree devi chinese,north indian,mangalorean,beverages quick bites budget good low popularity"
Eat-O-Logy,800,"North Indian,Rolls",Mumbai,Pali Hill-- Bandra West,https://www.zomato.com/mumbai/eat-o-logy-pali-hill-bandra-west/info,195,none,6pm to 2am(Mon-Sun),Good,3.9,121.0,Bandra,Moderate,Good,Moderately Popular,True,3.76,4.7,"eat-o-logy north indian,rolls none moderate good moderately popular"
Dumpling Khang,350,"Chinese,Momos",Mumbai,Santacruz East,https://www.zomato.com/mumbai/dumpling-khang-santacruz-east/info,199,Casual Dining,1130am to 1130pm(Mon-Sun),Good,3.9,372.0,Santacruz,Budget,Good,Moderately Popular,True,3.83,10.94,"dumpling khang chinese,momos casual dining budget good moderately popular"
Discovery Restaurant,600,"Chinese,Thai",Mumbai,Andheri Lokhandwala-- Andheri West,https://www.zomato.com/mumbai/discovery-restaurant-andheri-lokhandwala/info,199,Casual Dining,11am to 1145pm(Mon-Sun),Good,3.6,543.0,Andheri,Moderate,Good,Highly Popular,True,3.6,6.0,"discovery restaurant chinese,thai casual dining moderate good highly popular"
Rollampol,300,"Rolls,Kebab",Mumbai,Andheri Lokhandwala-- Andheri West,https://www.zomato.com/mumbai/rollampol-andheri-lokhandwala/info,199,Quick Bites,"12noon to 3pm,730pm to 1130pm(Mon,Tue,Wed...",Very Good,4.1,27.0,Andheri,Budget,Very Good,Low Popularity,True,3.71,12.37,"rollampol rolls,kebab quick bites budget very good low popularity"
Cafe Arpan,250,"Cafe,Fast Food",Mumbai,Juhu,https://www.zomato.com/mumbai/cafe-arpan-1-juhu/info,199,Café,"Closed(Mon),11am to 8pm(Tue-Sun)",Very Good,4.1,95.0,Juhu,Budget,Very Good,Low Popularity,True,3.84,15.36,"cafe arpan cafe,fast food café budget very good low popularity"
The Bandra Project by PizzaExpress,1600,"Italian,Pizza",Mumbai,Pali Hill-- Bandra West,https://www.zomato.com/mumbai/the-bandra-project-by-pizzaexpress-pali-hill-bandra-west/info,2,Casual Dining,830am to 1am(Mon-Sun),Very Good,4.3,4654.0,Bandra,Premium,Very Good,Highly Popular,False,4.28,2.68,"the bandra project by pizzaexpress italian,pizza casual dining premium very good highly popular"
The Little Easy,1500,"Finger Food,Asian,Modern Indian,Italian,Mediterranean",Mumbai,Linking Road-- Bandra West,https://www.zomato.com/mumbai/the-little-easy-linking-road-bandra-west/info,2,Casual Dining,12noon to 1am(Mon-Sun),Very Good,4.3,2256.0,Bandra,Expensive,Very Good,Highly Popular,False,4.27,2.85,"the little easy finger food,asian,modern indian,italian,mediterranean casual dining expensive very good highly popular"
Yazu - Pan Asian Supper Club,1700,"Thai,Korean,Japanese,Chinese",Mumbai,Oshiwara-- Andheri West,https://www.zomato.com/mumbai/yazu-pan-asian-supper-club-oshiwara/info,2,Casual Dining,12noon to 130am(Mon-Sun),Excellent,4.6,258.0,Andheri,Premium,Excellent,Moderately Popular,False,4.31,2.54,"yazu - pan asian supper club thai,korean,japanese,chinese casual dining premium excellent moderately popular"
Yasin's Food Inn,700,"Mughlai,Fast Food,North Indian,Chinese,Pizza",Mumbai,Andheri Lokhandwala-- Andheri West,https://www.zomato.com/mumbai/yasins-food-inn-andheri-lokhandwala/info,2,Casual Dining,12noon to 1230AM(Mon-Sun),Very Good,4.0,3193.0,Andheri,Moderate,Very Good,Highly Popular,True,3.99,5.7,"yasin's food inn mughlai,fast food,north indian,chinese,pizza casual dining moderate very good highly popular"
Bora Bora,1900,"Continental,Malaysian,Chinese,North Indian",Mumbai,Juhu,https://www.zomato.com/mumbai/bora-bora-1-juhu/info,20,Bar,12noon to 1am(Mon-Sun),Good,3.9,439.0,Juhu,Premium,Good,Moderately Popular,False,3.84,2.02,"bora bora continental,malaysian,chinese,north indian bar premium good moderately popular"
TAP,1600,"North Indian,Chinese,Italian,Mexican",Mumbai,Andheri Lokhandwala-- Andheri West,https://www.zomato.com/mumbai/tap-andheri-lokhandwala/info,20,Pub,12noon to 1am(Mon-Sun),Very Good,4.0,2748.0,Andheri,Premium,Very Good,Highly Popular,False,3.99,2.49,"tap north indian,chinese,italian,mexican pub premium very good highly popular"
Van Earth,700,"Continental,Italian,Lebanese,Mexican,Pizza,Salad,Bakery",Mumbai,Andheri Lokhandwala-- Andheri West,https://www.zomato.com/mumbai/van-earth-andheri-lokhandwala/info,200,none,10am to 11pm(Mon-Sun),Very Good,4.0,161.0,Andheri,Moderate,Very Good,Moderately Popular,True,3.84,5.49,"van earth continental,italian,lebanese,mexican,pizza,salad,bakery none moderate very good moderately popular"
Dum Spiro Spero,600,Momos,Mumbai,Vile Parle East,https://www.zomato.com/mumbai/dum-spiro-spero-vile-parle-east/info,201,none,12noon to 11pm(Mon-Sun),Very Good,4.0,127.0,Vile Parle,Moderate,Very Good,Moderately Popular,True,3.82,6.37,dum spiro spero momos none moderate very good moderately popular
Narayan Snack Parlour,150,"Fast Food,Sandwich",Mumbai,Near Andheri East Station,https://www.zomato.com/mumbai/narayan-snack-parlour-near-andheri-east-station/info,202,Quick Bites,10am to 830pm(Mon-Sun),Very Good,4.0,203.0,Andheri,Budget,Very Good,Moderately Popular,True,3.86,25.73,"narayan snack parlour fast food,sandwich quick bites budget very good moderately popular"
Hari Om Juice & Milk Shake Centre,200,"Juices,Beverages",Mumbai,Vile Parle West,https://www.zomato.com/mumbai/hari-om-juice-milk-shake-centre-vile-parle-west/info,202,Beverage Shop,12noon to 1130pm(Mon-Sun),Good,3.7,47.0,Vile Parle,Budget,Good,Low Popularity,True,3.64,18.2,"hari om juice & milk shake centre juices,beverages beverage shop budget good low popularity"
Mithibai College Ka Famous Sandwich,200,Fast Food,Mumbai,Vile Parle West,https://www.zomato.com/mumbai/mithibai-college-ka-famous-sandwich-vile-parle-west/info,202,Quick Bites,730am to 11pm(Mon-Sun),Very Good,4.0,221.0,Vile Parle,Budget,Very Good,Moderately Popular,True,3.87,19.35,mithibai college ka famous sandwich fast food quick bites budget very good moderately popular
Gelato Italiano,200,"Desserts,Ice Cream",Mumbai,Pali Hill-- Bandra West,https://www.zomato.com/mumbai/gelato-italiano-pali-hill-bandra-west/info,202,Dessert Parlor,11am to 11pm(Mon-Sun),Average,3.4,12.0,Bandra,Budget,Average,Low Popularity,False,3.59,17.95,"gelato italiano desserts,ice cream dessert parlor budget average low popularity"
The Busy Berry,400,"Cafe,Desserts,Sandwich",Mumbai,Vile Parle West,https://www.zomato.com/mumbai/the-busy-berry-1-vile-parle-west/info,203,Café,12noon to 1145pm(Mon-Sun),Very Good,4.2,232.0,Vile Parle,Budget,Very Good,Moderately Popular,True,4.01,10.02,"the busy berry cafe,desserts,sandwich café budget very good moderately popular"
Sadichha,500,"Malwani,Seafood",Mumbai,Bandra East,https://www.zomato.com/mumbai/sadichha-bandra-east/info,204,Casual Dining,"1130am to 330pm,730pm to 11pm(Mon-Sun)",Good,3.8,383.0,Bandra,Budget,Good,Moderately Popular,True,3.76,7.52,"sadichha malwani,seafood casual dining budget good moderately popular"
Shetty's Corner Fast Food,450,Chinese,Mumbai,Near Andheri West Station,https://www.zomato.com/mumbai/shettys-corner-fast-food-near-andheri-west-station/info,204,Quick Bites,9am to 12midnight(Mon-Sun),Good,3.8,264.0,Andheri,Budget,Good,Moderately Popular,True,3.74,8.31,shetty's corner fast food chinese quick bites budget good moderately popular
Jim - Me's Kitchen,1000,"Seafood,Chinese",Mumbai,Hill Road-- Bandra West,https://www.zomato.com/mumbai/jim-mes-kitchen-hill-road-bandra-west/info,204,Casual Dining,11am to 1130pm(Mon-Sun),Good,3.9,519.0,Bandra,Moderate,Good,Highly Popular,True,3.85,3.85,"jim - me's kitchen seafood,chinese casual dining moderate good highly popular"
Gopal Krishna Veg,500,"Street Food,Chinese,South Indian,North Indian,Beverages",Mumbai,Santacruz East,https://www.zomato.com/mumbai/gopal-krishna-veg-santacruz-east/info,204,Casual Dining,7am to 1130pm(Mon-Sun),Good,3.8,467.0,Santacruz,Budget,Good,Moderately Popular,True,3.76,7.52,"gopal krishna veg street food,chinese,south indian,north indian,beverages casual dining budget good moderately popular"
The Indian Toss,600,"North Indian,Chinese,Italian,Seafood",Mumbai,Near Andheri East Station,https://www.zomato.com/mumbai/the-indian-toss-near-andheri-east-station/info,206,Casual Dining,12noon to 1130pm(Mon-Sun),Very Good,4.1,74.0,Andheri,Moderate,Very Good,Low Popularity,True,3.81,6.35,"the indian toss north indian,chinese,italian,seafood casual dining moderate very good low popularity"
The Food Boxz,400,"Fast Food,North Indian,Sandwich",Mumbai,Andheri Lokhandwala-- Andheri West,https://www.zomato.com/mumbai/the-food-boxz-1-andheri-lokhandwala/info,207,none,"9am to 4pm,7pm to 12midnight(Mon-Sun)",Good,3.8,149.0,Andheri,Budget,Good,Moderately Popular,True,3.72,9.3,"the food boxz fast food,north indian,sandwich none budget good moderately popular"
National Restaurant,500,North Indian,Mumbai,Bandstand-- Bandra West,https://www.zomato.com/mumbai/national-restaurant-bandstand-bandra-west/info,207,Quick Bites,"11am to 4pm,7pm to 12midnight(Mon-Sun)",Good,3.9,205.0,Bandra,Budget,Good,Moderately Popular,True,3.8,7.6,national restaurant north indian quick bites budget good moderately popular
Mayur Restaurant & Bar,500,"South Indian,North Indian,Chinese",Mumbai,Santacruz West,https://www.zomato.com/mumbai/mayur-restaurant-bar-santacruz-west/info,208,Casual Dining,8am to 1230AM(Mon-Sun),Poor,2.3,138.0,Santacruz,Budget,Average,Moderately Popular,False,2.88,5.76,"mayur restaurant & bar south indian,north indian,chinese casual dining budget average moderately popular"
Rajdhani Restaurant,350,"North Indian,Chinese,Mughlai",Mumbai,Near Andheri East Station,https://www.zomato.com/mumbai/rajdhani-restaurant-near-andheri-east-station/info,208,Casual Dining,6am to 1am(Mon-Sun),Average,3.0,13.0,Andheri,Budget,Average,Low Popularity,False,3.55,10.14,"rajdhani restaurant north indian,chinese,mughlai casual dining budget average low popularity"
Best Indian & Chinese Food Corner,450,"Chinese,North Indian",Mumbai,Juhu,https://www.zomato.com/mumbai/best-indian-chinese-food-corner-juhu/info,208,Casual Dining,"12noon to 5pm,630pm to 2am(Mon-Sun)",Average,3.3,28.0,Juhu,Budget,Average,Low Popularity,False,3.55,7.89,"best indian & chinese food corner chinese,north indian casual dining budget average low popularity"
Prestige Veg Treat,650,"North Indian,South Indian,Chinese,Fast Food",Mumbai,Near Andheri East Station,https://www.zomato.com/mumbai/prestige-veg-treat-near-andheri-east-station/info,208,Casual Dining,10am to 1230AM(Mon-Sun),Good,3.6,94.0,Andheri,Moderate,Good,Low Popularity,True,3.61,5.55,"prestige veg treat north indian,south indian,chinese,fast food casual dining moderate good low popularity"
Temple Flower - Hotel Kings International,2000,"Seafood,Chinese",Mumbai,Hotel King's International-- Juhu,https://www.zomato.com/mumbai/temple-flower-hotel-kings-international-juhu/info,208,Casual Dining,12noon to 1230AM(Mon-Sun),Average,2.7,206.0,Juhu,Premium,Average,Moderately Popular,False,3.02,1.51,"temple flower - hotel kings international seafood,chinese casual dining premium average moderately popular"
Kabab Hut - Hotel Sun N Sand,3000,"Lucknowi,Awadhi,North Indian,Kebab",Mumbai,Hotel Sun n Sand-- Juhu,https://www.zomato.com/mumbai/kabab-hut-hotel-sun-n-sand-juhu/info,209,Fine Dining,7pm to 1am(Mon-Sun),Good,3.7,179.0,Juhu,Premium,Good,Moderately Popular,False,3.67,1.22,"kabab hut - hotel sun n sand lucknowi,awadhi,north indian,kebab fine dining premium good moderately popular"
Kebabia,400,"Biryani,North Indian,Mughlai,Kebab,Mediterranean",Mumbai,Oshiwara-- Andheri West,https://www.zomato.com/mumbai/kebabia-oshiwara/info,209,none,"12noon to 3pm,630pm to 3am(Mon,Wed,Thu,Fri...",Good,3.8,27.0,Andheri,Budget,Good,Low Popularity,True,3.65,9.12,"kebabia biryani,north indian,mughlai,kebab,mediterranean none budget good low popularity"
Daiquiri Bar & Restaurant,800,"North Indian,Chinese",Mumbai,Santacruz West,https://www.zomato.com/mumbai/daiquiri-bar-restaurant-santacruz-west/info,209,Casual Dining,11am to 1am(Mon-Sun),Good,3.6,84.0,Santacruz,Moderate,Good,Low Popularity,True,3.61,4.51,"daiquiri bar & restaurant north indian,chinese casual dining moderate good low popularity"
Wafficious Pancakes & Waffles,300,Desserts,Mumbai,Near Andheri West Station,https://www.zomato.com/mumbai/wafficious-pancakes-waffles-near-andheri-west-station/info,209,Dessert Parlor,12noon to 130am(Mon-Sun),Good,3.6,79.0,Andheri,Budget,Good,Low Popularity,True,3.61,12.03,wafficious pancakes & waffles desserts dessert parlor budget good low popularity
Masala Cuisine,850,"North Indian,Seafood,Chinese,Kebab",Mumbai,Oshiwara-- Andheri West,https://www.zomato.com/mumbai/masala-cuisine-oshiwara/info,209,Casual Dining,"12noon to 4pm,730pm to 4am(Mon-Sun)",Good,3.9,396.0,Andheri,Moderate,Good,Moderately Popular,True,3.84,4.52,"masala cuisine north indian,seafood,chinese,kebab casual dining moderate good moderately popular"
+91,1800,"North Indian,Kebab,Biryani,Seafood",Mumbai,Juhu,https://www.zomato.com/mumbai/91-juhu/info,21,Casual Dining,"12noon to 4pm,7pm to 130am(Mon-Sun)",Very Good,4.3,1100.0,Juhu,Premium,Very Good,Highly Popular,False,4.24,2.36,"+91 north indian,kebab,biryani,seafood casual dining premium very good highly popular"
Bistro 1 Bar & Kitchen,1200,"European,Continental,Salad",Mumbai,7 Bungalows-- Andheri West,https://www.zomato.com/mumbai/bistro-1-bar-kitchen-7-bungalows/info,21,Casual Dining,1pm to 1am(Mon-Sun),Very Good,4.1,227.0,Andheri,Expensive,Very Good,Moderately Popular,False,3.94,3.28,"bistro 1 bar & kitchen european,continental,salad casual dining expensive very good moderately popular"
Tavaa,750,"Chinese,Mughlai",Mumbai,Linking Road-- Bandra West,https://www.zomato.com/mumbai/tavaa-linking-road-bandra-west/info,21,Casual Dining,12noon to 1am(Mon-Sun),Good,3.7,515.0,Bandra,Moderate,Good,Highly Popular,True,3.68,4.91,"tavaa chinese,mughlai casual dining moderate good highly popular"
Zaika Biryani - Pure Non Veg,450,"Biryani,North Indian,Mughlai",Mumbai,Andheri Lokhandwala-- Andheri West,https://www.zomato.com/mumbai/zaika-biryani-pure-non-veg-1-andheri-lokhandwala/info,210,none,"12noon to 4pm,7pm to 3am(Mon-Sun)",Very Good,4.0,63.0,Andheri,Budget,Very Good,Low Popularity,True,3.75,8.33,"zaika biryani - pure non veg biryani,north indian,mughlai none budget very good low popularity"
Santosh Lunch Home,700,"Chinese,North Indian,Mughlai",Mumbai,Santacruz East,https://www.zomato.com/mumbai/santosh-lunch-home-santacruz-east/info,211,Casual Dining,"11am to 4pm,7pm to 12midnight(Mon-Sun)",Average,3.2,312.0,Santacruz,Moderate,Average,Moderately Popular,False,3.31,4.73,"santosh lunch home chinese,north indian,mughlai casual dining moderate average moderately popular"
Vaibhav Cafe & Veg Restaurant,400,"South Indian,North Indian,Chinese",Mumbai,Near Andheri East Station,https://www.zomato.com/mumbai/vaibhav-cafe-veg-restaurant-near-andheri-east-station/info,211,Casual Dining,7am to 12midnight(Mon-Sun),Good,3.9,160.0,Andheri,Budget,Good,Moderately Popular,True,3.78,9.45,"vaibhav cafe & veg restaurant south indian,north indian,chinese casual dining budget good moderately popular"
Green House,1000,"North Indian,Chinese",Mumbai,Vile Parle East,https://www.zomato.com/mumbai/green-house-vile-parle-east/info,211,Casual Dining,"1130am to 315pm,630pm to 1145pm(Mon-Sun)",Good,3.6,168.0,Vile Parle,Moderate,Good,Moderately Popular,True,3.6,3.6,"green house north indian,chinese casual dining moderate good moderately popular"
Jeevan,550,"South Indian,North Indian,Chinese",Mumbai,Vile Parle East,https://www.zomato.com/mumbai/jeevan-vile-parle-east/info,211,Quick Bites,7am to 1145pm(Mon-Sun),Good,3.9,347.0,Vile Parle,Moderate,Good,Moderately Popular,True,3.83,6.96,"jeevan south indian,north indian,chinese quick bites moderate good moderately popular"
Shree Narayan Dairy,150,"Mithai,Beverages",Mumbai,Vile Parle West,https://www.zomato.com/mumbai/shree-narayan-dairy-vile-parle-west/info,212,Sweet Shop,6am to 12midnight(Mon-Sun),Good,3.7,49.0,Vile Parle,Budget,Good,Low Popularity,True,3.64,24.27,"shree narayan dairy mithai,beverages sweet shop budget good low popularity"
United Bowl of Nations,500,"Chinese,Continental,Italian,Mexican",Mumbai,Linking Road-- Bandra West,https://www.zomato.com/mumbai/united-bowl-of-nations-1-linking-road-bandra-west/info,212,Quick Bites,12noon to 12midnight(Mon-Sun),Good,3.7,46.0,Bandra,Budget,Good,Low Popularity,True,3.64,7.28,"united bowl of nations chinese,continental,italian,mexican quick bites budget good low popularity"
Amber,350,"Chinese,North Indian,Biryani",Mumbai,Bandra East,https://www.zomato.com/mumbai/amber-bandra-east/info,212,Casual Dining,"9am to 12midnight(Mon,Tue,Wed,Thu,Sat,Sun)...",Good,3.5,142.0,Bandra,Budget,Good,Moderately Popular,True,3.55,10.14,"amber chinese,north indian,biryani casual dining budget good moderately popular"
Peko Peko,300,"Cafe,Ice Cream,Desserts,Beverages",Mumbai,Andheri Lokhandwala-- Andheri West,https://www.zomato.com/mumbai/peko-peko-andheri-lokhandwala/info,213,Café,"Closed(Mon),1230pm to 12midnight(Tue-Sun)",Very Good,4.4,365.0,Andheri,Budget,Very Good,Moderately Popular,True,4.22,14.07,"peko peko cafe,ice cream,desserts,beverages café budget very good moderately popular"
Bombay Burger's,250,"Burger,Fast Food",Mumbai,Bandra Talao-- Bandra West,https://www.zomato.com/mumbai/bombay-burgers-bandra-talao-bandra-west/info,214,Quick Bites,10am to 10pm(Mon-Sun),Good,3.6,262.0,Bandra,Budget,Good,Moderately Popular,True,3.6,14.4,"bombay burger's burger,fast food quick bites budget good moderately popular"
Salad Days,500,"Healthy Food,Beverages,Salad",Mumbai,7 Bungalows-- Andheri West,https://www.zomato.com/mumbai/salad-days-7-bungalows/info,215,Casual Dining,"10am to 12midnight(Mon-Sat),11am to 12midnight(Sun)",Good,3.9,374.0,Andheri,Budget,Good,Moderately Popular,True,3.83,7.66,"salad days healthy food,beverages,salad casual dining budget good moderately popular"
Hotel Savaji,800,"Chinese,North Indian,Mughlai",Mumbai,Bandra East,https://www.zomato.com/mumbai/hotel-savaji-bandra-east/info,219,Casual Dining,1130am to 12midnight(Mon-Sun),Good,3.5,199.0,Bandra,Moderate,Good,Moderately Popular,True,3.54,4.42,"hotel savaji chinese,north indian,mughlai casual dining moderate good moderately popular"
Binge On Pav,300,"Street Food,Fast Food",Mumbai,Andheri Lokhandwala-- Andheri West,https://www.zomato.com/mumbai/binge-on-pav-andheri-lokhandwala/info,219,none,10am to 12midnight(Mon-Sun),Average,3.2,8.0,Andheri,Budget,Average,Low Popularity,False,3.58,11.93,"binge on pav street food,fast food none budget average low popularity"
Umraan Regional,800,"North Indian,South Indian,Desserts,Beverages",Mumbai,Oshiwara-- Andheri West,https://www.zomato.com/mumbai/umraan-regional-oshiwara/info,22,Casual Dining,1130am to 4am(Mon-Sun),Very Good,4.1,108.0,Andheri,Moderate,Very Good,Moderately Popular,True,3.85,4.81,"umraan regional north indian,south indian,desserts,beverages casual dining moderate very good moderately popular"
Jantar Mantar,800,"Awadhi,North Indian,Rolls,Biryani",Mumbai,Andheri Lokhandwala-- Andheri West,https://www.zomato.com/mumbai/jantar-mantar-andheri-lokhandwala/info,22,Casual Dining,12noon to 4am(Mon-Sun),Good,3.8,47.0,Andheri,Moderate,Good,Low Popularity,True,3.67,4.59,"jantar mantar awadhi,north indian,rolls,biryani casual dining moderate good low popularity"
7th Heaven,400,"Bakery,Desserts",Mumbai,Near Andheri East Station,https://www.zomato.com/mumbai/7th-heaven-near-andheri-east-station/info,22,Bakery,11am to 1am(Mon-Sun),Good,3.6,44.0,Andheri,Budget,Good,Low Popularity,True,3.61,9.02,"7th heaven bakery,desserts bakery budget good low popularity"
Pizza Bites,300,Pizza,Mumbai,Andheri Lokhandwala-- Andheri West,https://www.zomato.com/mumbai/pizza-bites-andheri-lokhandwala/info,220,none,11am to 11pm(Mon-Sun),Average,3.4,27.0,Andheri,Budget,Average,Low Popularity,False,3.57,11.9,pizza bites pizza none budget average low popularity
Punjabi Tadka,500,North Indian,Mumbai,Andheri Lokhandwala-- Andheri West,https://www.zomato.com/mumbai/punjabi-tadka-andheri-lokhandwala/info,220,Quick Bites,9am to 12midnight(Mon-Sun),Average,3.3,19.0,Andheri,Budget,Average,Low Popularity,False,3.57,7.14,punjabi tadka north indian quick bites budget average low popularity
Satkar Restaurant,750,"North Indian,Chinese,Seafood,Biryani",Mumbai,Vile Parle East,https://www.zomato.com/mumbai/satkar-restaurant-vile-parle-east/info,221,Casual Dining,11am to 12midnight(Mon-Sun),Good,3.7,301.0,Vile Parle,Moderate,Good,Moderately Popular,True,3.68,4.91,"satkar restaurant north indian,chinese,seafood,biryani casual dining moderate good moderately popular"
Hotel Golden Chariot,800,"North Indian,Chinese,Italian,Thai",Mumbai,Near Andheri West Station,https://www.zomato.com/mumbai/hotel-golden-chariot-near-andheri-west-station/info,221,Casual Dining,"11am to 330pm,6pm to 12midnight(Mon-Sun)",Good,3.8,254.0,Andheri,Moderate,Good,Moderately Popular,True,3.74,4.68,"hotel golden chariot north indian,chinese,italian,thai casual dining moderate good moderately popular"
Blue Park,500,"North Indian,Chinese,South Indian",Mumbai,7 Bungalows-- Andheri West,https://www.zomato.com/mumbai/blue-park-7-bungalows/info,222,Quick Bites,9am to 12midnight(Mon-Sun),Good,3.8,294.0,Andheri,Budget,Good,Moderately Popular,True,3.75,7.5,"blue park north indian,chinese,south indian quick bites budget good moderately popular"
Hotel Shivaji,300,"Chinese,Indian",Mumbai,Near Andheri East Station,https://www.zomato.com/mumbai/hotel-shivaji-near-andheri-east-station/info,225,Quick Bites,11am to 2am(Mon-Sun),Average,2.9,16.0,Andheri,Budget,Average,Low Popularity,False,3.52,11.73,"hotel shivaji chinese,indian quick bites budget average low popularity"
The Midway Binge,600,"Lebanese,Mughlai,Rolls,Chinese",Mumbai,Juhu,https://www.zomato.com/mumbai/the-midway-binge-juhu/info,226,none,"12midnight to 4am,7pm to 12midnight(Mon,Wed...",Good,3.8,35.0,Juhu,Moderate,Good,Low Popularity,True,3.66,6.1,"the midway binge lebanese,mughlai,rolls,chinese none moderate good low popularity"
Sagar Veg Restaurant,500,"Chinese,North Indian,South Indian,Street Food",Mumbai,Vile Parle East,https://www.zomato.com/mumbai/sagar-veg-restaurant-near-andheri-east-station/info,226,Casual Dining,8am to 12midnight(Mon-Sun),Average,3.4,206.0,Vile Parle,Budget,Average,Moderately Popular,False,3.47,6.94,"sagar veg restaurant chinese,north indian,south indian,street food casual dining budget average moderately popular"
Hotel Vihar,600,"North Indian,South Indian,Chinese,Street Food,Beverages",Mumbai,Santacruz East,https://www.zomato.com/mumbai/hotel-vihar-santacruz-east/info,227,Casual Dining,7am to 12midnight(Mon-Sun),Good,3.7,129.0,Santacruz,Moderate,Good,Moderately Popular,True,3.66,6.1,"hotel vihar north indian,south indian,chinese,street food,beverages casual dining moderate good moderately popular"
Tirupati Dosa Centre,300,"South Indian,Fast Food",Mumbai,7 Bungalows-- Andheri West,https://www.zomato.com/mumbai/tirupati-dosa-centre-7-bungalows/info,227,Quick Bites,10am to 1030pm(Mon-Sun),Good,3.8,60.0,Andheri,Budget,Good,Low Popularity,True,3.68,12.27,"tirupati dosa centre south indian,fast food quick bites budget good low popularity"
Appointment,500,"Chinese,North Indian,South Indian,Street Food,Beverages",Mumbai,7 Bungalows-- Andheri West,https://www.zomato.com/mumbai/appointment-7-bungalows/info,227,Casual Dining,10am to 12midnight(Mon-Sun),Good,3.7,255.0,Andheri,Budget,Good,Moderately Popular,True,3.67,7.34,"appointment chinese,north indian,south indian,street food,beverages casual dining budget good moderately popular"
Sarovar,700,"North Indian,South Indian,Chinese,Beverages",Mumbai,Near Andheri East Station,https://www.zomato.com/mumbai/sarovar-near-andheri-east-station/info,228,Casual Dining,8am to 1130pm(Mon-Sun),Good,3.7,117.0,Andheri,Moderate,Good,Moderately Popular,True,3.66,5.23,"sarovar north indian,south indian,chinese,beverages casual dining moderate good moderately popular"
La Sanazaar Cafe,800,"Continental,Burger,Beverages,Fast Food,Desserts,Chinese",Mumbai,Juhu,https://www.zomato.com/mumbai/la-sanazaar-cafe-1-juhu/info,228,Casual Dining,1130am to 1130pm(Mon-Sun),Good,3.8,87.0,Juhu,Moderate,Good,Low Popularity,True,3.7,4.63,"la sanazaar cafe continental,burger,beverages,fast food,desserts,chinese casual dining moderate good low popularity"
The Big Mug,400,"Cafe,Sandwich,Beverages,Tea,Coffee,Desserts",Mumbai,Andheri Lokhandwala-- Andheri West,https://www.zomato.com/mumbai/the-big-mug-2-andheri-lokhandwala/info,228,Café,10am to 12midnight(Mon-Sun),Very Good,4.3,245.0,Andheri,Budget,Very Good,Moderately Popular,True,4.09,10.22,"the big mug cafe,sandwich,beverages,tea,coffee,desserts café budget very good moderately popular"
Gupta Sandwich,200,"Sandwich,Fast Food",Mumbai,Vile Parle West,https://www.zomato.com/mumbai/gupta-sandwich-vile-parle-west/info,229,Quick Bites,"9am to 10pm(Mon-Sat),2pm to 10pm(Sun)",Good,3.6,31.0,Vile Parle,Budget,Good,Low Popularity,True,3.61,18.05,"gupta sandwich sandwich,fast food quick bites budget good low popularity"
Shree Sagar Pure Veg,1200,"North Indian,Chinese,South Indian,Street Food",Mumbai,Pali Hill-- Bandra West,https://www.zomato.com/mumbai/shree-sagar-pure-veg-pali-hill-bandra-west/info,23,Casual Dining,8am to 1am(Mon-Sun),Very Good,4.3,564.0,Bandra,Expensive,Very Good,Highly Popular,False,4.19,3.49,"shree sagar pure veg north indian,chinese,south indian,street food casual dining expensive very good highly popular"
The Third House,800,"North Indian,Chinese,Biryani,Rolls",Mumbai,Andheri Lokhandwala-- Andheri West,https://www.zomato.com/mumbai/the-third-house-andheri-lokhandwala/info,23,Casual Dining,"1130am to 330pm,7pm to 430am(Mon-Sat),1130am...",Good,3.9,817.0,Andheri,Moderate,Good,Highly Popular,True,3.87,4.84,"the third house north indian,chinese,biryani,rolls casual dining moderate good highly popular"
Trupti,300,Street Food,Mumbai,Linking Road-- Bandra West,https://www.zomato.com/mumbai/trupti-linking-road-bandra-west/info,230,Quick Bites,11am to 10pm(Mon-Sun),Good,3.9,140.0,Bandra,Budget,Good,Moderately Popular,True,3.77,12.57,trupti street food quick bites budget good moderately popular
Taste Of Darjeeling,500,"Fast Food,Chinese",Mumbai,Oshiwara-- Andheri West,https://www.zomato.com/mumbai/taste-of-darjeeling-oshiwara/info,230,none,12noon to 12midnight(Mon-Sun),Good,3.6,39.0,Andheri,Budget,Good,Low Popularity,True,3.61,7.22,"taste of darjeeling fast food,chinese none budget good low popularity"
Puranmal,1000,"North Indian,Chinese,Continental,Mithai",Mumbai,Vile Parle West,https://www.zomato.com/mumbai/puranmal-vile-parle-west/info,231,Casual Dining,11am to 1130pm(Mon-Sun),Good,3.5,487.0,Vile Parle,Moderate,Good,Moderately Popular,True,3.52,3.52,"puranmal north indian,chinese,continental,mithai casual dining moderate good moderately popular"
Carters Corner,500,"Continental,Fast Food",Mumbai,Carter Road-- Bandra West,https://www.zomato.com/mumbai/carters-corner-carter-road-bandra-west/info,232,Quick Bites,1pm to 12midnight(Mon-Sun),Good,3.8,147.0,Bandra,Budget,Good,Moderately Popular,True,3.72,7.44,"carters corner continental,fast food quick bites budget good moderately popular"
Little Bite Dabeli,150,Street Food,Mumbai,Near Andheri West Station,https://www.zomato.com/mumbai/little-bite-dabeli-near-andheri-west-station/info,232,Quick Bites,11am to 9pm(Mon-Sun),Good,3.7,90.0,Andheri,Budget,Good,Low Popularity,True,3.65,24.33,little bite dabeli street food quick bites budget good low popularity
Silli Chilli,800,"Chinese,Thai,Momos",Mumbai,Andheri Lokhandwala-- Andheri West,https://www.zomato.com/mumbai/silli-chilli-andheri-lokhandwala/info,232,Quick Bites,12noon to 1130pm(Mon-Sun),Good,3.8,1469.0,Andheri,Moderate,Good,Highly Popular,True,3.79,4.74,"silli chilli chinese,thai,momos quick bites moderate good highly popular"
Fresh Juicery,400,"Juices,Sandwich,Fast Food,Beverages",Mumbai,7 Bungalows-- Andheri West,https://www.zomato.com/mumbai/fresh-juicery-7-bungalows/info,233,Beverage Shop,8am to 11pm(Mon-Sun),Very Good,4.2,87.0,Andheri,Budget,Very Good,Low Popularity,True,3.87,9.67,"fresh juicery juices,sandwich,fast food,beverages beverage shop budget very good low popularity"
Oasis,1400,"North Indian,Chinese,Mughlai",Mumbai,Near Andheri West Station,https://www.zomato.com/mumbai/oasis-near-andheri-west-station/info,235,Casual Dining,"12noon to 330pm,630pm to 12midnight(Mon-Sun)",Good,3.8,193.0,Andheri,Expensive,Good,Moderately Popular,False,3.73,2.66,"oasis north indian,chinese,mughlai casual dining expensive good moderately popular"
Balaji Veg. Restaurant,500,"South Indian,Chinese,Fast Food,Street Food",Mumbai,Versova-- Andheri West,https://www.zomato.com/mumbai/balaji-veg-restaurant-versova/info,236,Quick Bites,9am to 12midnight(Mon-Sun),Good,3.8,213.0,Andheri,Budget,Good,Moderately Popular,True,3.74,7.48,"balaji veg. restaurant south indian,chinese,fast food,street food quick bites budget good moderately popular"
Meats and Greens,700,"Healthy Food,Sandwich,Salad,Juices",Mumbai,7 Bungalows-- Andheri West,https://www.zomato.com/mumbai/meats-and-greens-7-bungalows/info,237,Quick Bites,830am to 12midnight(Mon-Sun),Good,3.9,238.0,Andheri,Moderate,Good,Moderately Popular,True,3.81,5.44,"meats and greens healthy food,sandwich,salad,juices quick bites moderate good moderately popular"
Oki Poki By Mamagoto,900,"Asian,Japanese",Mumbai,Hill Road-- Bandra West,https://www.zomato.com/mumbai/oki-poki-by-mamagoto-hill-road-bandra-west/info,238,none,1230pm to 11pm(Mon-Sun),Good,3.9,32.0,Bandra,Moderate,Good,Low Popularity,True,3.68,4.09,"oki poki by mamagoto asian,japanese none moderate good low popularity"
Hot Seekh,250,"Mughlai,North Indian",Mumbai,Santacruz West,https://www.zomato.com/mumbai/hot-seekh-santacruz-west/info,239,Quick Bites,"11am to 4pm,7pm to 11pm(Mon-Sun)",Good,3.7,218.0,Santacruz,Budget,Good,Moderately Popular,True,3.67,14.68,"hot seekh mughlai,north indian quick bites budget good moderately popular"
La Braco,350,Bakery,Mumbai,Hill Road-- Bandra West,https://www.zomato.com/mumbai/la-braco-hill-road-bandra-west/info,239,Bakery,10am to 11pm(Mon-Sun),Good,3.9,103.0,Bandra,Budget,Good,Moderately Popular,True,3.75,10.71,la braco bakery bakery budget good moderately popular
Love & Latte,700,"Cafe,Desserts",Mumbai,Versova-- Andheri West,https://www.zomato.com/mumbai/love-latte-versova/info,24,Café,9am to 1am(Mon-Sun),Very Good,4.2,76.0,Andheri,Moderate,Very Good,Low Popularity,True,3.85,5.5,"love & latte cafe,desserts café moderate very good low popularity"
Basanti and Co.,1200,North Indian,Mumbai,7 Bungalows-- Andheri West,https://www.zomato.com/mumbai/basanti-and-co-7-bungalows/info,24,Casual Dining,"1230pm to 3pm,7pm to 4am(Mon-Sun)",Good,3.9,745.0,Andheri,Expensive,Good,Highly Popular,False,3.86,3.22,basanti and co. north indian casual dining expensive good highly popular
Thooso,400,North Indian,Mumbai,Oshiwara-- Andheri West,https://www.zomato.com/mumbai/thooso-oshiwara/info,24,Quick Bites,7pm to 430am(Mon-Sun),Very Good,4.4,405.0,Andheri,Budget,Very Good,Moderately Popular,True,4.23,10.58,thooso north indian quick bites budget very good moderately popular
Food Inn's Cone T Go,600,"Italian,Fast Food",Mumbai,Andheri Lokhandwala-- Andheri West,https://www.zomato.com/mumbai/food-inns-cone-t-go-andheri-lokhandwala/info,240,Quick Bites,12noon to 1155pm(Mon-Sun),Good,3.9,466.0,Andheri,Moderate,Good,Moderately Popular,True,3.85,6.42,"food inn's cone t go italian,fast food quick bites moderate good moderately popular"
THE THA'L CO,800,"Bohri,North Indian,Fast Food",Mumbai,Hill Road-- Bandra West,https://www.zomato.com/mumbai/the-thal-co-hill-road-bandra-west/info,240,Casual Dining,730pm to 12midnight(Mon-Sun),Very Good,4.3,341.0,Bandra,Moderate,Very Good,Moderately Popular,True,4.13,5.16,"the tha'l co bohri,north indian,fast food casual dining moderate very good moderately popular"
New Cafe Sahar,550,"North Indian,Chinese",Mumbai,Near Andheri East Station,https://www.zomato.com/mumbai/new-cafe-sahar-near-andheri-east-station/info,240,none,9am to 11pm(Mon-Sun),Good,3.6,55.0,Andheri,Moderate,Good,Low Popularity,True,3.61,6.56,"new cafe sahar north indian,chinese none moderate good low popularity"
The Sindhi Kitchen,600,Sindhi,Mumbai,Santacruz West,https://www.zomato.com/mumbai/the-sindhi-kitchen-1-santacruz-west/info,243,Quick Bites,"Closed(Mon),1130am to 330pm,4pm to 1030pm...",Very Good,4.1,78.0,Santacruz,Moderate,Very Good,Low Popularity,True,3.81,6.35,the sindhi kitchen sindhi quick bites moderate very good low popularity
Grand,800,"North Indian,Chinese",Mumbai,Santacruz East,https://www.zomato.com/mumbai/grand-santacruz-east/info,243,Casual Dining,"11am to 330pm,7pm to 12midnight(Mon-Sun)",Good,3.7,51.0,Santacruz,Moderate,Good,Low Popularity,True,3.64,4.55,"grand north indian,chinese casual dining moderate good low popularity"
Vegan Heart,300,Ice Cream,Mumbai,Andheri Lokhandwala-- Andheri West,https://www.zomato.com/mumbai/vegan-heart-andheri-lokhandwala/info,243,Dessert Parlor,11am to 11pm(Mon-Sun),Average,3.2,11.0,Andheri,Budget,Average,Low Popularity,False,3.57,11.9,vegan heart ice cream dessert parlor budget average low popularity
Papacream,400,"Desserts,Ice Cream",Mumbai,Oshiwara-- Andheri West,https://www.zomato.com/mumbai/papacream-oshiwara/info,244,Dessert Parlor,"11am to 1am(Mon-Thu),11am to 130am(Fri-Sun)",Good,3.8,385.0,Andheri,Budget,Good,Moderately Popular,True,3.76,9.4,"papacream desserts,ice cream dessert parlor budget good moderately popular"
The Cakes N More,400,"Bakery,Desserts",Mumbai,Andheri Lokhandwala-- Andheri West,https://www.zomato.com/mumbai/the-cakes-n-more-andheri-lokhandwala/info,245,Bakery,930am to 1am(Mon-Sun),Good,3.5,21.0,Andheri,Budget,Good,Low Popularity,True,3.59,8.98,"the cakes n more bakery,desserts bakery budget good low popularity"
What The Fries,300,Fast Food,Mumbai,Santacruz East,https://www.zomato.com/mumbai/what-the-fries-santacruz-east/info,246,Quick Bites,11am to 2am(Mon-Sun),Average,3.4,11.0,Santacruz,Budget,Average,Low Popularity,False,3.59,11.97,what the fries fast food quick bites budget average low popularity
Hotel Sanjay,450,"Chinese,North Indian,South Indian,Street Food,Beverages",Mumbai,Bandra East,https://www.zomato.com/mumbai/hotel-sanjay-bandra-east/info,246,Casual Dining,830am to 11pm(Mon-Sun),Good,3.7,110.0,Bandra,Budget,Good,Moderately Popular,True,3.66,8.13,"hotel sanjay chinese,north indian,south indian,street food,beverages casual dining budget good moderately popular"
Diaa Pure Veg,550,"Chinese,Street Food,North Indian,South Indian,Beverages",Mumbai,Vile Parle West,https://www.zomato.com/mumbai/diaa-pure-veg-vile-parle-west/info,247,Casual Dining,11am to 12midnight(Mon-Sun),Average,3.4,150.0,Vile Parle,Moderate,Average,Moderately Popular,False,3.49,6.35,"diaa pure veg chinese,street food,north indian,south indian,beverages casual dining moderate average moderately popular"
Balaji Restaurant,550,"South Indian,North Indian,Street Food,Chinese,Beverages",Mumbai,Hill Road-- Bandra West,https://www.zomato.com/mumbai/balaji-restaurant-hill-road-bandra-west/info,247,Casual Dining,8am to 11pm(Mon-Sun),Good,3.7,202.0,Bandra,Moderate,Good,Moderately Popular,True,3.67,6.67,"balaji restaurant south indian,north indian,street food,chinese,beverages casual dining moderate good moderately popular"
Cafe Shringaar,400,"Chinese,Fast Food,North Indian,South Indian",Mumbai,Near Andheri West Station,https://www.zomato.com/mumbai/cafe-shringaar-near-andheri-west-station/info,247,Casual Dining,7am to 1130pm(Mon-Sun),Good,3.5,75.0,Andheri,Budget,Good,Low Popularity,True,3.57,8.92,"cafe shringaar chinese,fast food,north indian,south indian casual dining budget good low popularity"
Seaside Patio,1000,"North Indian,Continental",Mumbai,Citizen Hotel-- Juhu,https://www.zomato.com/mumbai/seaside-patio-juhu/info,247,Casual Dining,"7am to 1030am,11am to 12midnight(Mon-Sun)",Good,3.8,120.0,Juhu,Moderate,Good,Moderately Popular,True,3.71,3.71,"seaside patio north indian,continental casual dining moderate good moderately popular"
Cafe Bandra,1300,"Cafe,Italian,Continental,Chinese",Mumbai,Pali Hill-- Bandra West,https://www.zomato.com/mumbai/cafe-bandra-pali-hill-bandra-west/info,25,Café,12noon to 1am(Mon-Sun),Good,3.9,697.0,Bandra,Expensive,Good,Highly Popular,False,3.86,2.97,"cafe bandra cafe,italian,continental,chinese café expensive good highly popular"
Parle Grill,400,"Street Food,Burger,Fast Food,Italian,Pizza,North Indian,Chinese",Mumbai,Vile Parle East,https://www.zomato.com/mumbai/parle-grill-vile-parle-east/info,251,Quick Bites,7am to 12midnight(Mon-Sun),Very Good,4.0,412.0,Vile Parle,Budget,Very Good,Moderately Popular,True,3.92,9.8,"parle grill street food,burger,fast food,italian,pizza,north indian,chinese quick bites budget very good moderately popular"
Maskaa Maar Ke,500,North Indian,Mumbai,Vile Parle West,https://www.zomato.com/maskaa-maarke/info,251,none,"12noon to 330pm,7pm to 12midnight(Mon-Sun)",Good,3.7,104.0,Vile Parle,Budget,Good,Moderately Popular,True,3.65,7.3,maskaa maar ke north indian none budget good moderately popular
Jai Hanuman,500,"Chinese,North Indian,South Indian,Beverages",Mumbai,Near Andheri East Station,https://www.zomato.com/mumbai/jai-hanuman-near-andheri-east-station/info,251,Quick Bites,9am to 12midnight(Mon-Sun),Good,3.5,143.0,Andheri,Budget,Good,Moderately Popular,True,3.55,7.1,"jai hanuman chinese,north indian,south indian,beverages quick bites budget good moderately popular"
New Bostan Restaurant,500,"Chinese,North Indian,Mughlai",Mumbai,Bandra Talao-- Bandra West,https://www.zomato.com/mumbai/new-bostan-restaurant-bandra-talao-bandra-west/info,251,Casual Dining,9am to 12midnight(Mon-Sun),Good,3.6,59.0,Bandra,Budget,Good,Low Popularity,True,3.61,7.22,"new bostan restaurant chinese,north indian,mughlai casual dining budget good low popularity"
Shabri Restaurant And Bar,1500,"Chinese,Mughlai,North Indian",Mumbai,Vile Parle East,https://www.zomato.com/mumbai/shabri-restaurant-and-bar-vile-parle-east/info,253,Casual Dining,"11am to 330pm,6pm to 12midnight(Mon-Sun)",Good,3.8,280.0,Vile Parle,Expensive,Good,Moderately Popular,False,3.75,2.5,"shabri restaurant and bar chinese,mughlai,north indian casual dining expensive good moderately popular"
SSUP,700,"Healthy Food,Continental,Fast Food,Sandwich,Salad,Beverages,Juices,Wraps",Mumbai,Bandra East,https://www.zomato.com/mumbai/ssup-bandra-east/info,253,Quick Bites,9am to 930pm(Mon-Sun),Very Good,4.1,171.0,Bandra,Moderate,Very Good,Moderately Popular,True,3.91,5.59,"ssup healthy food,continental,fast food,sandwich,salad,beverages,juices,wraps quick bites moderate very good moderately popular"
The Sparrow Cafe,600,"North Indian,Fast Food",Mumbai,Andheri Lokhandwala-- Andheri West,https://www.zomato.com/mumbai/the-sparrow-cafe-andheri-lokhandwala/info,254,Café,9am to 11pm(Mon-Sun),Good,3.8,22.0,Andheri,Moderate,Good,Low Popularity,True,3.64,6.07,"the sparrow cafe north indian,fast food café moderate good low popularity"
The Pastel Works Co.,500,Bakery,Mumbai,Vile Parle East,https://www.zomato.com/mumbai/the-pastel-works-co-vile-parle-east/info,254,Bakery,10am to 1130pm(Mon-Sun),Good,3.7,33.0,Vile Parle,Budget,Good,Low Popularity,True,3.63,7.26,the pastel works co. bakery bakery budget good low popularity
Rajbari Rasoi,800,Bengali,Mumbai,Andheri Lokhandwala-- Andheri West,https://www.zomato.com/mumbai/rajbari-rasoi-andheri-lokhandwala/info,255,Casual Dining,12noon to 12midnight(Mon-Sun),Very Good,4.2,172.0,Andheri,Moderate,Very Good,Moderately Popular,True,3.97,4.96,rajbari rasoi bengali casual dining moderate very good moderately popular
Bottles,1350,"Seafood,North Indian,Chinese",Mumbai,7 Bungalows-- Andheri West,https://www.zomato.com/mumbai/bottles-7-bungalows/info,255,Casual Dining,12noon to 12midnight(Mon-Sun),Good,3.6,242.0,Andheri,Expensive,Good,Moderately Popular,False,3.6,2.67,"bottles seafood,north indian,chinese casual dining expensive good moderately popular"
Shree Siddhivinayak Fast Food,350,"Street Food,Chinese",Mumbai,Juhu Chowpatty-- Juhu,https://www.zomato.com/mumbai/shree-siddhivinayak-fast-food-juhu/info,256,Quick Bites,1pm to 11pm(Mon-Sun),Very Good,4.1,198.0,Juhu,Budget,Very Good,Moderately Popular,True,3.93,11.23,"shree siddhivinayak fast food street food,chinese quick bites budget very good moderately popular"
Bawa Zest By Cheron,400,"Fast Food,Desserts",Mumbai,Hill Road-- Bandra West,https://www.zomato.com/mumbai/bawa-zest-by-cheron-hill-road-bandra-west/info,257,Quick Bites,930am to 930pm(Mon-Sun),Good,3.9,253.0,Bandra,Budget,Good,Moderately Popular,True,3.81,9.52,"bawa zest by cheron fast food,desserts quick bites budget good moderately popular"
Birdy's,450,"Bakery,Desserts",Mumbai,Pali Hill-- Bandra West,https://www.zomato.com/mumbai/birdys-pali-hill-bandra-west/info,257,Bakery,9am to 10pm(Mon-Sun),Good,3.5,101.0,Bandra,Budget,Good,Moderately Popular,True,3.56,7.91,"birdy's bakery,desserts bakery budget good moderately popular"
Only Parathas,600,"North Indian,South Indian,Chinese",Mumbai,Bandra East,https://www.zomato.com/mumbai/only-parathas-bandra-east/info,258,Casual Dining,"11am to 4pm,7pm to 11pm(Mon-Sun)",Good,3.7,150.0,Bandra,Moderate,Good,Moderately Popular,True,3.66,6.1,"only parathas north indian,south indian,chinese casual dining moderate good moderately popular"
Mirchi Tadka,400,"Chinese,BBQ,Asian,Fast Food",Mumbai,Bandra East,https://www.zomato.com/mumbai/mirchi-tadka-bandra-east/info,258,Casual Dining,"11am to 4pm,6pm to 1230AM(Mon,Tue,Wed,Thu...",Average,3.4,22.0,Bandra,Budget,Average,Low Popularity,False,3.58,8.95,"mirchi tadka chinese,bbq,asian,fast food casual dining budget average low popularity"
Mix_D,600,"Sandwich,Healthy Food,Salad",Mumbai,Andheri Lokhandwala-- Andheri West,https://www.zomato.com/mumbai/mix-d-andheri-lokhandwala/info,258,Quick Bites,12noon to 10pm(Mon-Sun),Average,3.3,11.0,Andheri,Moderate,Average,Low Popularity,False,3.58,5.97,"mix_d sandwich,healthy food,salad quick bites moderate average low popularity"
Huiyang,800,"Tibetan,Chinese",Mumbai,Hill Road-- Bandra West,https://www.zomato.com/mumbai/huiyang-hill-road-bandra-west/info,26,Quick Bites,1130am to 1am(Mon-Sun),Very Good,4.2,33.0,Bandra,Moderate,Very Good,Low Popularity,True,3.75,4.69,"huiyang tibetan,chinese quick bites moderate very good low popularity"
Amrut Sagar Fast Food,500,"Fast Food,South Indian,Chinese,Beverages",Mumbai,Hill Road-- Bandra West,https://www.zomato.com/mumbai/amrut-sagar-fast-food-hill-road-bandra-west/info,26,Quick Bites,8am to 1am(Mon-Sun),Good,3.8,607.0,Bandra,Budget,Good,Highly Popular,True,3.77,7.54,"amrut sagar fast food fast food,south indian,chinese,beverages quick bites budget good highly popular"
Guru Raj Dosa,200,"South Indian,Fast Food",Mumbai,Andheri Lokhandwala-- Andheri West,https://www.zomato.com/mumbai/guru-raj-dosa-andheri-lokhandwala/info,260,Quick Bites,9am to 11pm(Mon-Sun),Good,3.6,44.0,Andheri,Budget,Good,Low Popularity,True,3.61,18.05,"guru raj dosa south indian,fast food quick bites budget good low popularity"
Cafe Condi,800,"Continental,French,Desserts",Mumbai,Hill Road-- Bandra West,https://www.zomato.com/mumbai/cafe-condi-1-hill-road-bandra-west/info,260,Casual Dining,"11am to 11pm(Mon-Fri),8am to 11pm(Sat-Sun)",Good,3.9,86.0,Bandra,Moderate,Good,Low Popularity,True,3.74,4.68,"cafe condi continental,french,desserts casual dining moderate good low popularity"
The Pink Truck,800,"Bakery,Desserts",Mumbai,Bandra East,https://www.zomato.com/mumbai/the-pink-truck-bandra-east/info,261,Bakery,8am to 10pm(Mon-Sun),Good,3.6,37.0,Bandra,Moderate,Good,Low Popularity,True,3.61,4.51,"the pink truck bakery,desserts bakery moderate good low popularity"
WOW Popcorn,200,Fast Food,Mumbai,Carter Road-- Bandra West,https://www.zomato.com/mumbai/wow-popcorn-carter-road-bandra-west/info,261,Quick Bites,11am to 11pm(Mon-Sun),Very Good,4.1,382.0,Bandra,Budget,Very Good,Moderately Popular,True,3.99,19.95,wow popcorn fast food quick bites budget very good moderately popular
Tasty Bites,200,Rolls,Mumbai,Santacruz West,https://www.zomato.com/mumbai/tasty-bites-1-santacruz-west/info,264,Quick Bites,"930am to 930pm(Mon-Sat),330pm to 10pm(Sun)",Good,3.6,38.0,Santacruz,Budget,Good,Low Popularity,True,3.61,18.05,tasty bites rolls quick bites budget good low popularity
Keventers,400,"Beverages,Ice Cream,Desserts",Mumbai,Santacruz West,https://www.zomato.com/mumbai/keventers-santacruz-west/info,264,Beverage Shop,11am to 12midnight(Mon-Sun),Good,3.6,46.0,Santacruz,Budget,Good,Low Popularity,True,3.61,9.02,"keventers beverages,ice cream,desserts beverage shop budget good low popularity"
Cafe Multea,500,"Cafe,Fast Food",Mumbai,Oshiwara-- Andheri West,https://www.zomato.com/mumbai/cafe-multea-oshiwara/info,264,Café,11am to 12midnight(Mon-Sun),Very Good,4.0,119.0,Andheri,Budget,Very Good,Moderately Popular,True,3.81,7.62,"cafe multea cafe,fast food café budget very good moderately popular"
Pasta La Vista,700,"Italian,American",Mumbai,Juhu,https://www.zomato.com/mumbai/pasta-la-vista-juhu/info,265,none,12noon to 12midnight(Mon-Sun),Very Good,4.2,58.0,Juhu,Moderate,Very Good,Low Popularity,True,3.82,5.46,"pasta la vista italian,american none moderate very good low popularity"
Fat Kong,700,"Chinese,Thai,Seafood",Mumbai,Santacruz West,https://www.zomato.com/mumbai/fat-kong-santacruz-west/info,265,Casual Dining,12noon to 1230AM(Mon-Sun),Good,3.6,527.0,Santacruz,Moderate,Good,Highly Popular,True,3.6,5.14,"fat kong chinese,thai,seafood casual dining moderate good highly popular"
High On Food - All Night,700,"North Indian,Chinese",Mumbai,Near Andheri West Station,https://www.zomato.com/mumbai/high-on-food-all-night-near-andheri-west-station/info,265,none,7am to 6am(Mon-Sun),Average,3.2,21.0,Andheri,Moderate,Average,Low Popularity,False,3.55,5.07,"high on food - all night north indian,chinese none moderate average low popularity"
Garden Treat,1100,"North Indian,Chinese,Mughlai",Mumbai,Santacruz East,https://www.zomato.com/mumbai/garden-treat-santacruz-east/info,265,Casual Dining,"12noon to 3pm,7pm to 1am(Mon-Sun)",Good,3.6,131.0,Santacruz,Expensive,Good,Moderately Popular,False,3.61,3.28,"garden treat north indian,chinese,mughlai casual dining expensive good moderately popular"
Breadkraft Food Corner,500,"Chinese,North Indian,Fast Food,Beverages",Mumbai,Pali Hill-- Bandra West,https://www.zomato.com/mumbai/breadkraft-food-corner-pali-hill-bandra-west/info,266,Quick Bites,1130am to 130am(Mon-Sun),Average,3.2,71.0,Bandra,Budget,Average,Low Popularity,False,3.45,6.9,"breadkraft food corner chinese,north indian,fast food,beverages quick bites budget average low popularity"
Food Search,800,"North Indian,Chinese,South Indian",Mumbai,Santacruz West,https://www.zomato.com/mumbai/food-search-santacruz-west/info,266,Casual Dining,"12noon to 4pm,7pm to 1230AM(Mon-Sun)",Good,3.5,44.0,Santacruz,Moderate,Good,Low Popularity,True,3.58,4.47,"food search north indian,chinese,south indian casual dining moderate good low popularity"
White Way Restaurant,600,"North Indian,Chinese",Mumbai,Juhu,https://www.zomato.com/mumbai/white-way-restaurant-juhu/info,266,Casual Dining,11am to 1am(Mon-Sun),Average,3.3,59.0,Juhu,Moderate,Average,Low Popularity,False,3.5,5.83,"white way restaurant north indian,chinese casual dining moderate average low popularity"
Beijing Street,650,"Chinese,Thai,Fast Food",Mumbai,Carter Road-- Bandra West,https://www.zomato.com/beijing-street/info,266,none,6pm to 4am(Mon-Sun),Very Good,4.2,252.0,Bandra,Moderate,Very Good,Moderately Popular,True,4.02,6.18,"beijing street chinese,thai,fast food none moderate very good moderately popular"
Swiss Shakes Studio,300,Desserts,Mumbai,Andheri Lokhandwala-- Andheri West,https://www.zomato.com/mumbai/swiss-shakes-studio-andheri-lokhandwala/info,266,Dessert Parlor,9am to 2am(Mon-Sun),Good,3.7,179.0,Andheri,Budget,Good,Moderately Popular,True,3.67,12.23,swiss shakes studio desserts dessert parlor budget good moderately popular
KongPoush,920,"Kashmiri,North Indian",Mumbai,Oshiwara-- Andheri West,https://www.zomato.com/mumbai/kongpoush-oshiwara/info,267,none,12noon to 2am(Mon-Sun),Very Good,4.0,139.0,Andheri,Moderate,Very Good,Moderately Popular,True,3.83,4.16,"kongpoush kashmiri,north indian none moderate very good moderately popular"
Shree Makhan Bhog,100,Mithai,Mumbai,Andheri Lokhandwala-- Andheri West,https://www.zomato.com/mumbai/shree-makhan-bhog-andheri-lokhandwala/info,268,Sweet Shop,830am to 10am(Mon-Sun),Good,3.5,30.0,Andheri,Budget,Good,Low Popularity,True,3.59,35.9,shree makhan bhog mithai sweet shop budget good low popularity
Dr Bubbles,350,"Beverages,Bubble Tea,Desserts",Mumbai,Vile Parle West,https://www.zomato.com/mumbai/dr-bubbles-1-vile-parle-west/info,269,Beverage Shop,10am to 11pm(Mon-Sun),Good,3.9,187.0,Vile Parle,Budget,Good,Moderately Popular,True,3.79,10.83,"dr bubbles beverages,bubble tea,desserts beverage shop budget good moderately popular"
The Vanilla Bean,200,"Bakery,Desserts",Mumbai,Pali Hill-- Bandra West,https://www.zomato.com/thevanillabeanmumbai/info,269,Bakery,830am to 930pm(Mon-Sun),Good,3.9,138.0,Bandra,Budget,Good,Moderately Popular,True,3.77,18.85,"the vanilla bean bakery,desserts bakery budget good moderately popular"
Nawab Seekh Corner,400,"North Indian,Kebab,Rolls",Mumbai,Hill Road-- Bandra West,https://www.zomato.com/mumbai/nawab-seekh-corner-hill-road-bandra-west/info,27,Quick Bites,630pm to 4am(Mon-Sun),Good,3.9,63.0,Bandra,Budget,Good,Low Popularity,True,3.72,9.3,"nawab seekh corner north indian,kebab,rolls quick bites budget good low popularity"
LYFE Kitchen,1200,"Italian,Fast Food,Chinese,North Indian",Mumbai,Santacruz West,https://www.zomato.com/mumbai/lyfe-kitchen-santacruz-west/info,27,Quick Bites,12noon to 4am(Mon-Sun),Very Good,4.0,151.0,Santacruz,Expensive,Very Good,Moderately Popular,False,3.84,3.2,"lyfe kitchen italian,fast food,chinese,north indian quick bites expensive very good moderately popular"
London Bubble Co,400,"Desserts,Bubble Tea",Mumbai,Vile Parle East,https://www.zomato.com/mumbai/london-bubble-co-vile-parle-east/info,27,Dessert Parlor,11am to 1am(Mon-Sun),Good,3.6,36.0,Vile Parle,Budget,Good,Low Popularity,True,3.61,9.02,"london bubble co desserts,bubble tea dessert parlor budget good low popularity"
Melting Pot,2200,"North Indian,Mughlai,Chinese,Seafood",Mumbai,Juhu Residency Boutique Hotel-- Juhu,https://www.zomato.com/mumbai/melting-pot-juhu/info,27,Casual Dining,"12noon to 330pm,630pm to 1230AM(Mon-Sun)",Very Good,4.2,1194.0,Juhu,Premium,Very Good,Highly Popular,False,4.15,1.89,"melting pot north indian,mughlai,chinese,seafood casual dining premium very good highly popular"
Punjabi Fusion,400,"North Indian,Chinese",Mumbai,Near Andheri East Station,https://www.zomato.com/mumbai/punjabi-fusion-near-andheri-east-station/info,270,Quick Bites,10am to 1130pm(Mon-Sun),Average,3.1,85.0,Andheri,Budget,Average,Low Popularity,False,3.39,8.48,"punjabi fusion north indian,chinese quick bites budget average low popularity"
Misal Darbar,250,Maharashtrian,Mumbai,Near Andheri East Station,https://www.zomato.com/mumbai/misal-darbar-near-andheri-east-station/info,271,Quick Bites,10am to 10pm(Mon-Sun),Average,3.3,11.0,Andheri,Budget,Average,Low Popularity,False,3.58,14.32,misal darbar maharashtrian quick bites budget average low popularity
Waffle  N Shake,350,"Desserts,Beverages",Mumbai,Versova-- Andheri West,https://www.zomato.com/mumbai/waffle-n-shake-versova/info,272,Dessert Parlor,"8am to 12midnight(Mon,Wed,Fri,Sat,Sun),830am...",Good,3.7,36.0,Andheri,Budget,Good,Low Popularity,True,3.63,10.37,"waffle n shake desserts,beverages dessert parlor budget good low popularity"
SweetSmith,400,Desserts,Mumbai,Versova-- Andheri West,https://www.zomato.com/mumbai/sweetsmith-versova/info,273,Dessert Parlor,930am to 1130pm(Mon-Sun),Good,3.7,215.0,Andheri,Budget,Good,Moderately Popular,True,3.67,9.17,sweetsmith desserts dessert parlor budget good moderately popular
D Light Cake Shop,250,Bakery,Mumbai,7 Bungalows-- Andheri West,https://www.zomato.com/mumbai/d-light-cake-shop-7-bungalows/info,273,Bakery,9am to 12midnight(Mon-Sun),Average,3.3,8.0,Andheri,Budget,Average,Low Popularity,False,3.59,14.36,d light cake shop bakery bakery budget average low popularity
Cafe Kuttanad,300,"Kerala,South Indian",Mumbai,Santacruz East,https://www.zomato.com/mumbai/cafe-kuttanad-1-santacruz-east/info,274,Casual Dining,8am to 11pm(Mon-Sun),Average,3.1,67.0,Santacruz,Budget,Average,Low Popularity,False,3.42,11.4,"cafe kuttanad kerala,south indian casual dining budget average low popularity"
Dhiraj Special Sandwich,250,"Street Food,South Indian",Mumbai,Vile Parle West,https://www.zomato.com/mumbai/dhiraj-special-sandwich-vile-parle-west/info,274,Quick Bites,830am to 11pm(Mon-Sun),Good,3.9,184.0,Vile Parle,Budget,Good,Moderately Popular,True,3.79,15.16,"dhiraj special sandwich street food,south indian quick bites budget good moderately popular"
BakerHer,300,"Bakery,Desserts",Mumbai,Vile Parle West,https://www.zomato.com/mumbai/bakerher-vile-parle-west/info,274,Bakery,9am to 7pm(Mon-Sun),Very Good,4.1,193.0,Vile Parle,Budget,Very Good,Moderately Popular,True,3.92,13.07,"bakerher bakery,desserts bakery budget very good moderately popular"
Diet Café Day,450,"Cafe,Rolls,Sandwich,Burger,Fast Food",Mumbai,Versova-- Andheri West,https://www.zomato.com/mumbai/diet-café-day-versova/info,276,Café,9am to 12midnight(Mon-Sun),Average,3.3,7.0,Andheri,Budget,Average,Low Popularity,False,3.59,7.98,"diet café day cafe,rolls,sandwich,burger,fast food café budget average low popularity"
Flavor It Up,250,"Desserts,Italian,Fast Food",Mumbai,7 Bungalows-- Andheri West,https://www.zomato.com/mumbai/flavor-it-up-1-7-bungalows/info,277,none,"1230pm to 4pm,5pm to 12midnight(Mon-Sun)",Very Good,4.2,39.0,Andheri,Budget,Very Good,Low Popularity,True,3.77,15.08,"flavor it up desserts,italian,fast food none budget very good low popularity"
Sushi And More,700,"Japanese,Sushi",Mumbai,Juhu,https://www.zomato.com/mumbai/sushi-and-more-juhu/info,279,none,12noon to 10pm(Mon-Sun),Good,3.9,117.0,Juhu,Moderate,Good,Moderately Popular,True,3.76,5.37,"sushi and more japanese,sushi none moderate good moderately popular"
Cafe Savera,600,"Mughlai,Chinese,North Indian",Mumbai,Near Andheri West Station,https://www.zomato.com/mumbai/cafe-savera-near-andheri-west-station/info,279,Casual Dining,"7am to 12midnight(Mon,Tue,Wed,Thu,Sat,Sun)...",Average,3.4,96.0,Andheri,Moderate,Average,Low Popularity,False,3.51,5.85,"cafe savera mughlai,chinese,north indian casual dining moderate average low popularity"
Suyog Lunch Home,350,"Malwani,North Indian",Mumbai,Near Andheri East Station,https://www.zomato.com/mumbai/suyog-lunch-home-near-andheri-east-station/info,279,Quick Bites,"1130am to 330pm,730pm to 1130pm(Mon-Sun)",Good,3.6,45.0,Andheri,Budget,Good,Low Popularity,True,3.61,10.31,"suyog lunch home malwani,north indian quick bites budget good low popularity"
Kake Da Hotel,700,"North Indian,Mughlai",Mumbai,Pali Hill-- Bandra West,https://www.zomato.com/mumbai/kake-da-hotel-pali-hill-bandra-west/info,28,Casual Dining,11am to 1am(Mon-Sun),Very Good,4.1,141.0,Bandra,Moderate,Very Good,Moderately Popular,True,3.89,5.56,"kake da hotel north indian,mughlai casual dining moderate very good moderately popular"
The Happy Chef,800,"Mughlai,North Indian,Chinese,Kebab",Mumbai,Juhu,https://www.zomato.com/mumbai/the-happy-chef-juhu/info,28,none,"1130am to 330pm,7pm to 4am(Mon-Sun)",Very Good,4.3,266.0,Juhu,Moderate,Very Good,Moderately Popular,True,4.1,5.12,"the happy chef mughlai,north indian,chinese,kebab none moderate very good moderately popular"
Pakka Local Bar,1800,"North Indian,Chinese,Italian,Thai,Biryani",Mumbai,Near Andheri East Station,https://www.zomato.com/mumbai/pakka-local-bar-near-andheri-east-station/info,28,Casual Dining,12noon to 1am(Mon-Sun),Good,3.6,75.0,Andheri,Premium,Good,Low Popularity,False,3.61,2.01,"pakka local bar north indian,chinese,italian,thai,biryani casual dining premium good low popularity"
Mughal Deewan,550,"Mughlai,Chinese,North Indian",Mumbai,Andheri Lokhandwala-- Andheri West,https://www.zomato.com/mumbai/mughal-deewan-andheri-lokhandwala/info,28,Quick Bites,"1230pm to 4am(Mon,Tue,Wed,Thu,Fri,Sun),11am...",Good,3.8,229.0,Andheri,Moderate,Good,Moderately Popular,True,3.74,6.8,"mughal deewan mughlai,chinese,north indian quick bites moderate good moderately popular"
Occasion Cake Shop,400,"Bakery,Desserts",Mumbai,Santacruz East,https://www.zomato.com/mumbai/occasion-cake-shop-santacruz-east/info,280,Bakery,11am to 11pm(Mon-Sun),Good,3.5,12.0,Santacruz,Budget,Good,Low Popularity,True,3.6,9.0,"occasion cake shop bakery,desserts bakery budget good low popularity"
CookieMon,150,"Bakery,Desserts",Mumbai,Bandra East,https://www.zomato.com/mumbai/cookiemon-1-bandra-east/info,280,Bakery,11am to 10pm(Mon-Sun),Average,3.3,9.0,Bandra,Budget,Average,Low Popularity,False,3.59,23.93,"cookiemon bakery,desserts bakery budget average low popularity"
Shreedevi,550,"South Indian,North Indian,Chinese,Street Food,Beverages",Mumbai,Vile Parle West,https://www.zomato.com/mumbai/shreedevi-vile-parle-west/info,281,Quick Bites,9am to 12midnight(Mon-Sun),Good,3.6,98.0,Vile Parle,Moderate,Good,Low Popularity,True,3.61,6.56,"shreedevi south indian,north indian,chinese,street food,beverages quick bites moderate good low popularity"
Kabeela,800,"Biryani,North Indian,Chinese,Thai",Mumbai,Vile Parle East,https://www.zomato.com/mumbai/kabeela-vile-parle-east/info,281,Casual Dining,"1130am to 330pm,630pm to 12midnight(Mon-Sun)",Good,3.9,217.0,Vile Parle,Moderate,Good,Moderately Popular,True,3.8,4.75,"kabeela biryani,north indian,chinese,thai casual dining moderate good moderately popular"
Bombay Bizare Baker,400,"Desserts,Bakery",Mumbai,Pali Hill-- Bandra West,https://www.zomato.com/mumbai/bombay-bizare-baker-pali-hill-bandra-west/info,281,Dessert Parlor,8am to 8pm(Mon-Sun),Good,3.9,67.0,Bandra,Budget,Good,Low Popularity,True,3.72,9.3,"bombay bizare baker desserts,bakery dessert parlor budget good low popularity"
D'oh Boy,500,"Fast Food,Beverages",Mumbai,Santacruz West,https://www.zomato.com/mumbai/doh-boy-santacruz-west/info,284,Quick Bites,"11am to 11pm(Mon-Sat),1pm to 11pm(Sun)",Good,3.8,35.0,Santacruz,Budget,Good,Low Popularity,True,3.66,7.32,"d'oh boy fast food,beverages quick bites budget good low popularity"
The Tattva Café,600,"Continental,Healthy Food,Juices",Mumbai,Andheri Lokhandwala-- Andheri West,https://www.zomato.com/mumbai/the-tattva-café-andheri-lokhandwala/info,288,Casual Dining,9am to 12midnight(Mon-Sun),Average,3.4,10.0,Andheri,Moderate,Average,Low Popularity,False,3.59,5.98,"the tattva café continental,healthy food,juices casual dining moderate average low popularity"
Kababchi,700,"Fast Food,North Indian",Mumbai,Pali Hill-- Bandra West,https://www.zomato.com/mumbai/kababchi-pali-hill-bandra-west/info,288,Quick Bites,6pm to 12midnight(Mon-Sun),Good,3.7,29.0,Bandra,Moderate,Good,Low Popularity,True,3.63,5.19,"kababchi fast food,north indian quick bites moderate good low popularity"
Magical Unicorn Brownies,400,"Bakery,Desserts,Fast Food",Mumbai,Near Andheri West Station,https://www.zomato.com/mumbai/magical-unicorn-brownies-near-andheri-west-station/info,289,Quick Bites,9am to 10pm(Mon-Sun),Average,3.3,14.0,Andheri,Budget,Average,Low Popularity,False,3.58,8.95,"magical unicorn brownies bakery,desserts,fast food quick bites budget average low popularity"
Mister Vegan,200,"Ice Cream,Desserts",Mumbai,Vile Parle West,https://www.zomato.com/mumbai/mister-vegan-vile-parle-west/info,289,Dessert Parlor,11am to 11pm(Mon-Sun),Average,3.3,9.0,Vile Parle,Budget,Average,Low Popularity,False,3.59,17.95,"mister vegan ice cream,desserts dessert parlor budget average low popularity"
Pack-A-Pav,500,Street Food,Mumbai,Pali Hill-- Bandra West,https://www.zomato.com/mumbai/pack-a-pav-pali-hill-bandra-west/info,289,none,12noon to 12midnight(Mon-Sun),Very Good,4.2,409.0,Bandra,Budget,Very Good,Moderately Popular,True,4.08,8.16,pack-a-pav street food none budget very good moderately popular
Harish Lunch Home,800,"North Indian,Chinese,Seafood,Biryani",Mumbai,Vile Parle West,https://www.zomato.com/mumbai/harish-lunch-home-vile-parle-west/info,29,Casual Dining,12noon to 1230AM(Mon-Sun),Very Good,4.0,553.0,Vile Parle,Moderate,Very Good,Highly Popular,True,3.94,4.92,"harish lunch home north indian,chinese,seafood,biryani casual dining moderate very good highly popular"
Janata Lunch Home,900,"Chinese,North Indian",Mumbai,Pali Hill-- Bandra West,https://www.zomato.com/mumbai/janata-lunch-home-pali-hill-bandra-west/info,29,Casual Dining,12noon to 1am(Mon-Sun),Good,3.9,997.0,Bandra,Moderate,Good,Highly Popular,True,3.87,4.3,"janata lunch home chinese,north indian casual dining moderate good highly popular"
Go Biryan,600,"Biryani,North Indian,Mughlai",Mumbai,Andheri Lokhandwala-- Andheri West,https://www.zomato.com/mumbai/go-biryan-andheri-lokhandwala/info,29,Casual Dining,1130am to 330am(Mon-Sun),Very Good,4.2,1613.0,Andheri,Moderate,Very Good,Highly Popular,True,4.16,6.93,"go biryan biryani,north indian,mughlai casual dining moderate very good highly popular"
Caravan Serai,1550,North Indian,Mumbai,Linking Road-- Bandra West,https://www.zomato.com/mumbai/caravan-serai-linking-road-bandra-west/info,29,Casual Dining,"1130am to 330pm,7pm to 1am(Mon,Tue,Thu,Fri...",Good,3.9,1541.0,Bandra,Premium,Good,Highly Popular,False,3.88,2.5,caravan serai north indian casual dining premium good highly popular
Sukanya,550,"Chinese,North Indian,Seafood",Mumbai,Near Andheri East Station,https://www.zomato.com/mumbai/sukanya-near-andheri-east-station/info,290,Casual Dining,1030am to 1230AM(Mon-Sun),Good,3.7,40.0,Andheri,Moderate,Good,Low Popularity,True,3.64,6.62,"sukanya chinese,north indian,seafood casual dining moderate good low popularity"
Prakash Lunch Home,500,"North Indian,Chinese,Mughlai",Mumbai,Vile Parle West,https://www.zomato.com/mumbai/prakash-lunch-home-vile-parle-west/info,291,Casual Dining,1030am to 1am(Mon-Sun),Average,3.3,18.0,Vile Parle,Budget,Average,Low Popularity,False,3.57,7.14,"prakash lunch home north indian,chinese,mughlai casual dining budget average low popularity"
Litti Express Bihari Cuisine,500,Bihari,Mumbai,Oshiwara-- Andheri West,https://www.zomato.com/mumbai/litti-express-bihari-cuisine-oshiwara/info,291,Quick Bites,12noon to 4am(Mon-Sun),Average,3.4,28.0,Andheri,Budget,Average,Low Popularity,False,3.57,7.14,litti express bihari cuisine bihari quick bites budget average low popularity
Sunny Dhaba,600,"North Indian,Mughlai",Mumbai,Andheri Lokhandwala-- Andheri West,https://www.zomato.com/mumbai/sunny-dhaba-andheri-lokhandwala/info,291,Casual Dining,11am to 3am(Mon-Sun),Good,3.5,37.0,Andheri,Moderate,Good,Low Popularity,True,3.58,5.97,"sunny dhaba north indian,mughlai casual dining moderate good low popularity"
Origin Bubble Waffles,500,"Desserts,Cafe",Mumbai,Carter Road-- Bandra West,https://www.zomato.com/mumbai/origin-bubble-waffles-1-carter-road-bandra-west/info,291,Dessert Parlor,11am to 1230AM(Mon-Sun),Good,3.8,131.0,Bandra,Budget,Good,Moderately Popular,True,3.71,7.42,"origin bubble waffles desserts,cafe dessert parlor budget good moderately popular"
The Tamarind Tree,600,Chinese,Mumbai,Bandstand-- Bandra West,https://www.zomato.com/mumbai/the-tamarind-tree-bandstand-bandra-west/info,292,Casual Dining,1130am to 130am(Mon-Sun),Good,3.8,183.0,Bandra,Moderate,Good,Moderately Popular,True,3.73,6.22,the tamarind tree chinese casual dining moderate good moderately popular
Hotel Canara,550,"North Indian,Chinese,Seafood",Mumbai,Vile Parle West,https://www.zomato.com/mumbai/hotel-canara-vile-parle-west/info,292,Casual Dining,11am to 1230AM(Mon-Sun),Average,3.4,58.0,Vile Parle,Moderate,Average,Low Popularity,False,3.54,6.44,"hotel canara north indian,chinese,seafood casual dining moderate average low popularity"
Mother Trucker,700,"American,Mexican,Fast Food",Mumbai,Versova-- Andheri West,https://www.zomato.com/mumbai/mother-trucker-versova/info,292,none,130pm to 130am(Mon-Sun),Very Good,4.1,109.0,Andheri,Moderate,Very Good,Moderately Popular,True,3.86,5.51,"mother trucker american,mexican,fast food none moderate very good moderately popular"
ComboNation,500,"North Indian,Mughlai,Chinese",Mumbai,Andheri Lokhandwala-- Andheri West,https://www.zomato.com/mumbai/combonation-andheri-lokhandwala/info,292,none,"12noon to 330pm,7pm to 4am(Mon-Sun)",Very Good,4.0,259.0,Andheri,Budget,Very Good,Moderately Popular,True,3.88,7.76,"combonation north indian,mughlai,chinese none budget very good moderately popular"
Little China,400,"Chinese,North Indian",Mumbai,Near Andheri West Station,https://www.zomato.com/mumbai/little-china-near-andheri-west-station/info,293,Quick Bites,12noon to 2am(Mon-Sun),Average,3.2,12.0,Andheri,Budget,Average,Low Popularity,False,3.57,8.92,"little china chinese,north indian quick bites budget average low popularity"
Shaan E Darbar,900,"Chinese,North Indian",Mumbai,Bandra Talao-- Bandra West,https://www.zomato.com/mumbai/shaan-e-darbar-bandra-talao-bandra-west/info,293,Casual Dining,8am to 1230AM(Mon-Sun),Average,3.2,19.0,Bandra,Moderate,Average,Low Popularity,False,3.55,3.94,"shaan e darbar chinese,north indian casual dining moderate average low popularity"
High On Tea,600,"Cafe,Tea,Beverages",Mumbai,Pali Hill-- Bandra West,https://www.zomato.com/mumbai/high-on-tea-pali-hill-bandra-west/info,293,Café,12noon to 130am(Mon-Sun),Good,3.8,217.0,Bandra,Moderate,Good,Moderately Popular,True,3.74,6.23,"high on tea cafe,tea,beverages café moderate good moderately popular"
Shanghai Chinese Food,600,"Chinese,Seafood",Mumbai,Vile Parle East,https://www.zomato.com/mumbai/shanghai-chinese-food-vile-parle-east/info,295,Casual Dining,"Closed(Mon),12noon to 3pm,7pm to 1130pm(Tue-Sun)",Good,3.7,262.0,Vile Parle,Moderate,Good,Moderately Popular,True,3.67,6.12,"shanghai chinese food chinese,seafood casual dining moderate good moderately popular"
Guru Kirpa Punjabi Dhaba,600,"North Indian,Chinese,Mughlai",Mumbai,7 Bungalows-- Andheri West,https://www.zomato.com/mumbai/guru-kirpa-punjabi-dhaba-7-bungalows/info,295,Casual Dining,12noon to 12midnight(Mon-Sun),Good,3.7,125.0,Andheri,Moderate,Good,Moderately Popular,True,3.66,6.1,"guru kirpa punjabi dhaba north indian,chinese,mughlai casual dining moderate good moderately popular"
Vibe,600,"Healthy Food,Pizza,Sandwich",Mumbai,Pali Hill-- Bandra West,https://www.zomato.com/mumbai/vibe-pali-hill-bandra-west/info,296,none,8am to 12midnight(Mon-Sun),Very Good,4.2,221.0,Bandra,Moderate,Very Good,Moderately Popular,True,4.01,6.68,"vibe healthy food,pizza,sandwich none moderate very good moderately popular"
Huber & Holly,800,"Desserts,Fast Food,Beverages",Mumbai,Juhu,https://www.zomato.com/mumbai/huber-holly-juhu/info,3,Dessert Parlor,11am to 1230AM(Mon-Sun),Very Good,4.4,395.0,Juhu,Moderate,Very Good,Moderately Popular,True,4.23,5.29,"huber & holly desserts,fast food,beverages dessert parlor moderate very good moderately popular"
Smoke House Deli,1400,"European,Italian,Salad,American,Burger,Juices,Healthy Food,Cafe",Mumbai,Pali Hill-- Bandra West,https://www.zomato.com/SmokeHouseDeli-Pali/info,3,Casual Dining,7am to 1am(Mon-Sun),Excellent,4.7,3161.0,Bandra,Expensive,Excellent,Highly Popular,False,4.66,3.33,"smoke house deli european,italian,salad,american,burger,juices,healthy food,cafe casual dining expensive excellent highly popular"
HOP : House of Party,1600,"Finger Food,Continental,Asian,Bar Food,Desserts,Pizza",Mumbai,Andheri Lokhandwala-- Andheri West,https://www.zomato.com/mumbai/hop-house-of-party-andheri-lokhandwala/info,3,Bar,530pm to 130am(Mon-Sun),Excellent,4.5,1023.0,Andheri,Premium,Excellent,Highly Popular,False,4.41,2.76,"hop : house of party finger food,continental,asian,bar food,desserts,pizza bar premium excellent highly popular"
Jamjar Diner,1500,"American,Mexican,Italian,Burger,Salad,Healthy Food",Mumbai,Versova-- Andheri West,https://www.zomato.com/mumbai/jamjar-diner-versova/info,3,Casual Dining,"12midnight to 1am,9am to 12midnight(Mon-Sun)",Very Good,4.1,4675.0,Andheri,Expensive,Very Good,Highly Popular,False,4.09,2.73,"jamjar diner american,mexican,italian,burger,salad,healthy food casual dining expensive very good highly popular"
Fable,1400,"Italian,American,Salad,Desserts",Mumbai,Juhu,https://www.zomato.com/mumbai/fable-juhu/info,3,Casual Dining,9am to 130am(Mon-Sun),Very Good,4.1,2044.0,Juhu,Expensive,Very Good,Highly Popular,False,4.08,2.91,"fable italian,american,salad,desserts casual dining expensive very good highly popular"
Butter Chicken Factory,800,North Indian,Mumbai,Pali Hill-- Bandra West,https://www.zomato.com/mumbai/butter-chicken-factory-pali-hill-bandra-west/info,3,Casual Dining,"12noon to 359pm,7pm to 12midnight...",Very Good,4.4,2165.0,Bandra,Moderate,Very Good,Highly Popular,True,4.36,5.45,butter chicken factory north indian casual dining moderate very good highly popular
The Fatty Bao,1800,"Japanese,Sushi,Asian",Mumbai,Linking Road-- Bandra West,https://www.zomato.com/mumbai/the-fatty-bao-linking-road-bandra-west/info,3,Casual Dining,"12noon to 315pm,7pm to 1145pm,12midnight to ...",Very Good,4.3,1974.0,Bandra,Premium,Very Good,Highly Popular,False,4.26,2.37,"the fatty bao japanese,sushi,asian casual dining premium very good highly popular"
Country Biryani,1000,"Mughlai,North Indian,Chinese,Biryani",Mumbai,Oshiwara-- Andheri West,https://www.zomato.com/mumbai/country-biryani-oshiwara/info,30,Casual Dining,24,Good,3.6,62.0,Andheri,Moderate,Good,Low Popularity,True,3.61,3.61,"country biryani mughlai,north indian,chinese,biryani casual dining moderate good low popularity"
Fire Bowl,700,"Chinese,Seafood",Mumbai,Oshiwara-- Andheri West,https://www.zomato.com/mumbai/fire-bowl-oshiwara/info,30,Casual Dining,1130am to 1230AM(Mon-Sun),Skvělá volba,3.8,743.0,Andheri,Moderate,Good,Highly Popular,True,3.78,5.4,"fire bowl chinese,seafood casual dining moderate good highly popular"
Sip N Snack,1000,Cafe,Mumbai,Hotel Sun n Sand-- Juhu,https://www.zomato.com/mumbai/sip-n-snack-juhu/info,301,Café,10am to 630pm(Mon-Sun),Good,3.7,81.0,Juhu,Moderate,Good,Low Popularity,True,3.65,3.65,sip n snack cafe café moderate good low popularity
Chandu Halwai,200,Mithai,Mumbai,Linking Road-- Bandra West,https://www.zomato.com/mumbai/chandu-halwai-linking-road-bandra-west/info,301,Sweet Shop,8am to 830pm(Mon-Sun),Average,3.4,22.0,Bandra,Budget,Average,Low Popularity,False,3.58,17.9,chandu halwai mithai sweet shop budget average low popularity
Fruitozaa,400,"Juices,Healthy Food,Beverages,Fast Food",Mumbai,Andheri Lokhandwala-- Andheri West,https://www.zomato.com/mumbai/fruitozaa-andheri-lokhandwala/info,302,Quick Bites,11am to 11pm(Mon-Sun),Very Good,4.2,139.0,Andheri,Budget,Very Good,Moderately Popular,True,3.94,9.85,"fruitozaa juices,healthy food,beverages,fast food quick bites budget very good moderately popular"
Paresh Missal,100,Fast Food,Mumbai,Vile Parle East,https://www.zomato.com/mumbai/paresh-missal-vile-parle-east/info,302,Quick Bites,"8am to 3pm,5pm to 8pm(Mon-Sun)",Good,3.6,59.0,Vile Parle,Budget,Good,Low Popularity,True,3.61,36.1,paresh missal fast food quick bites budget good low popularity
Little Food Daily,600,"Continental,Healthy Food",Mumbai,Andheri Lokhandwala-- Andheri West,https://www.zomato.com/mumbai/little-food-daily-andheri-lokhandwala/info,303,Quick Bites,11am to 10pm(Mon-Sun),Good,3.8,125.0,Andheri,Moderate,Good,Moderately Popular,True,3.71,6.18,"little food daily continental,healthy food quick bites moderate good moderately popular"
Royal Meals and Hospitality LLP,400,North Indian,Mumbai,Near Andheri East Station,https://www.zomato.com/mumbai/royal-meals-and-hospitality-llp-near-andheri-east-station/info,303,none,10am to 830pm(Mon-Sun),Average,3.1,5.0,Andheri,Budget,Average,Low Popularity,False,3.59,8.98,royal meals and hospitality llp north indian none budget average low popularity
Cakes & Bytes,350,"Bakery,Desserts",Mumbai,Bandra East,https://www.zomato.com/mumbai/cakes-bytes-bandra-east/info,305,Dessert Parlor,10am to 12midnight(Mon-Sun),Average,3.2,13.0,Bandra,Budget,Average,Low Popularity,False,3.57,10.2,"cakes & bytes bakery,desserts dessert parlor budget average low popularity"
Maruti Pav Bhaji,250,Fast Food,Mumbai,Vile Parle West,https://www.zomato.com/mumbai/maruti-pav-bhaji-1-vile-parle-west/info,305,Quick Bites,730pm to 12midnight(Mon-Sun),Good,3.7,183.0,Vile Parle,Budget,Good,Moderately Popular,True,3.67,14.68,maruti pav bhaji fast food quick bites budget good moderately popular
Dezzert Adda,300,Desserts,Mumbai,Juhu,https://www.zomato.com/mumbai/dezzert-adda-juhu/info,306,Dessert Parlor,10am to 12midnight(Mon-Sun),Good,3.6,21.0,Juhu,Budget,Good,Low Popularity,True,3.61,12.03,dezzert adda desserts dessert parlor budget good low popularity
Golden Dragon,500,"Burmese,Chinese,Asian,Thai",Mumbai,Bandra East,https://www.zomato.com/mumbai/golden-dragon-bandra-east/info,308,Quick Bites,"1130am to 330pm,630pm to 1130pm(Mon-Sun)",Average,3.3,74.0,Bandra,Budget,Average,Low Popularity,False,3.49,6.98,"golden dragon burmese,chinese,asian,thai quick bites budget average low popularity"
Sai Kripa Bhelpuri House,150,"Fast Food,Street Food",Mumbai,Santacruz East,https://www.zomato.com/mumbai/sai-kripa-bhelpuri-house-santacruz-east/info,308,Quick Bites,9am to 10pm(Mon-Sun),Good,3.6,30.0,Santacruz,Budget,Good,Low Popularity,True,3.61,24.07,"sai kripa bhelpuri house fast food,street food quick bites budget good low popularity"
Diet House,250,Healthy Food,Mumbai,Near Andheri East Station,https://www.zomato.com/mumbai/diet-house-near-andheri-east-station/info,308,Quick Bites,10am to 7pm(Mon-Sun),Good,3.5,42.0,Andheri,Budget,Good,Low Popularity,True,3.58,14.32,diet house healthy food quick bites budget good low popularity
The Dessertarian,400,"Bakery,Desserts",Mumbai,Hill Road-- Bandra West,https://www.zomato.com/mumbai/the-dessertarian-1-hill-road-bandra-west/info,309,Bakery,12noon to 12midnight(Mon-Sun),Very Good,4.0,122.0,Bandra,Budget,Very Good,Moderately Popular,True,3.82,9.55,"the dessertarian bakery,desserts bakery budget very good moderately popular"
Jai Hind Lunch Home,850,"North Indian,Konkan,Seafood",Mumbai,Hill Road-- Bandra West,https://www.zomato.com/mumbai/jai-hind-lunch-home-1-hill-road-bandra-west/info,31,Casual Dining,"1130am to 330pm,730pm to 1245AM(Mon-Sun)",Very Good,4.1,473.0,Bandra,Moderate,Very Good,Moderately Popular,True,4.01,4.72,"jai hind lunch home north indian,konkan,seafood casual dining moderate very good moderately popular"
Prithvi Cafe,700,"Cafe,Fast Food",Mumbai,Juhu,https://www.zomato.com/mumbai/prithvi-cafe-juhu/info,31,Café,1030am to 1030pm(Mon-Sun),Very Good,4.4,8000.0,Juhu,Moderate,Very Good,Highly Popular,True,4.39,6.27,"prithvi cafe cafe,fast food café moderate very good highly popular"
Pappilon,900,"North Indian,South Indian,Chinese,Fast Food",Mumbai,Vile Parle West,https://www.zomato.com/mumbai/pappilon-vile-parle-west/info,31,Casual Dining,9am to 1am(Mon-Sun),Good,3.7,701.0,Vile Parle,Moderate,Good,Highly Popular,True,3.69,4.1,"pappilon north indian,south indian,chinese,fast food casual dining moderate good highly popular"
Giani's,300,"Desserts,Ice Cream,Beverages",Mumbai,Andheri Lokhandwala-- Andheri West,https://www.zomato.com/mumbai/gianis-andheri-lokhandwala/info,31,Dessert Parlor,12noon to 3am(Mon-Sun),Good,3.9,80.0,Andheri,Budget,Good,Low Popularity,True,3.73,12.43,"giani's desserts,ice cream,beverages dessert parlor budget good low popularity"
Red Pepper Co,500,"Chinese,North Indian,Thai,Seafood",Mumbai,Juhu,https://www.zomato.com/mumbai/red-pepper-co-juhu/info,31,none,"12midnight to 4am,7pm to 12midnight(Mon-Sun)",Good,3.9,105.0,Juhu,Budget,Good,Moderately Popular,True,3.75,7.5,"red pepper co chinese,north indian,thai,seafood none budget good moderately popular"
Nonya,1000,"Asian,Chinese",Mumbai,Near Andheri East Station,https://www.zomato.com/mumbai/nonya-near-andheri-east-station/info,310,Casual Dining,(Mon-Sun),Good,3.8,115.0,Andheri,Moderate,Good,Moderately Popular,True,3.71,3.71,"nonya asian,chinese casual dining moderate good moderately popular"
Pind Da Swad,400,North Indian,Mumbai,Bandra East,https://www.zomato.com/mumbai/pind-da-swad-bandra-east/info,311,none,"11am to 4pm,630pm to 1130pm(Mon-Sun)",Good,3.6,189.0,Bandra,Budget,Good,Moderately Popular,True,3.6,9.0,pind da swad north indian none budget good moderately popular
Vente Pa'Ca,650,"Continental,Chinese,Indian,North Indian,Pub Food,Salad",Mumbai,Versova-- Andheri West,https://www.zomato.com/mumbai/vente-paca-1-versova/info,311,Casual Dining,"4pm to 130am(Mon,Tue,Wed,Fri,Sat,Sun),4am...",Average,3.3,13.0,Andheri,Moderate,Average,Low Popularity,False,3.58,5.51,"vente pa'ca continental,chinese,indian,north indian,pub food,salad casual dining moderate average low popularity"
Créme De La Créme,500,Desserts,Mumbai,Santacruz West,https://www.zomato.com/mumbai/créme-de-la-créme-1-santacruz-west/info,312,Dessert Parlor,10am to 10pm(Mon-Sun),Average,3.4,12.0,Santacruz,Budget,Average,Low Popularity,False,3.59,7.18,créme de la créme desserts dessert parlor budget average low popularity
Moktu,250,"Tibetan,Fast Food",Mumbai,Infiniti Mall-- Andheri Lokhandwala-- Andheri West,https://www.zomato.com/mumbai/moktu-andheri-lokhandwala/info,313,Food Court,11am to 11pm(Mon-Sun),Good,3.7,94.0,Andheri,Budget,Good,Low Popularity,True,3.65,14.6,"moktu tibetan,fast food food court budget good low popularity"
Nityanand Restaurant,500,"Street Food,North Indian,South Indian",Mumbai,Santacruz East,https://www.zomato.com/mumbai/nityanand-restaurant-santacruz-east/info,313,Quick Bites,8am to 11pm(Mon-Sun),Average,3.0,146.0,Santacruz,Budget,Average,Moderately Popular,False,3.26,6.52,"nityanand restaurant street food,north indian,south indian quick bites budget average moderately popular"
One Fry Day,300,Fast Food,Mumbai,Versova-- Andheri West,https://www.zomato.com/mumbai/one-fry-day-versova/info,315,Quick Bites,1015am to 11pm(Mon-Sun),Dobrze,3.9,160.0,Andheri,Budget,Good,Moderately Popular,True,3.78,12.6,one fry day fast food quick bites budget good moderately popular
Hotel Karimi,400,"Chinese,Mughlai",Mumbai,Bandra East,https://www.zomato.com/mumbai/hotel-karimi-bandra-east/info,315,Quick Bites,12noon to 12midnight(Mon-Sun),Average,3.4,60.0,Bandra,Budget,Average,Low Popularity,False,3.54,8.85,"hotel karimi chinese,mughlai quick bites budget average low popularity"
Charcoal BBQ,600,"BBQ,Kebab,Fast Food,Rolls",Mumbai,Near Andheri West Station,https://www.zomato.com/mumbai/charcoal-bbq-near-andheri-west-station/info,317,Casual Dining,"1230pm to 1030pm(Mon-Sat),Closed(Sun)",Good,3.7,41.0,Andheri,Moderate,Good,Low Popularity,True,3.64,6.07,"charcoal bbq bbq,kebab,fast food,rolls casual dining moderate good low popularity"
Food King,450,"Chinese,Fast Food,North Indian,Mughlai,Beverages",Mumbai,Santacruz East,https://www.zomato.com/mumbai/food-king-santacruz-east/info,317,Casual Dining,11am to 12midnight(Mon-Sun),Good,3.6,100.0,Santacruz,Budget,Good,Moderately Popular,True,3.61,8.02,"food king chinese,fast food,north indian,mughlai,beverages casual dining budget good moderately popular"
Kishore Punjab,500,"North Indian,Chinese,Mughlai",Mumbai,Near Andheri East Station,https://www.zomato.com/mumbai/kishore-punjab-near-andheri-east-station/info,318,Casual Dining,11am to 1230AM(Mon-Sun),Good,3.5,40.0,Andheri,Budget,Good,Low Popularity,True,3.58,7.16,"kishore punjab north indian,chinese,mughlai casual dining budget good low popularity"
Mashhad Sheesha,400,"Lebanese,North Indian",Mumbai,Bandra Talao-- Bandra West,https://www.zomato.com/mumbai/mashhad-sheesha-bandra-talao-bandra-west/info,318,Casual Dining,11am to 130am(Mon-Sun),Good,3.5,35.0,Bandra,Budget,Good,Low Popularity,True,3.58,8.95,"mashhad sheesha lebanese,north indian casual dining budget good low popularity"
Executive Enclave,1500,Modern Indian,Mumbai,Pali Hill-- Bandra West,https://www.zomato.com/mumbai/executive-enclave-pali-hill-bandra-west/info,319,Casual Dining,"1230pm to 4pm,8pm to 1230AM(Mon-Sun)",Average,3.3,11.0,Bandra,Expensive,Average,Low Popularity,False,3.58,2.39,executive enclave modern indian casual dining expensive average low popularity
BKC Zaika,600,Chinese,Mumbai,Bandra East,https://www.zomato.com/mumbai/bkc-zaika-bandra-east/info,319,Casual Dining,"12noon to 330pm,6pm to 1230AM(Mon-Fri),6pm to ...",Average,3.3,13.0,Bandra,Moderate,Average,Low Popularity,False,3.58,5.97,bkc zaika chinese casual dining moderate average low popularity
Down Town,700,"North Indian,Kebab",Mumbai,7 Bungalows-- Andheri West,https://www.zomato.com/mumbai/down-town-7-bungalows/info,319,Casual Dining,4pm to 130am(Mon-Sun),Good,3.6,34.0,Andheri,Moderate,Good,Low Popularity,True,3.61,5.16,"down town north indian,kebab casual dining moderate good low popularity"
Big Binge Co.,500,"Fast Food,Italian,American,Continental",Mumbai,Vile Parle East,https://www.zomato.com/mumbai/big-binge-co-vile-parle-east/info,32,Quick Bites,11am to 4am(Mon-Sun),Very Good,4.3,202.0,Vile Parle,Budget,Very Good,Moderately Popular,True,4.06,8.12,"big binge co. fast food,italian,american,continental quick bites budget very good moderately popular"
Smiley Pops,300,"Desserts,Ice Cream,Beverages,Sandwich",Mumbai,Andheri Lokhandwala-- Andheri West,https://www.zomato.com/mumbai/smiley-pops-andheri-lokhandwala/info,32,Dessert Parlor,9am to 1am(Mon-Sun),Excellent,4.6,94.0,Andheri,Budget,Excellent,Low Popularity,True,4.07,13.57,"smiley pops desserts,ice cream,beverages,sandwich dessert parlor budget excellent low popularity"
Shree Laxmi Sagar,600,"South Indian,Fast Food,North Indian,Chinese",Mumbai,Vile Parle West,https://www.zomato.com/mumbai/shree-laxmi-sagar-vile-parle-west/info,32,Casual Dining,1145am to 130am(Mon-Sun),Good,3.7,222.0,Vile Parle,Moderate,Good,Moderately Popular,True,3.67,6.12,"shree laxmi sagar south indian,fast food,north indian,chinese casual dining moderate good moderately popular"
Lucky Biryani,800,"Mughlai,North Indian,Chinese,Biryani",Mumbai,Oshiwara-- Andheri West,https://www.zomato.com/mumbai/lucky-biryani-oshiwara/info,32,Casual Dining,12noon to 1230AM(Mon-Sun),Good,3.8,464.0,Andheri,Moderate,Good,Moderately Popular,True,3.76,4.7,"lucky biryani mughlai,north indian,chinese,biryani casual dining moderate good moderately popular"
Badshah Biryani,700,"Biryani,North Indian,Rolls,Mughlai",Mumbai,Andheri Lokhandwala-- Andheri West,https://www.zomato.com/mumbai/badshah-biryani-andheri-lokhandwala/info,32,none,"12noon to 4pm,630pm to 3am(Mon,Wed,Thu,Fri...",Very Good,4.2,43.0,Andheri,Moderate,Very Good,Low Popularity,True,3.78,5.4,"badshah biryani biryani,north indian,rolls,mughlai none moderate very good low popularity"
Mister Shake,600,Beverages,Mumbai,Vile Parle West,https://www.zomato.com/mumbai/mister-shake-vile-parle-west/info,320,Beverage Shop,11am to 1am(Mon-Sun),Good,3.8,165.0,Vile Parle,Moderate,Good,Moderately Popular,True,3.72,6.2,mister shake beverages beverage shop moderate good moderately popular
House 24,700,"Biryani,Chinese,North Indian,Rolls,Kebab",Mumbai,Versova-- Andheri West,https://www.zomato.com/mumbai/house--versova/info,321,none,12noon to 130am(Mon-Sun),Good,3.9,292.0,Andheri,Moderate,Good,Moderately Popular,True,3.82,5.46,"house 24 biryani,chinese,north indian,rolls,kebab none moderate good moderately popular"
Biryani Studio,500,"North Indian,Biryani",Mumbai,Andheri Lokhandwala-- Andheri West,https://www.zomato.com/mumbai/biryani-studio-andheri-lokhandwala/info,321,none,7pm to 4am(Mon-Sun),Good,3.9,73.0,Andheri,Budget,Good,Low Popularity,True,3.73,7.46,"biryani studio north indian,biryani none budget good low popularity"
Dad's Kitchen,600,"North Indian,Chinese",Mumbai,Near Andheri West Station,https://www.zomato.com/mumbai/dads-kitchen-near-andheri-west-station/info,321,none,"12noon to 4pm,6pm to 1am(Mon,Tue,Thu,Fri...",Average,3.4,130.0,Andheri,Moderate,Average,Moderately Popular,False,3.5,5.83,"dad's kitchen north indian,chinese none moderate average moderately popular"
Ice N Rolls,600,Fast Food,Mumbai,Andheri Lokhandwala-- Andheri West,https://www.zomato.com/mumbai/ice-n-rolls-andheri-lokhandwala/info,321,Quick Bites,"12midnight to 4am,8am to 12midnight(Mon-Sun)",Average,2.6,31.0,Andheri,Moderate,Average,Low Popularity,False,3.39,5.65,ice n rolls fast food quick bites moderate average low popularity
Butter Chicken Story,600,"North Indian,Fast Food,Desserts,Kebab",Mumbai,Oshiwara-- Andheri West,https://www.zomato.com/mumbai/butter-chicken-story-oshiwara/info,321,Quick Bites,12noon to 1am(Mon-Sun),Very Good,4.1,45.0,Andheri,Moderate,Very Good,Low Popularity,True,3.75,6.25,"butter chicken story north indian,fast food,desserts,kebab quick bites moderate very good low popularity"
Balaji Night Kitchen,500,"North Indian,Chinese,Fast Food",Mumbai,Oshiwara-- Andheri West,https://www.zomato.com/mumbai/balaji-night-kitchen-oshiwara/info,322,none,7pm to 3am(Mon-Sun),Average,3.4,25.0,Andheri,Budget,Average,Low Popularity,False,3.57,7.14,"balaji night kitchen north indian,chinese,fast food none budget average low popularity"
Toss & Grill,650,"Lebanese,North Indian",Mumbai,Andheri Lokhandwala-- Andheri West,https://www.zomato.com/mumbai/toss-grill-1-andheri-lokhandwala/info,324,Casual Dining,12noon to 12midnight(Mon-Sun),Good,3.7,51.0,Andheri,Moderate,Good,Low Popularity,True,3.64,5.6,"toss & grill lebanese,north indian casual dining moderate good low popularity"
Stella's Cuisine,250,"North Indian,Fast Food",Mumbai,Santacruz East,https://www.zomato.com/mumbai/stellas-cuisine-santacruz-east/info,324,none,5pm to 11pm(Mon-Sun),Good,3.5,44.0,Santacruz,Budget,Good,Low Popularity,True,3.58,14.32,"stella's cuisine north indian,fast food none budget good low popularity"
Arasa,500,"North Indian,Chinese,South Indian,Street Food,Beverages",Mumbai,Near Andheri East Station,https://www.zomato.com/mumbai/arasa-near-andheri-east-station/info,325,Casual Dining,730am to 1130pm(Mon-Sun),Good,3.5,106.0,Andheri,Budget,Good,Moderately Popular,True,3.56,7.12,"arasa north indian,chinese,south indian,street food,beverages casual dining budget good moderately popular"
The Khansaama,700,"Biryani,North Indian,Kebab,Mughlai",Mumbai,Oshiwara-- Andheri West,https://www.zomato.com/mumbai/the-khansaama-oshiwara/info,325,Casual Dining,"12noon to 330pm,7pm to 12midnight(Mon-Sun)",Good,3.8,169.0,Andheri,Moderate,Good,Moderately Popular,True,3.73,5.33,"the khansaama biryani,north indian,kebab,mughlai casual dining moderate good moderately popular"
Salt N Pepper,500,"Chinese,North Indian",Mumbai,Juhu,https://www.zomato.com/mumbai/salt-n-pepper-1-juhu/info,326,none,12noon to 12midnight(Mon-Sun),Average,3.3,11.0,Juhu,Budget,Average,Low Popularity,False,3.58,7.16,"salt n pepper chinese,north indian none budget average low popularity"
Lassi Te Parrontthe,350,"North Indian,Street Food",Mumbai,Carter Road-- Bandra West,https://www.zomato.com/mumbai/lassi-te-parrontthe-carter-road-bandra-west/info,326,Quick Bites,12noon to 12midnight(Mon-Sun),Good,3.9,533.0,Bandra,Budget,Good,Highly Popular,True,3.85,11.0,"lassi te parrontthe north indian,street food quick bites budget good highly popular"
Punjabi Thali & Combos,400,North Indian,Mumbai,Near Andheri East Station,https://www.zomato.com/mumbai/punjabi-thali-combos-near-andheri-east-station/info,328,Quick Bites,"1130am to 330pm,7pm to 11pm(Mon-Sun)",Average,3.1,28.0,Andheri,Budget,Average,Low Popularity,False,3.51,8.78,punjabi thali & combos north indian quick bites budget average low popularity
Eataeria,300,"Fast Food,Beverages",Mumbai,Carter Road-- Bandra West,https://www.zomato.com/mumbai/eataeria-carter-road-bandra-west/info,33,Quick Bites,12noon to 1230AM(Mon-Sun),Good,3.9,60.0,Bandra,Budget,Good,Low Popularity,True,3.71,12.37,"eataeria fast food,beverages quick bites budget good low popularity"
Pal's Fish Corner,850,"North Indian,Mughlai,Seafood,Rolls",Mumbai,Linking Road-- Bandra West,https://www.zomato.com/mumbai/pals-fish-corner-linking-road-bandra-west/info,33,Casual Dining,"12noon to 3pm,630pm to 130am(Mon-Sun)",Good,3.9,450.0,Bandra,Moderate,Good,Moderately Popular,True,3.84,4.52,"pal's fish corner north indian,mughlai,seafood,rolls casual dining moderate good moderately popular"
New Lucky,400,"North Indian,Mughlai,Chinese",Mumbai,Santacruz East,https://www.zomato.com/mumbai/new-lucky-santacruz-east/info,330,Quick Bites,9am to 12midnight(Mon-Sun),Average,3.3,7.0,Santacruz,Budget,Average,Low Popularity,False,3.59,8.98,"new lucky north indian,mughlai,chinese quick bites budget average low popularity"
Ambrosia's Kaka Kaki,400,"Fast Food,Biryani",Mumbai,Santacruz West,https://www.zomato.com/mumbai/ambrosias-kaka-kaki-santacruz-west/info,330,none,4pm to 10pm(Mon-Sun),Very Good,4.2,71.0,Santacruz,Budget,Very Good,Low Popularity,True,3.84,9.6,"ambrosia's kaka kaki fast food,biryani none budget very good low popularity"
Creme Je T’aime Cafe,800,"Italian,French,Bakery",Mumbai,Pali Hill-- Bandra West,https://www.zomato.com/mumbai/creme-je-taime-cafe-pali-hill-bandra-west/info,331,Casual Dining,7am to 11pm(Mon-Sun),Good,3.6,21.0,Bandra,Moderate,Good,Low Popularity,True,3.61,4.51,"creme je t’aime cafe italian,french,bakery casual dining moderate good low popularity"
Trendy Taste,700,Mithai,Mumbai,Vile Parle West,https://www.zomato.com/mumbai/trendy-taste-1-vile-parle-west/info,332,Sweet Shop,10am to 10pm(Mon-Sun),Average,3.1,7.0,Vile Parle,Moderate,Average,Low Popularity,False,3.58,5.11,trendy taste mithai sweet shop moderate average low popularity
Anand Dosa,150,South Indian,Mumbai,Bandra Talao-- Bandra West,https://www.zomato.com/mumbai/anand-dosa-bandra-talao-bandra-west/info,333,Quick Bites,"9am to 930pm(Mon-Sat),Closed(Sun)",Good,3.7,50.0,Bandra,Budget,Good,Low Popularity,True,3.64,24.27,anand dosa south indian quick bites budget good low popularity
Farhaad Restaurant,500,"Mughlai,Chinese",Mumbai,Versova-- Andheri West,https://www.zomato.com/mumbai/farhaad-restaurant-versova/info,333,Casual Dining,"11am to 12midnight(Mon),11am to 330pm,7pm to ...",Good,3.7,107.0,Andheri,Budget,Good,Moderately Popular,True,3.66,7.32,"farhaad restaurant mughlai,chinese casual dining budget good moderately popular"
Yummies,450,"North Indian,Chinese,Biryani",Mumbai,Carter Road-- Bandra West,https://www.zomato.com/mumbai/yummies-carter-road-bandra-west/info,333,Quick Bites,"9am to 12midnight(Mon-Sat),430pm to 11pm(Sun)",Good,3.8,271.0,Bandra,Budget,Good,Moderately Popular,True,3.75,8.33,"yummies north indian,chinese,biryani quick bites budget good moderately popular"
East Indian Fast Food,400,Chinese,Mumbai,Santacruz East,https://www.zomato.com/mumbai/east-indian-fast-food-santacruz-east/info,334,Quick Bites,9am to 1130pm(Mon-Sun),Good,3.5,26.0,Santacruz,Budget,Good,Low Popularity,True,3.59,8.98,east indian fast food chinese quick bites budget good low popularity
Daffodils Fast Food Inn,500,"North Indian,South Indian,Chinese",Mumbai,Vile Parle East,https://www.zomato.com/mumbai/daffodils-fast-food-inn-vile-parle-east/info,334,Quick Bites,8am to 12midnight(Mon-Sun),Average,3.4,137.0,Vile Parle,Budget,Average,Moderately Popular,False,3.49,6.98,"daffodils fast food inn north indian,south indian,chinese quick bites budget average moderately popular"
Wagh Bakri Tea Lounge,600,"Cafe,Tea,Desserts",Mumbai,Vile Parle East,https://www.zomato.com/mumbai/wagh-bakri-tea-lounge-vile-parle-east/info,335,Café,8am to 11pm(Mon-Sun),Good,3.7,284.0,Vile Parle,Moderate,Good,Moderately Popular,True,3.68,6.13,"wagh bakri tea lounge cafe,tea,desserts café moderate good moderately popular"
New Super Sweets,200,"Bakery,Desserts",Mumbai,Andheri Lokhandwala-- Andheri West,https://www.zomato.com/mumbai/new-super-sweets-andheri-lokhandwala/info,335,Bakery,8am to 12midnight(Mon-Sun),Good,3.8,93.0,Andheri,Budget,Good,Low Popularity,True,3.7,18.5,"new super sweets bakery,desserts bakery budget good low popularity"
The Mystery Kitchen,400,"Continental,Fast Food",Mumbai,Oshiwara-- Andheri West,https://www.zomato.com/mumbai/the-mystery-kitchen-oshiwara/info,34,none,730am to 4am(Mon-Sun),Good,3.8,18.0,Andheri,Budget,Good,Low Popularity,True,3.64,9.1,"the mystery kitchen continental,fast food none budget good low popularity"
PopWonMo,300,"American,Fast Food",Mumbai,Oshiwara-- Andheri West,https://www.zomato.com/mumbai/popwonmo-oshiwara/info,34,Quick Bites,"12noon to 5am(Mon,Thu,Fri,Sat),12noon to 3am...",Very Good,4.0,57.0,Andheri,Budget,Very Good,Low Popularity,True,3.74,12.47,"popwonmo american,fast food quick bites budget very good low popularity"
FiLLi,500,"Cafe,Fast Food",Mumbai,Andheri Lokhandwala-- Andheri West,https://www.zomato.com/mumbai/filli-andheri-lokhandwala/info,34,Café,"12midnight to 1am,91am to 12midnight...",Very Good,4.1,375.0,Andheri,Budget,Very Good,Moderately Popular,True,3.99,7.98,"filli cafe,fast food café budget very good moderately popular"
Ohanna's,600,"Seafood,Biryani,North Indian,Chinese,Hyderabadi,Mughlai,Lebanese,Asian",Mumbai,7 Bungalows-- Andheri West,https://www.zomato.com/mumbai/ohannas-7-bungalows/info,34,Quick Bites,"1130am to 4pm,7pm to 1230AM(Mon-Sun)",Good,3.9,217.0,Andheri,Moderate,Good,Moderately Popular,True,3.8,6.33,"ohanna's seafood,biryani,north indian,chinese,hyderabadi,mughlai,lebanese,asian quick bites moderate good moderately popular"
Dewano Daa Dhaba,900,"North Indian,Mughlai,Awadhi",Mumbai,Versova-- Andheri West,https://www.zomato.com/mumbai/dewano-daa-dhaba-versova/info,34,Casual Dining,12noon to 130am(Mon-Sun),Good,3.9,1025.0,Andheri,Moderate,Good,Highly Popular,True,3.87,4.3,"dewano daa dhaba north indian,mughlai,awadhi casual dining moderate good highly popular"
Safe,500,"Fast Food,North Indian,Biryani",Mumbai,Hill Road-- Bandra West,https://www.zomato.com/mumbai/safe-hill-road-bandra-west/info,340,Quick Bites,12noon to 930pm(Mon-Sun),Average,3.4,32.0,Bandra,Budget,Average,Low Popularity,False,3.56,7.12,"safe fast food,north indian,biryani quick bites budget average low popularity"
Coastal Goa,650,"Goan,North Indian,Chinese",Mumbai,Near Andheri East Station,https://www.zomato.com/mumbai/coastal-goa-near-andheri-east-station/info,340,Casual Dining,"11am to 330pm,7pm to 12midnight(Mon-Sun)",Good,3.6,78.0,Andheri,Moderate,Good,Low Popularity,True,3.61,5.55,"coastal goa goan,north indian,chinese casual dining moderate good low popularity"
Trupti Farsan & Sweets,200,"Desserts,Fast Food",Mumbai,Near Andheri West Station,https://www.zomato.com/mumbai/trupti-farsan-sweets-near-andheri-west-station/info,340,Quick Bites,7am to 830pm(Mon-Sun),Good,3.7,34.0,Andheri,Budget,Good,Low Popularity,True,3.63,18.15,"trupti farsan & sweets desserts,fast food quick bites budget good low popularity"
Momo Station,300,Tibetan,Mumbai,Carter Road-- Bandra West,https://www.zomato.com/mumbai/momo-station-1-carter-road-bandra-west/info,342,none,7pm to 1130pm(Mon-Sun),Good,3.8,45.0,Bandra,Budget,Good,Low Popularity,True,3.67,12.23,momo station tibetan none budget good low popularity
Sagar Kala Khatta,200,Ice Cream,Mumbai,Juhu Chowpatty-- Juhu,https://www.zomato.com/mumbai/sagar-kala-khatta-juhu/info,343,Dessert Parlor,930am to 1130pm(Mon-Sun),Good,3.5,15.0,Juhu,Budget,Good,Low Popularity,True,3.6,18.0,sagar kala khatta ice cream dessert parlor budget good low popularity
The Churro Co.,250,"Desserts,Bakery",Mumbai,Infiniti Mall-- Andheri Lokhandwala-- Andheri West,https://www.zomato.com/mumbai/the-churro-co-andheri-lokhandwala/info,344,Dessert Parlor,11am to 11pm(Mon-Sun),Good,3.6,19.0,Andheri,Budget,Good,Low Popularity,True,3.61,14.44,"the churro co. desserts,bakery dessert parlor budget good low popularity"
Hari Om Jalebiwala,100,"Desserts,Street Food",Mumbai,Vile Parle East,https://www.zomato.com/mumbai/hari-om-jalebiwala-vile-parle-east/info,346,Quick Bites,730am to 10pm(Mon-Sun),İyi,3.5,21.0,Vile Parle,Budget,Good,Low Popularity,True,3.59,35.9,"hari om jalebiwala desserts,street food quick bites budget good low popularity"
Hotel Mahesh,600,"North Indian,Chinese,Mughlai,Fast Food",Mumbai,Santacruz East,https://www.zomato.com/mumbai/hotel-mahesh-santacruz-east/info,346,Casual Dining,1130am to 11pm(Mon-Sun),Good,3.5,45.0,Santacruz,Moderate,Good,Low Popularity,True,3.58,5.97,"hotel mahesh north indian,chinese,mughlai,fast food casual dining moderate good low popularity"
Sarangi,450,"South Indian,North Indian,Chinese,Street Food,Beverages",Mumbai,Near Andheri East Station,https://www.zomato.com/mumbai/sarangi-near-andheri-east-station/info,347,Casual Dining,8am to 12midnight(Mon-Sun),Average,3.4,63.0,Andheri,Budget,Average,Low Popularity,False,3.53,7.84,"sarangi south indian,north indian,chinese,street food,beverages casual dining budget average low popularity"
Oye Teri,550,"Fast Food,Street Food",Mumbai,Andheri Lokhandwala-- Andheri West,https://www.zomato.com/mumbai/oye-teri-andheri-lokhandwala/info,347,none,9am to 10pm(Mon-Sun),Average,3.3,12.0,Andheri,Moderate,Average,Low Popularity,False,3.58,6.51,"oye teri fast food,street food none moderate average low popularity"
Mac Craig,550,"Fast Food,North Indian",Mumbai,Pali Hill-- Bandra West,https://www.zomato.com/mumbai/mac-craig-pali-hill-bandra-west/info,349,Quick Bites,"9am to 9pm(Mon,Wed,Thu,Fri,Sat,Sun),Closed...",Good,3.5,127.0,Bandra,Moderate,Good,Moderately Popular,True,3.55,6.45,"mac craig fast food,north indian quick bites moderate good moderately popular"
Zyka,600,"Chinese,North Indian",Mumbai,Andheri Lokhandwala-- Andheri West,https://www.zomato.com/mumbai/zyka-andheri-lokhandwala/info,35,Casual Dining,"12noon to 3pm,730pm to 2am(Mon-Sun)",Very Good,4.0,219.0,Andheri,Moderate,Very Good,Moderately Popular,True,3.87,6.45,"zyka chinese,north indian casual dining moderate very good moderately popular"
Tapri Shapri,400,"Chinese,Sandwich,Fast Food,Tea",Mumbai,Andheri Lokhandwala-- Andheri West,https://www.zomato.com/mumbai/tapri-shapri-andheri-lokhandwala/info,350,Quick Bites,7am to 7pm(Mon-Sun),Good,3.8,248.0,Andheri,Budget,Good,Moderately Popular,True,3.74,9.35,"tapri shapri chinese,sandwich,fast food,tea quick bites budget good moderately popular"
Mandarin House,500,"Chinese,Asian",Mumbai,Santacruz West,https://www.zomato.com/mumbai/mandarin-house-santacruz-west/info,351,Casual Dining,"1pm to 4pm,7pm to 12midnight(Mon-Sun)",Good,3.8,79.0,Santacruz,Budget,Good,Low Popularity,True,3.69,7.38,"mandarin house chinese,asian casual dining budget good low popularity"
Sridevi Veg Restaurant,550,"North Indian,Chinese,South Indian,Fast Food",Mumbai,Santacruz West,https://www.zomato.com/mumbai/sridevi-veg-restaurant-santacruz-west/info,352,Casual Dining,915am to 12midnight(Mon-Sun),Average,3.4,189.0,Santacruz,Moderate,Average,Moderately Popular,False,3.48,6.33,"sridevi veg restaurant north indian,chinese,south indian,fast food casual dining moderate average moderately popular"
Pit Stop Diner,700,"American,Fast Food,Pizza,Continental,Chinese",Mumbai,Versova-- Andheri West,https://www.zomato.com/mumbai/pit-stop-diner-versova/info,353,Casual Dining,"2pm to 12midnight(Mon,Wed,Thu,Fri,Sat,Sun)...",Good,3.5,44.0,Andheri,Moderate,Good,Low Popularity,True,3.58,5.11,"pit stop diner american,fast food,pizza,continental,chinese casual dining moderate good low popularity"
La Pizza,700,"Italian,Pizza,Salad,Fast Food,Continental",Mumbai,Oshiwara-- Andheri West,https://www.zomato.com/mumbai/la-pizza-oshiwara/info,353,none,7pm to 4am(Mon-Sun),Good,3.5,49.0,Andheri,Moderate,Good,Low Popularity,True,3.58,5.11,"la pizza italian,pizza,salad,fast food,continental none moderate good low popularity"
Night Veg Vrindavan,500,"North Indian,Chinese",Mumbai,Near Andheri West Station,https://www.zomato.com/mumbai/night-veg-vrindavan-near-andheri-west-station/info,356,none,7pm to 6am(Mon-Sun),Average,2.8,49.0,Andheri,Budget,Average,Low Popularity,False,3.36,6.72,"night veg vrindavan north indian,chinese none budget average low popularity"
Oven Crust,450,"Italian,Fast Food,Pizza,Desserts,Beverages",Mumbai,Oshiwara-- Andheri West,https://www.zomato.com/mumbai/oven-crust-oshiwara/info,356,Quick Bites,1230pm to 1230AM(Mon-Sun),Good,3.5,29.0,Andheri,Budget,Good,Low Popularity,True,3.59,7.98,"oven crust italian,fast food,pizza,desserts,beverages quick bites budget good low popularity"
Panda Xpress - Taste of Asia,400,Chinese,Mumbai,Andheri Lokhandwala-- Andheri West,https://www.zomato.com/mumbai/panda-xpress-taste-of-asia-andheri-lokhandwala/info,356,none,12noon to 1am(Mon-Sun),Good,3.5,14.0,Andheri,Budget,Good,Low Popularity,True,3.6,9.0,panda xpress - taste of asia chinese none budget good low popularity
Vinanjay,600,"Chinese,South Indian,North Indian,Mughlai",Mumbai,Santacruz East,https://www.zomato.com/mumbai/vinanjay-santacruz-east/info,356,Casual Dining,10am to 1am(Mon-Sun),Average,2.8,27.0,Santacruz,Moderate,Average,Low Popularity,False,3.45,5.75,"vinanjay chinese,south indian,north indian,mughlai casual dining moderate average low popularity"
Chetan Punjab,550,"North Indian,Chinese,Seafood,Mughlai",Mumbai,Santacruz East,https://www.zomato.com/mumbai/chetan-punjab-santacruz-east/info,357,Casual Dining,10am to 1230AM(Mon-Sun),Average,3.2,32.0,Santacruz,Moderate,Average,Low Popularity,False,3.52,6.4,"chetan punjab north indian,chinese,seafood,mughlai casual dining moderate average low popularity"
Global Malvani,700,"Malwani,Biryani,South Indian,Konkan,North Indian",Mumbai,Andheri Lokhandwala-- Andheri West,https://www.zomato.com/mumbai/global-malvani-andheri-lokhandwala/info,357,none,1215pm to 4am(Mon-Sun),Average,2.5,47.0,Andheri,Moderate,Average,Low Popularity,False,3.28,4.69,"global malvani malwani,biryani,south indian,konkan,north indian none moderate average low popularity"
Milan Punjab,600,"North Indian,Mangalorean,Seafood,Chinese",Mumbai,Near Andheri East Station,https://www.zomato.com/mumbai/milan-punjab-near-andheri-east-station/info,359,Quick Bites,11am to 1230AM(Mon-Sun),Average,2.9,16.0,Andheri,Moderate,Average,Low Popularity,False,3.52,5.87,"milan punjab north indian,mangalorean,seafood,chinese quick bites moderate average low popularity"
Laddu Seth Hotel,450,"North Indian,Fast Food,Chinese,South Indian",Mumbai,Near Andheri West Station,https://www.zomato.com/mumbai/laddu-seth-hotel-near-andheri-west-station/info,359,none,"12midnight to 5am,7pm to 12midnight(Mon-Sun)",Good,3.5,116.0,Andheri,Budget,Good,Moderately Popular,True,3.55,7.89,"laddu seth hotel north indian,fast food,chinese,south indian none budget good moderately popular"
Frank You Express,600,"Cafe,Mexican,Italian",Mumbai,Pali Hill-- Bandra West,https://www.zomato.com/mumbai/frank-you-express-pali-hill-bandra-west/info,359,Café,1230pm to 130am(Mon-Sun),Average,2.8,18.0,Bandra,Moderate,Average,Low Popularity,False,3.5,5.83,"frank you express cafe,mexican,italian café moderate average low popularity"
YumYumDilli,500,"North Indian,Desserts,Beverages",Mumbai,Oshiwara-- Andheri West,https://www.zomato.com/mumbai/yumyumdilli-oshiwara/info,359,none,8am to 2am(Mon-Sun),Good,3.7,88.0,Andheri,Budget,Good,Low Popularity,True,3.65,7.3,"yumyumdilli north indian,desserts,beverages none budget good low popularity"
Try Once,500,"North Indian,Chinese",Mumbai,Near Andheri West Station,https://www.zomato.com/mumbai/try-once-near-andheri-west-station/info,359,none,"12noon to 4pm,6pm to 1am(Mon-Sun)",Average,2.9,56.0,Andheri,Budget,Average,Low Popularity,False,3.37,6.74,"try once north indian,chinese none budget average low popularity"
China Gate,1800,"Chinese,Thai,Continental",Mumbai,Andheri Lokhandwala-- Andheri West,https://www.zomato.com/mumbai/china-gate-andheri-lokhandwala/info,36,Casual Dining,"12noon to 4pm,7pm to 1230AM(Mon-Sun)",Good,3.9,1064.0,Andheri,Premium,Good,Highly Popular,False,3.87,2.15,"china gate chinese,thai,continental casual dining premium good highly popular"
Peppr Pinch,800,"Mughlai,North Indian,Lebanese,Chinese,Fast Food",Mumbai,7 Bungalows-- Andheri West,https://www.zomato.com/mumbai/peppr-pinch-7-bungalows/info,36,Casual Dining,"12noon to 4pm,7pm to 1225AM(Mon-Sun)",Very Good,4.0,543.0,Andheri,Moderate,Very Good,Highly Popular,True,3.93,4.91,"peppr pinch mughlai,north indian,lebanese,chinese,fast food casual dining moderate very good highly popular"
Belovi De Café,600,"Cafe,Beverages,Healthy Food",Mumbai,Andheri Lokhandwala-- Andheri West,https://www.zomato.com/mumbai/belovi-de-café-andheri-lokhandwala/info,36,Café,"730pm to 3am(Mon),1pm to 3am(Tue-Sun)",Good,3.6,22.0,Andheri,Moderate,Good,Low Popularity,True,3.61,6.02,"belovi de café cafe,beverages,healthy food café moderate good low popularity"
Desitarian,400,"North Indian,Biryani,Chinese,Afghan",Mumbai,Oshiwara-- Andheri West,https://www.zomato.com/mumbai/desitarian-oshiwara/info,360,none,12noon to 4am(Mon-Sun),Good,3.9,115.0,Andheri,Budget,Good,Moderately Popular,True,3.76,9.4,"desitarian north indian,biryani,chinese,afghan none budget good moderately popular"
Parleshwar VadaPav Samrat,100,Fast Food,Mumbai,Vile Parle East,https://www.zomato.com/mumbai/parleshwar-vadapav-samrat-vile-parle-east/info,362,Quick Bites,11am to 10pm(Mon-Sun),Average,3.2,4.0,Vile Parle,Budget,Average,Low Popularity,False,3.6,36.0,parleshwar vadapav samrat fast food quick bites budget average low popularity
Pushparaj,500,"Chinese,North Indian,Seafood,Mughlai",Mumbai,Santacruz East,https://www.zomato.com/mumbai/pushparaj-santacruz-east/info,363,Casual Dining,11am to 12midnight(Mon-Sun),Good,3.5,18.0,Santacruz,Budget,Good,Low Popularity,True,3.6,7.2,"pushparaj chinese,north indian,seafood,mughlai casual dining budget good low popularity"
Prasadam Pure Veg Restaurant,450,"North Indian,Chinese,South Indian,Fast Food,Beverages",Mumbai,Near Andheri East Station,https://www.zomato.com/mumbai/prasadam-pure-veg-restaurant-near-andheri-east-station/info,363,Casual Dining,10am to 1130pm(Mon-Sun),Good,3.5,59.0,Andheri,Budget,Good,Low Popularity,True,3.57,7.93,"prasadam pure veg restaurant north indian,chinese,south indian,fast food,beverages casual dining budget good low popularity"
Chop 'S' tick,750,"Chinese,Seafood",Mumbai,Near Andheri West Station,https://www.zomato.com/mumbai/chop-s-tick-near-andheri-west-station/info,363,Casual Dining,"1130am to 3pm,6pm to 1130pm(Mon-Sun)",Average,3.4,42.0,Andheri,Moderate,Average,Low Popularity,False,3.55,4.73,"chop 's' tick chinese,seafood casual dining moderate average low popularity"
Heerson,150,Mithai,Mumbai,Vile Parle East,https://www.zomato.com/mumbai/heerson-vile-parle-east/info,364,Sweet Shop,9am to 9pm(Mon-Sun),Good,3.8,31.0,Vile Parle,Budget,Good,Low Popularity,True,3.65,24.33,heerson mithai sweet shop budget good low popularity
Cafe Garden,350,"Street Food,North Indian",Mumbai,Near Andheri East Station,https://www.zomato.com/mumbai/cafe-garden-near-andheri-east-station/info,364,Quick Bites,6am to 12midnight(Mon-Sun),Good,3.5,21.0,Andheri,Budget,Good,Low Popularity,True,3.59,10.26,"cafe garden street food,north indian quick bites budget good low popularity"
Food Tales,300,"Fast Food,Beverages",Mumbai,Vile Parle East,https://www.zomato.com/mumbai/food-tales-vile-parle-east/info,365,Quick Bites,"Closed(Mon),12noon to 1130pm(Tue-Sun)",Good,3.8,103.0,Vile Parle,Budget,Good,Moderately Popular,True,3.7,12.33,"food tales fast food,beverages quick bites budget good moderately popular"
The Yellow Cup,800,"Cafe,Healthy Food,Salad,Juices",Mumbai,Oshiwara-- Andheri West,https://www.zomato.com/mumbai/the-yellow-cup-oshiwara/info,365,Café,"Closed(Mon),11am to 12midnight(Tue-Sun)",Very Good,4.0,579.0,Andheri,Moderate,Very Good,Highly Popular,True,3.94,4.92,"the yellow cup cafe,healthy food,salad,juices café moderate very good highly popular"
Garam Masala Rest-O-Bar,550,"Chinese,North Indian,Biryani",Mumbai,Bandra East,https://www.zomato.com/mumbai/garam-masala-rest-o-bar-bandra-east/info,366,Casual Dining,12noon to 12midnight(Mon-Sun),Good,3.5,69.0,Bandra,Moderate,Good,Low Popularity,True,3.57,6.49,"garam masala rest-o-bar chinese,north indian,biryani casual dining moderate good low popularity"
Beingfit Kitchen,600,"Healthy Food,American,Continental",Mumbai,Oshiwara-- Andheri West,https://www.zomato.com/mumbai/beingfit-kitchen-oshiwara/info,367,none,2pm to 10pm(Mon-Sun),Good,3.6,35.0,Andheri,Moderate,Good,Low Popularity,True,3.61,6.02,"beingfit kitchen healthy food,american,continental none moderate good low popularity"
Garam Masala Rest-O-Bar,550,"Chinese,North Indian,Biryani",Mumbai,Bandra East,https://www.zomato.com/mumbai/garam-masala-rest-o-bar-bandra-east/info,367,Casual Dining,12noon to 12midnight(Mon-Sun),Good,3.5,69.0,Bandra,Moderate,Good,Low Popularity,True,3.57,6.49,"garam masala rest-o-bar chinese,north indian,biryani casual dining moderate good low popularity"
Taste of Paratha,300,North Indian,Mumbai,Vile Parle East,https://www.zomato.com/mumbai/taste-of-paratha-vile-parle-east/info,368,none,"12noon to 930pm(Mon,Wed,Thu,Fri,Sat,Sun)...",Good,3.5,202.0,Vile Parle,Budget,Good,Moderately Popular,True,3.54,11.8,taste of paratha north indian none budget good moderately popular
Guilt Trip,550,Desserts,Mumbai,Carter Road-- Bandra West,https://www.zomato.com/mumbai/guilt-trip-carter-road-bandra-west/info,37,Dessert Parlor,1030am to 1230AM(Mon-Sun),Very Good,4.2,1240.0,Bandra,Moderate,Very Good,Highly Popular,True,4.15,7.55,guilt trip desserts dessert parlor moderate very good highly popular
Not Justa Cafe,600,"North Indian,Mexican,Chinese,Italian",Mumbai,Vile Parle East,https://www.zomato.com/mumbai/not-justa-cafe-vile-parle-east/info,37,Café,11am to 1230AM(Mon-Sun),Very Good,4.1,348.0,Vile Parle,Moderate,Very Good,Moderately Popular,True,3.98,6.63,"not justa cafe north indian,mexican,chinese,italian café moderate very good moderately popular"
Beingfit Kitchen,600,"Healthy Food,American,Continental",Mumbai,Oshiwara-- Andheri West,https://www.zomato.com/mumbai/beingfit-kitchen-oshiwara/info,370,none,2pm to 10pm(Mon-Sun),Good,3.6,35.0,Andheri,Moderate,Good,Low Popularity,True,3.61,6.02,"beingfit kitchen healthy food,american,continental none moderate good low popularity"
Naz Baker's,400,"Bakery,Burger,Chinese,Fast Food",Mumbai,Pali Hill-- Bandra West,https://www.zomato.com/mumbai/naz-bakers-pali-hill-bandra-west/info,372,Bakery,6am to 11pm(Mon-Sun),Average,2.9,8.0,Bandra,Budget,Average,Low Popularity,False,3.56,8.9,"naz baker's bakery,burger,chinese,fast food bakery budget average low popularity"
Monsoon - The Chaat Corner,400,"Fast Food,Street Food,South Indian",Mumbai,Andheri Lokhandwala-- Andheri West,https://www.zomato.com/mumbai/monsoon-the-chaat-corner-andheri-lokhandwala/info,374,Quick Bites,11am to 11pm(Mon-Sun),Good,3.7,180.0,Andheri,Budget,Good,Moderately Popular,True,3.67,9.17,"monsoon - the chaat corner fast food,street food,south indian quick bites budget good moderately popular"
Jain Biscuit Centre,450,"Mithai,Fast Food",Mumbai,Near Andheri West Station,https://www.zomato.com/mumbai/jain-biscuit-centre-near-andheri-west-station/info,374,Sweet Shop,11am to 11pm(Mon-Sun),Average,3.4,12.0,Andheri,Budget,Average,Low Popularity,False,3.59,7.98,"jain biscuit centre mithai,fast food sweet shop budget average low popularity"
Rite On Coal,650,"North Indian,Seafood,Chinese",Mumbai,Santacruz East,https://www.zomato.com/mumbai/rite-on-coal-santacruz-east/info,375,Casual Dining,"12noon to 330pm,6pm to 1130pm(Mon-Sun)",Good,3.6,161.0,Santacruz,Moderate,Good,Moderately Popular,True,3.6,5.54,"rite on coal north indian,seafood,chinese casual dining moderate good moderately popular"
Swagat Dining Bar,900,"Seafood,North Indian,Chinese,Mughlai",Mumbai,Santacruz East,https://www.zomato.com/mumbai/swagat-dining-bar-santacruz-east/info,375,Casual Dining,11am to 12midnight(Mon-Sun),Good,3.6,141.0,Santacruz,Moderate,Good,Moderately Popular,True,3.61,4.01,"swagat dining bar seafood,north indian,chinese,mughlai casual dining moderate good moderately popular"
Sunder Veg Restaurant,450,"North Indian,South Indian,Chinese,Fast Food",Mumbai,Vile Parle East,https://www.zomato.com/mumbai/sunder-veg-restaurant-vile-parle-east/info,378,Casual Dining,8am to 12midnight(Mon-Sun),Good,3.6,27.0,Vile Parle,Budget,Good,Low Popularity,True,3.61,8.02,"sunder veg restaurant north indian,south indian,chinese,fast food casual dining budget good low popularity"
Desh Videsh,250,"Street Food,South Indian,Chinese,Fast Food,Beverages,Juices",Mumbai,Near Andheri East Station,https://www.zomato.com/mumbai/desh-videsh-near-andheri-east-station/info,379,Quick Bites,9am to 11pm(Mon-Sun),Average,3.1,554.0,Andheri,Budget,Average,Highly Popular,False,3.18,12.72,"desh videsh street food,south indian,chinese,fast food,beverages,juices quick bites budget average highly popular"
Gondola,1400,"Chinese,Continental,Seafood",Mumbai,Pali Hill-- Bandra West,https://www.zomato.com/mumbai/gondola-pali-hill-bandra-west/info,38,Casual Dining,"12noon to 4pm,7pm to 1230AM(Mon-Sun)",Good,3.9,445.0,Bandra,Expensive,Good,Moderately Popular,False,3.84,2.74,"gondola chinese,continental,seafood casual dining expensive good moderately popular"
Fat Choy,600,"Asian,Chinese,Thai",Mumbai,Santacruz West,https://www.zomato.com/mumbai/fat-choy-santacruz-west/info,38,Casual Dining,"11am to 4pm,7pm to 1230AM(Mon-Sun)",Very Good,4.0,485.0,Santacruz,Moderate,Very Good,Moderately Popular,True,3.93,6.55,"fat choy asian,chinese,thai casual dining moderate very good moderately popular"
Leavessence,300,Desserts,Mumbai,Pali Hill-- Bandra West,https://www.zomato.com/mumbai/leavessence-pali-hill-bandra-west/info,38,Dessert Parlor,12noon to 130am(Mon-Sun),Very Good,4.0,115.0,Bandra,Budget,Very Good,Moderately Popular,True,3.81,12.7,leavessence desserts dessert parlor budget very good moderately popular
KBN Kitchens,500,Awadhi,Mumbai,Andheri Lokhandwala-- Andheri West,https://www.zomato.com/mumbai/kbn-kitchens-1-andheri-lokhandwala/info,38,Quick Bites,1230pm to 130am(Mon-Sun),Good,3.8,124.0,Andheri,Budget,Good,Moderately Popular,True,3.71,7.42,kbn kitchens awadhi quick bites budget good moderately popular
Baikoz,600,"Seafood,Hyderabadi,North Indian,Kebab,Biryani",Mumbai,Oshiwara-- Andheri West,https://www.zomato.com/mumbai/baikoz-oshiwara/info,38,Casual Dining,12noon to 2am(Mon-Sun),Very Good,4.2,157.0,Andheri,Moderate,Very Good,Moderately Popular,True,3.96,6.6,"baikoz seafood,hyderabadi,north indian,kebab,biryani casual dining moderate very good moderately popular"
Luck ९ Kebab & Roti,500,"Awadhi,North Indian",Mumbai,Pali Hill-- Bandra West,https://www.zomato.com/mumbai/luck-kebab-roti-pali-hill-bandra-west/info,380,Quick Bites,6pm to 12midnight(Mon-Sun),Good,3.6,40.0,Bandra,Budget,Good,Low Popularity,True,3.61,7.22,"luck ९ kebab & roti awadhi,north indian quick bites budget good low popularity"
FreshYumms,400,"Salad,Healthy Food,Fast Food,Sandwich,Lebanese",Mumbai,Santacruz East,https://www.zomato.com/mumbai/freshyumms-santacruz-east/info,381,none,"9am to 8pm(Mon-Sat),Closed(Sun)",Good,3.6,42.0,Santacruz,Budget,Good,Low Popularity,True,3.61,9.02,"freshyumms salad,healthy food,fast food,sandwich,lebanese none budget good low popularity"
Siddhivinayak Tiffin,300,North Indian,Mumbai,Bandra East,https://www.zomato.com/mumbai/siddhivinayak-tiffin-bandra-east/info,382,Quick Bites,9am to 11pm(Mon-Sun),Average,3.4,32.0,Bandra,Budget,Average,Low Popularity,False,3.56,11.87,siddhivinayak tiffin north indian quick bites budget average low popularity
Rollacosta,500,"Burger,Fast Food,Italian,Lebanese,Rolls",Mumbai,7 Bungalows-- Andheri West,https://www.zomato.com/mumbai/rollacosta-7-bungalows/info,382,Quick Bites,11am to 1155pm(Mon-Sun),Good,3.7,285.0,Andheri,Budget,Good,Moderately Popular,True,3.68,7.36,"rollacosta burger,fast food,italian,lebanese,rolls quick bites budget good moderately popular"
Quantikit,500,"North Indian,Biryani",Mumbai,Hill Road-- Bandra West,https://www.zomato.com/mumbai/quantikit-hill-road-bandra-west/info,383,Quick Bites,"12noon to 3pm,7pm to 11pm(Mon-Sun)",Average,3.4,14.0,Bandra,Budget,Average,Low Popularity,False,3.59,7.18,"quantikit north indian,biryani quick bites budget average low popularity"
Shree Krishna Restaurant,500,Chinese,Mumbai,7 Bungalows-- Andheri West,https://www.zomato.com/mumbai/shree-krishna-restaurant-7-bungalows/info,384,Quick Bites,530pm to 12midnight(Mon-Sun),Average,3.1,5.0,Andheri,Budget,Average,Low Popularity,False,3.59,7.18,shree krishna restaurant chinese quick bites budget average low popularity
Nimantran,700,Gujarati,Mumbai,Vile Parle East,https://www.zomato.com/mumbai/nimantran-1-vile-parle-east/info,384,Quick Bites,"12noon to 3pm,7pm to 11pm(Mon-Sun)",Good,3.7,64.0,Vile Parle,Moderate,Good,Low Popularity,True,3.64,5.2,nimantran gujarati quick bites moderate good low popularity
Chinaar,550,"Chinese,North Indian,Mughlai",Mumbai,Bandra East,https://www.zomato.com/mumbai/chinaar-bandra-east/info,384,Casual Dining,10am to 12midnight(Mon-Sun),Good,3.6,198.0,Bandra,Moderate,Good,Moderately Popular,True,3.6,6.55,"chinaar chinese,north indian,mughlai casual dining moderate good moderately popular"
Golden Fork Restaurant,700,"Chinese,Seafood,Thai",Mumbai,Oshiwara-- Andheri West,https://www.zomato.com/mumbai/golden-fork-restaurant-oshiwara/info,384,Casual Dining,"12noon to 330pm,7pm to 12midnight(Mon-Sun)",Good,3.6,157.0,Andheri,Moderate,Good,Moderately Popular,True,3.6,5.14,"golden fork restaurant chinese,seafood,thai casual dining moderate good moderately popular"
Thodi Si Pait Pooja,200,"Fast Food,South Indian",Mumbai,Linking Road-- Bandra West,https://www.zomato.com/mumbai/thodi-si-pait-pooja-linking-road-bandra-west/info,385,Casual Dining,8am to 10pm(Mon-Sun),Good,3.5,13.0,Bandra,Budget,Good,Low Popularity,True,3.6,18.0,"thodi si pait pooja fast food,south indian casual dining budget good low popularity"
King Chilli Oriental Restaurant,650,"Chinese,Asian,Seafood",Mumbai,Santacruz East,https://www.zomato.com/mumbai/king-chilli-oriental-restaurant-santacruz-east/info,387,Casual Dining,12noon to 1130pm(Mon-Sun),Good,3.7,363.0,Santacruz,Moderate,Good,Moderately Popular,True,3.68,5.66,"king chilli oriental restaurant chinese,asian,seafood casual dining moderate good moderately popular"
UV Specials,600,"Bakery,Chinese",Mumbai,Pali Hill-- Bandra West,https://www.zomato.com/mumbai/uv-specials-pali-hill-bandra-west/info,389,none,"Closed(Mon),12noon to 12midnight(Tue-Sun)",Good,3.7,72.0,Bandra,Moderate,Good,Low Popularity,True,3.65,6.08,"uv specials bakery,chinese none moderate good low popularity"
Fruitkart,250,"Beverages,Healthy Food",Mumbai,Andheri Lokhandwala-- Andheri West,https://www.zomato.com/mumbai/fruitkart-andheri-lokhandwala/info,389,none,11am to 11pm(Mon-Sun),Good,3.6,25.0,Andheri,Budget,Good,Low Popularity,True,3.61,14.44,"fruitkart beverages,healthy food none budget good low popularity"
Green Chili,600,Chinese,Mumbai,Hill Road-- Bandra West,https://www.zomato.com/mumbai/green-chili-hill-road-bandra-west/info,389,none,"12noon to 4pm,7pm to 12midnight(Mon-Sun)",Good,3.7,126.0,Bandra,Moderate,Good,Moderately Popular,True,3.66,6.1,green chili chinese none moderate good moderately popular
Fuel Up,600,Fast Food,Mumbai,Andheri Lokhandwala-- Andheri West,https://www.zomato.com/mumbai/fuel-up-andheri-lokhandwala/info,39,Quick Bites,8am to 3am(Mon-Sun),Good,3.9,354.0,Andheri,Moderate,Good,Moderately Popular,True,3.83,6.38,fuel up fast food quick bites moderate good moderately popular
Mom's Magic Pizza And More,300,"Italian,Pizza,Fast Food",Mumbai,Near Andheri East Station,https://www.zomato.com/mumbai/moms-magic-pizza-and-more-near-andheri-east-station/info,39,Quick Bites,"11am to 1am(Mon,Tue,Wed,Thu,Fri,Sun),11am...",Good,3.7,99.0,Andheri,Budget,Good,Low Popularity,True,3.65,12.17,"mom's magic pizza and more italian,pizza,fast food quick bites budget good low popularity"
Safarnama,800,"American,Italian,Fast Food",Mumbai,Linking Road-- Bandra West,https://www.zomato.com/mumbai/safarnama-linking-road-bandra-west/info,39,Casual Dining,"1130am to 130am(Mon,Tue,Wed,Thu,Fri,Sun)...",Very Good,4.0,52.0,Bandra,Moderate,Very Good,Low Popularity,True,3.74,4.68,"safarnama american,italian,fast food casual dining moderate very good low popularity"
Rolls Royale,400,"Desserts,Ice Cream",Mumbai,Versova-- Andheri West,https://www.zomato.com/mumbai/rolls-royale-versova/info,39,Dessert Parlor,11am to 1am(Mon-Sun),Good,3.8,44.0,Andheri,Budget,Good,Low Popularity,True,3.67,9.17,"rolls royale desserts,ice cream dessert parlor budget good low popularity"
Pitchfork,1200,"Salad,European",Mumbai,Pali Hill-- Bandra West,https://www.zomato.com/mumbai/pitchfork-pali-hill-bandra-west/info,390,none,11am to 12midnight(Mon-Sun),Very Good,4.1,191.0,Bandra,Expensive,Very Good,Moderately Popular,False,3.92,3.27,"pitchfork salad,european none expensive very good moderately popular"
The Choice Food,200,"South Indian,Sandwich,Beverages,Fast Food",Mumbai,Vile Parle East,https://www.zomato.com/mumbai/the-choice-food-vile-parle-east/info,390,Quick Bites,830am to 1030pm(Mon-Sun),Average,3.1,9.0,Vile Parle,Budget,Average,Low Popularity,False,3.57,17.85,"the choice food south indian,sandwich,beverages,fast food quick bites budget average low popularity"
UV Specials,600,"Bakery,Chinese",Mumbai,Pali Hill-- Bandra West,https://www.zomato.com/mumbai/uv-specials-pali-hill-bandra-west/info,391,none,"Closed(Mon),12noon to 12midnight(Tue-Sun)",Good,3.7,72.0,Bandra,Moderate,Good,Low Popularity,True,3.65,6.08,"uv specials bakery,chinese none moderate good low popularity"
The Choice Food,200,"South Indian,Sandwich,Beverages,Fast Food",Mumbai,Vile Parle East,https://www.zomato.com/mumbai/the-choice-food-vile-parle-east/info,391,Quick Bites,830am to 1030pm(Mon-Sun),Average,3.1,9.0,Vile Parle,Budget,Average,Low Popularity,False,3.57,17.85,"the choice food south indian,sandwich,beverages,fast food quick bites budget average low popularity"
Cafe Corner,600,Cafe,Mumbai,Santacruz East,https://www.zomato.com/mumbai/cafe-corner-santacruz-east/info,393,Café,"11am to 11pm(Mon,Tue,Wed,Fri,Sat,Sun),Closed...",Good,3.6,47.0,Santacruz,Moderate,Good,Low Popularity,True,3.61,6.02,cafe corner cafe café moderate good low popularity
The French Affair,150,"Desserts,French,North Indian",Mumbai,Juhu,https://www.zomato.com/mumbai/the-french-affair-juhu/info,393,none,"10am to 9pm(Mon-Sat),Closed(Sun)",Good,3.7,35.0,Juhu,Budget,Good,Low Popularity,True,3.63,24.2,"the french affair desserts,french,north indian none budget good low popularity"
Sameer's Cafe,400,"Cafe,Fast Food",Mumbai,Versova-- Andheri West,https://www.zomato.com/mumbai/sameers-cafe-1-versova/info,395,Café,12noon to 1030pm(Mon-Sun),Good,3.5,22.0,Andheri,Budget,Good,Low Popularity,True,3.59,8.98,"sameer's cafe cafe,fast food café budget good low popularity"
Sai Sandwich,150,Fast Food,Mumbai,Bandra Talao-- Bandra West,https://www.zomato.com/mumbai/sai-sandwich-bandra-talao-bandra-west/info,396,Quick Bites,12noon to 10pm(Mon-Sun),Good,3.7,38.0,Bandra,Budget,Good,Low Popularity,True,3.63,24.2,sai sandwich fast food quick bites budget good low popularity
Summer Harvest,1000,"North Indian,Chinese,Maharashtrian,Seafood,Biryani,Fast Food",Mumbai,Vile Parle East,https://www.zomato.com/mumbai/summer-harvest-vile-parle-east/info,396,Casual Dining,"1130am to 330pm,630pm to 12midnight(Mon-Sun)",Good,3.8,307.0,Vile Parle,Moderate,Good,Moderately Popular,True,3.75,3.75,"summer harvest north indian,chinese,maharashtrian,seafood,biryani,fast food casual dining moderate good moderately popular"
Juices & More,300,"Juices,Fast Food",Mumbai,Carter Road-- Bandra West,https://www.zomato.com/mumbai/juices-more-carter-road-bandra-west/info,397,Beverage Shop,12noon to 12midnight(Mon-Sun),Good,3.6,14.0,Bandra,Budget,Good,Low Popularity,True,3.61,12.03,"juices & more juices,fast food beverage shop budget good low popularity"
Flambos,450,"Fast Food,Pizza,Sandwich",Mumbai,Vile Parle East,https://www.zomato.com/mumbai/flambos-vile-parle-east/info,398,Quick Bites,"10am to 11pm(Mon-Sat),230pm to 1015pm(Sun)",Good,3.7,103.0,Vile Parle,Budget,Good,Moderately Popular,True,3.65,8.11,"flambos fast food,pizza,sandwich quick bites budget good moderately popular"
Via Calcutta,400,Street Food,Mumbai,Oshiwara-- Andheri West,https://www.zomato.com/mumbai/via-calcutta-oshiwara/info,398,Quick Bites,3pm to 11pm(Mon-Sun),Good,3.6,84.0,Andheri,Budget,Good,Low Popularity,True,3.61,9.02,via calcutta street food quick bites budget good low popularity
Nirvaan - The Indian Kitchen,950,"North Indian,Rolls",Mumbai,Andheri Lokhandwala-- Andheri West,https://www.zomato.com/mumbai/nirvaan-the-indian-kitchen-andheri-lokhandwala/info,398,none,"1215pm to 3pm,7pm to 11pm(Mon-Sun)",Very Good,4.3,142.0,Andheri,Moderate,Very Good,Moderately Popular,True,4.0,4.21,"nirvaan - the indian kitchen north indian,rolls none moderate very good moderately popular"
Bowl Baby Bowl,800,"Asian,Chinese,Thai,Korean",Mumbai,Linking Road-- Bandra West,https://www.zomato.com/mumbai/bowl-baby-bowl-linking-road-bandra-west/info,399,none,12noon to 11pm(Mon-Sun),Good,3.9,80.0,Bandra,Moderate,Good,Low Popularity,True,3.73,4.66,"bowl baby bowl asian,chinese,thai,korean none moderate good low popularity"
Barrel & Co.,1800,"Continental,Italian,North Indian",Mumbai,Andheri Lokhandwala-- Andheri West,https://www.zomato.com/mumbai/barrel-co-andheri-lokhandwala/info,4,Casual Dining,"Closed(Mon),6pm to 130am(Tue-Sun)",Very Good,4.0,2090.0,Andheri,Premium,Very Good,Highly Popular,False,3.98,2.21,"barrel & co. continental,italian,north indian casual dining premium very good highly popular"
Lucky Restaurant,1300,"Mughlai,North Indian,Chinese",Mumbai,Hill Road-- Bandra West,https://www.zomato.com/mumbai/lucky-restaurant-hill-road-bandra-west/info,4,Quick Bites,9am to 1am(Mon-Sun),Good,3.9,2981.0,Bandra,Expensive,Good,Highly Popular,False,3.89,2.99,"lucky restaurant mughlai,north indian,chinese quick bites expensive good highly popular"
Mia Cucina,2000,Italian,Mumbai,Hill Road-- Bandra West,https://www.zomato.com/mumbai/mia-cucina-hill-road-bandra-west/info,4,Casual Dining,12noon to 1230AM(Mon-Sun),Excellent,4.5,229.0,Bandra,Premium,Excellent,Moderately Popular,False,4.21,2.1,mia cucina italian casual dining premium excellent moderately popular
Urban Tadka,1000,"North Indian,Mughlai",Mumbai,7 Bungalows-- Andheri West,https://www.zomato.com/mumbai/urban-tadka-1-7-bungalows/info,4,Casual Dining,1130am to 1am(Mon-Sun),Very Good,4.0,1769.0,Andheri,Moderate,Very Good,Highly Popular,True,3.98,3.98,"urban tadka north indian,mughlai casual dining moderate very good highly popular"
Cafe Kebabiz,300,Mughlai,Mumbai,Carter Road-- Bandra West,https://www.zomato.com/mumbai/cafe-kebabiz-carter-road-bandra-west/info,40,Quick Bites,5pm to 1am(Mon-Sun),Good,3.7,66.0,Bandra,Budget,Good,Low Popularity,True,3.64,12.13,cafe kebabiz mughlai quick bites budget good low popularity
Tequila Sunrise,1000,"Mexican,Italian,North Indian,Chinese,Seafood",Mumbai,Santacruz West,https://www.zomato.com/mumbai/tequila-sunrise-santacruz-west/info,40,Casual Dining,11am to 1am(Mon-Sun),Very Good,4.2,632.0,Santacruz,Moderate,Very Good,Highly Popular,True,4.11,4.11,"tequila sunrise mexican,italian,north indian,chinese,seafood casual dining moderate very good highly popular"
Loca Lucho,900,Mexican,Mumbai,Carter Road-- Bandra West,https://www.zomato.com/mumbai/loca-lucho-carter-road-bandra-west/info,40,none,"11am to 12midnight(Mon,Tue,Wed,Sun),11am to ...",Very Good,4.4,216.0,Bandra,Moderate,Very Good,Moderately Popular,True,4.13,4.59,loca lucho mexican none moderate very good moderately popular
Pabrai's Fresh and Naturelle Ice Creams,200,Ice Cream,Mumbai,Versova-- Andheri West,https://www.zomato.com/mumbai/pabrais-fresh-and-naturelle-ice-creams-versova/info,401,Dessert Parlor,"12noon to 11pm(Mon-Sat),12noon to 1am(Sun)",Very Good,4.1,116.0,Andheri,Budget,Very Good,Moderately Popular,True,3.86,19.3,pabrai's fresh and naturelle ice creams ice cream dessert parlor budget very good moderately popular
Welcome,400,"Chinese,Lebanese",Mumbai,Oshiwara-- Andheri West,https://www.zomato.com/mumbai/welcome-oshiwara/info,402,Quick Bites,11am to 1am(Mon-Sun),Average,3.1,5.0,Andheri,Budget,Average,Low Popularity,False,3.59,8.98,"welcome chinese,lebanese quick bites budget average low popularity"
Summer Garden,500,"Mughlai,Chinese",Mumbai,Santacruz West,https://www.zomato.com/mumbai/summer-garden-santacruz-west/info,405,Casual Dining,11am to 1am(Mon-Sun),Good,3.5,29.0,Santacruz,Budget,Good,Low Popularity,True,3.59,7.18,"summer garden mughlai,chinese casual dining budget good low popularity"
Fresh Juice Center & Snacks Fast Food,300,"Chinese,Fast Food,South Indian",Mumbai,Juhu,https://www.zomato.com/mumbai/fresh-juice-center-snacks-fast-food-juhu/info,406,Casual Dining,7am to 130am(Mon-Sun),Average,2.8,11.0,Juhu,Budget,Average,Low Popularity,False,3.54,11.8,"fresh juice center & snacks fast food chinese,fast food,south indian casual dining budget average low popularity"
The China House,600,"Chinese,Thai",Mumbai,Oshiwara-- Andheri West,https://www.zomato.com/mumbai/the-china-house-oshiwara/info,408,Quick Bites,7pm to 330am(Mon-Sun),Average,3.3,43.0,Andheri,Moderate,Average,Low Popularity,False,3.52,5.87,"the china house chinese,thai quick bites moderate average low popularity"
Meals 4 U,900,"North Indian,Chinese",Mumbai,Andheri Lokhandwala-- Andheri West,https://www.zomato.com/mumbai/meals-4-u-andheri-lokhandwala/info,408,none,"12noon to 3pm,7pm to 1am(Mon-Sun)",Average,3.1,21.0,Andheri,Moderate,Average,Low Popularity,False,3.53,3.92,"meals 4 u north indian,chinese none moderate average low popularity"
Kitchenette,500,"Healthy Food,Continental",Mumbai,Pali Hill-- Bandra West,https://www.zomato.com/mumbai/kitchenette-1-pali-hill-bandra-west/info,408,none,"8am to 4pm,7pm to 3am(Mon-Sun)",Average,3.4,23.0,Bandra,Budget,Average,Low Popularity,False,3.57,7.14,"kitchenette healthy food,continental none budget average low popularity"
Sea Shells,400,"Seafood,North Indian,Chinese,Malwani,Mughlai,Thai",Mumbai,Pali Hill-- Bandra West,https://www.zomato.com/mumbai/sea-shells-pali-hill-bandra-west/info,409,Casual Dining,1130am to 1am(Mon-Sun),Average,3.1,8.0,Bandra,Budget,Average,Low Popularity,False,3.58,8.95,"sea shells seafood,north indian,chinese,malwani,mughlai,thai casual dining budget average low popularity"
Midnight Bites,700,"Chinese,Fast Food",Mumbai,Juhu,https://www.zomato.com/mumbai/midnight-bites-juhu/info,409,Quick Bites,9pm to 4am(Mon-Sun),Average,3.2,15.0,Juhu,Moderate,Average,Low Popularity,False,3.56,5.09,"midnight bites chinese,fast food quick bites moderate average low popularity"
Ministry Of Games,650,"Cafe,Desserts",Mumbai,Versova-- Andheri West,https://www.zomato.com/mumbai/ministry-of-games-versova/info,41,Café,11am to 1am(Mon-Sun),Very Good,4.3,25.0,Andheri,Moderate,Very Good,Low Popularity,True,3.74,5.75,"ministry of games cafe,desserts café moderate very good low popularity"
Quarterdeck,1600,"North Indian,South Indian,Chinese,Seafood",Mumbai,Versova-- Andheri West,https://www.zomato.com/mumbai/quarterdeck-versova/info,41,Bar,12noon to 130am(Mon-Sun),Good,3.7,219.0,Andheri,Premium,Good,Moderately Popular,False,3.67,2.29,"quarterdeck north indian,south indian,chinese,seafood bar premium good moderately popular"
Bhaijaanz,900,"Mughlai,North Indian,Chinese",Mumbai,Carter Road-- Bandra West,https://www.zomato.com/mumbai/bhaijaanz-carter-road-bandra-west/info,41,Casual Dining,1130am to 230am(Mon-Sun),Good,3.8,1116.0,Bandra,Moderate,Good,Highly Popular,True,3.78,4.2,"bhaijaanz mughlai,north indian,chinese casual dining moderate good highly popular"
Taste of North,400,North Indian,Mumbai,Versova-- Andheri West,https://www.zomato.com/mumbai/taste-of-north-versova/info,410,none,"12midnight to 1am,7pm to 12midnight(Mon,Wed...",Good,3.8,38.0,Andheri,Budget,Good,Low Popularity,True,3.66,9.15,taste of north north indian none budget good low popularity
La Frux,500,"Healthy Food,Juices",Mumbai,Andheri Lokhandwala-- Andheri West,https://www.zomato.com/mumbai/la-frux-andheri-lokhandwala/info,410,none,24,Average,3.3,10.0,Andheri,Budget,Average,Low Popularity,False,3.59,7.18,"la frux healthy food,juices none budget average low popularity"
Hotel Laxman,300,"North Indian,Chinese",Mumbai,Oshiwara-- Andheri West,https://www.zomato.com/mumbai/hotel-laxman-oshiwara/info,410,Quick Bites,1130am to 1230AM(Mon-Sun),Average,3.0,4.0,Andheri,Budget,Average,Low Popularity,False,3.59,11.97,"hotel laxman north indian,chinese quick bites budget average low popularity"
Andy's Kitchen,750,"Biryani,Indian,Italian,Burger,Wraps,Kebab,Pizza",Mumbai,Carter Road-- Bandra West,https://www.zomato.com/mumbai/andys-kitchen-carter-road-bandra-west/info,411,Quick Bites,"12noon to 12midnight(Mon,Tue,Wed,Thu,Sun)...",Good,3.9,164.0,Bandra,Moderate,Good,Moderately Popular,True,3.78,5.04,"andy's kitchen biryani,indian,italian,burger,wraps,kebab,pizza quick bites moderate good moderately popular"
Times Of Asia,500,Chinese,Mumbai,Versova-- Andheri West,https://www.zomato.com/mumbai/times-of-asia-versova/info,411,none,"12noon to 330pm,630pm to 12midnight...",Average,3.3,20.0,Andheri,Budget,Average,Low Popularity,False,3.56,7.12,times of asia chinese none budget average low popularity
L' Dorado- Bar Bank,600,"American,Mexican",Mumbai,Bar Bank-- Juhu,https://www.zomato.com/mumbai/l-dorado-bar-bank-juhu/info,411,Food Truck,12noon to 1am(Mon-Sun),Average,3.4,14.0,Juhu,Moderate,Average,Low Popularity,False,3.59,5.98,"l' dorado- bar bank american,mexican food truck moderate average low popularity"
The Kebab Guy,500,"North Indian,Middle Eastern,Indian,Kebab",Mumbai,Juhu,https://www.zomato.com/mumbai/the-kebab-guy-juhu/info,411,Quick Bites,"12midnight to 1230AM,12noon to 4pm,7pm to ...",Good,3.7,27.0,Juhu,Budget,Good,Low Popularity,True,3.63,7.26,"the kebab guy north indian,middle eastern,indian,kebab quick bites budget good low popularity"
Phat Fork- Bar Bank,600,"Chinese,Asian",Mumbai,Bar Bank-- Juhu,https://www.zomato.com/mumbai/phat-fork-bar-bank-juhu/info,412,Food Truck,12noon to 1am(Mon-Sun),Average,3.4,19.0,Juhu,Moderate,Average,Low Popularity,False,3.58,5.97,"phat fork- bar bank chinese,asian food truck moderate average low popularity"
Swadish,750,"North Indian,Chinese",Mumbai,Santacruz West,https://www.zomato.com/mumbai/swadish-santacruz-west/info,412,none,7pm to 4am(Mon-Sun),Very Good,4.2,32.0,Santacruz,Moderate,Very Good,Low Popularity,True,3.74,4.99,"swadish north indian,chinese none moderate very good low popularity"
Night Spice,600,"North Indian,Chinese,Mughlai,Fast Food",Mumbai,Oshiwara-- Andheri West,https://www.zomato.com/mumbai/night-spice-oshiwara/info,412,Quick Bites,"7pm to 3am(Mon,Tue,Wed,Thu,Sun),7pm to 4am...",Good,3.6,294.0,Andheri,Moderate,Good,Moderately Popular,True,3.6,6.0,"night spice north indian,chinese,mughlai,fast food quick bites moderate good moderately popular"
Red Chilly,300,Chinese,Mumbai,Near Andheri East Station,https://www.zomato.com/mumbai/red-chilly-near-andheri-east-station/info,415,none,12noon to 330am(Mon-Sun),Average,2.9,128.0,Andheri,Budget,Average,Moderately Popular,False,3.23,10.77,red chilly chinese none budget average moderately popular
Exotic Foods,500,"Biryani,Fast Food,North Indian,Chinese,Mughlai",Mumbai,Juhu,https://www.zomato.com/mumbai/exotic-foods-juhu/info,416,Casual Dining,11am to 1230AM(Mon-Sun),Average,2.7,17.0,Juhu,Budget,Average,Low Popularity,False,3.49,6.98,"exotic foods biryani,fast food,north indian,chinese,mughlai casual dining budget average low popularity"
Treat Fast Food Center,600,"North Indian,Chinese",Mumbai,Near Andheri East Station,https://www.zomato.com/mumbai/treat-fast-food-center-near-andheri-east-station/info,416,Quick Bites,10am to 1am(Mon-Sun),Average,2.9,27.0,Andheri,Moderate,Average,Low Popularity,False,3.47,5.78,"treat fast food center north indian,chinese quick bites moderate average low popularity"
Raat Ki Rasoi,500,"Biryani,Chinese,Kebab,North Indian,Rolls",Mumbai,Andheri Lokhandwala-- Andheri West,https://www.zomato.com/mumbai/raat-ki-rasoi-andheri-lokhandwala/info,416,none,6pm to 4am(Mon-Sun),Very Good,4.2,199.0,Andheri,Budget,Very Good,Moderately Popular,True,3.99,7.98,"raat ki rasoi biryani,chinese,kebab,north indian,rolls none budget very good moderately popular"
Fast Food @149,200,Fast Food,Mumbai,Near Andheri West Station,https://www.zomato.com/mumbai/fast-food-@149-near-andheri-west-station/info,417,none,1230pm to 130am(Mon-Sun),Average,3.0,18.0,Andheri,Budget,Average,Low Popularity,False,3.53,17.65,fast food @149 fast food none budget average low popularity
Cafe Milan,250,"North Indian,Chinese",Mumbai,Bandra Talao-- Bandra West,https://www.zomato.com/mumbai/cafe-milan-bandra-talao-bandra-west/info,417,Casual Dining,6am to 1am(Mon-Sun),Average,3.0,22.0,Bandra,Budget,Average,Low Popularity,False,3.51,14.04,"cafe milan north indian,chinese casual dining budget average low popularity"
What In Kitchen,250,"North Indian,Chinese,Mughlai",Mumbai,Andheri Lokhandwala-- Andheri West,https://www.zomato.com/mumbai/what-in-kitchen-andheri-lokhandwala/info,419,Quick Bites,8pm to 4am(Mon-Sun),Average,3.2,6.0,Andheri,Budget,Average,Low Popularity,False,3.59,14.36,"what in kitchen north indian,chinese,mughlai quick bites budget average low popularity"
Yari Zaikaa,350,"Mughlai,North Indian",Mumbai,Versova-- Andheri West,https://www.zomato.com/mumbai/yari-zaikaa-versova/info,42,Quick Bites,4pm to 1230AM(Mon-Sun),Good,3.7,222.0,Andheri,Budget,Good,Moderately Popular,True,3.67,10.49,"yari zaikaa mughlai,north indian quick bites budget good moderately popular"
Grandmama's Cafe,1500,"Cafe,American,Desserts",Mumbai,Juhu,https://www.zomato.com/mumbai/grandmamas-cafe-juhu/info,42,Café,9am to 12midnight(Mon-Sun),Very Good,4.1,3338.0,Juhu,Expensive,Very Good,Highly Popular,False,4.08,2.72,"grandmama's cafe cafe,american,desserts café expensive very good highly popular"
Ooolala: All Day Cafe & Bar,1400,"Chinese,Continental,Italian",Mumbai,Andheri Lokhandwala-- Andheri West,https://www.zomato.com/mumbai/ooolala-all-day-cafe-bar-andheri-lokhandwala/info,42,Casual Dining,3pm to 1am(Mon-Sun),Very Good,4.1,150.0,Andheri,Expensive,Very Good,Moderately Popular,False,3.89,2.78,"ooolala: all day cafe & bar chinese,continental,italian casual dining expensive very good moderately popular"
Schezwan Finger,500,"Chinese,Thai",Mumbai,Versova-- Andheri West,https://www.zomato.com/mumbai/schezwan-finger-versova/info,420,Quick Bites,11am to 1230AM(Mon-Sun),Average,3.0,4.0,Andheri,Budget,Average,Low Popularity,False,3.59,7.18,"schezwan finger chinese,thai quick bites budget average low popularity"
Wooden Spoon,300,"North Indian,Chinese",Mumbai,Versova-- Andheri West,https://www.zomato.com/mumbai/wooden-spoon-versova/info,420,none,11am to 3am(Mon-Sun),Average,3.0,13.0,Andheri,Budget,Average,Low Popularity,False,3.55,11.83,"wooden spoon north indian,chinese none budget average low popularity"
MEX IT AL,400,"Mexican,Italian,Continental",Mumbai,Pali Hill-- Bandra West,https://www.zomato.com/mumbai/mex-it-al-pali-hill-bandra-west/info,421,Quick Bites,1130am to 1am(Mon-Sun),Average,3.3,12.0,Bandra,Budget,Average,Low Popularity,False,3.58,8.95,"mex it al mexican,italian,continental quick bites budget average low popularity"
Tip Top Kitchen,500,"North Indian,Chinese",Mumbai,Vile Parle East,https://www.zomato.com/mumbai/tip-top-kitchen-vile-parle-east/info,421,Quick Bites,"Closed(Mon),12noon to 330pm,7pm to 330am...",Average,3.2,42.0,Vile Parle,Budget,Average,Low Popularity,False,3.5,7.0,"tip top kitchen north indian,chinese quick bites budget average low popularity"
Top Pizza,300,"Italian,Fast Food,Pizza",Mumbai,Near Andheri East Station,https://www.zomato.com/mumbai/top-pizza-near-andheri-east-station/info,422,none,12noon to 330am(Mon-Sun),Average,2.7,77.0,Andheri,Budget,Average,Low Popularity,False,3.24,10.8,"top pizza italian,fast food,pizza none budget average low popularity"
Express Thali,300,North Indian,Mumbai,Near Andheri East Station,https://www.zomato.com/mumbai/express-thali-near-andheri-east-station/info,422,none,12noon to 330am(Mon-Sun),Average,2.9,50.0,Andheri,Budget,Average,Low Popularity,False,3.39,11.3,express thali north indian none budget average low popularity
Fresco Bakery,200,"Bakery,Desserts",Mumbai,Juhu,https://www.zomato.com/mumbai/fresco-bakery-juhu/info,423,Bakery,6am to 9pm(Mon-Sun),Good,3.9,84.0,Juhu,Budget,Good,Low Popularity,True,3.74,18.7,"fresco bakery bakery,desserts bakery budget good low popularity"
Vrindavan,550,"Chinese,North Indian,Seafood,Biryani",Mumbai,Near Andheri East Station,https://www.zomato.com/mumbai/vrindavan-near-andheri-east-station/info,424,Casual Dining,11am to 12midnight(Mon-Sun),Good,3.5,46.0,Andheri,Moderate,Good,Low Popularity,True,3.58,6.51,"vrindavan chinese,north indian,seafood,biryani casual dining moderate good low popularity"
Vella's-The Food House,500,North Indian,Mumbai,Near Andheri East Station,https://www.zomato.com/mumbai/vellas-the-food-house-near-andheri-east-station/info,425,Casual Dining,"12noon to 4pm,7pm to 12midnight(Mon-Sun)",Good,3.7,32.0,Andheri,Budget,Good,Low Popularity,True,3.63,7.26,vella's-the food house north indian casual dining budget good low popularity
Shiv Shankar Chat Bhandar,250,Street Food,Mumbai,Andheri Lokhandwala-- Andheri West,https://www.zomato.com/mumbai/shiv-shankar-chat-bhandar-andheri-lokhandwala/info,425,Quick Bites,11am to 1030pm(Mon-Sun),Good,3.7,46.0,Andheri,Budget,Good,Low Popularity,True,3.64,14.56,shiv shankar chat bhandar street food quick bites budget good low popularity
Saffron Express,600,"North Indian,Mughlai,Chinese",Mumbai,Bandra Talao-- Bandra West,https://www.zomato.com/mumbai/saffron-express-bandra-talao-bandra-west/info,425,Casual Dining,12noon to 12midnight(Mon-Sun),Average,3.0,165.0,Bandra,Moderate,Average,Moderately Popular,False,3.24,5.4,"saffron express north indian,mughlai,chinese casual dining moderate average moderately popular"
Sai Sagar,550,"South Indian,North Indian,Chinese,Biryani",Mumbai,Hill Road-- Bandra West,https://www.zomato.com/mumbai/sai-sagar-hill-road-bandra-west/info,426,Casual Dining,8am to 12midnight(Mon-Sun),Good,3.9,256.0,Bandra,Moderate,Good,Moderately Popular,True,3.81,6.93,"sai sagar south indian,north indian,chinese,biryani casual dining moderate good moderately popular"
Tiffin,900,"Chinese,Asian",Mumbai,Pali Hill-- Bandra West,https://www.zomato.com/mumbai/tiffin-pali-hill-bandra-west/info,427,none,11am to 12midnight(Mon-Sun),Good,3.6,238.0,Bandra,Moderate,Good,Moderately Popular,True,3.6,4.0,"tiffin chinese,asian none moderate good moderately popular"
Fusion Foods,200,"Chinese,Rolls,Pizza,North Indian,Fast Food",Mumbai,Santacruz West,https://www.zomato.com/mumbai/fusion-foods-santacruz-west/info,428,Quick Bites,11am to 12midnight(Mon-Sun),Very Good,4.3,64.0,Santacruz,Budget,Very Good,Low Popularity,True,3.87,19.35,"fusion foods chinese,rolls,pizza,north indian,fast food quick bites budget very good low popularity"
Salman Caterers,400,North Indian,Mumbai,Near Andheri East Station,https://www.zomato.com/mumbai/salman-caterers-near-andheri-east-station/info,429,Quick Bites,11am to 11pm(Mon-Sun),Average,3.1,4.0,Andheri,Budget,Average,Low Popularity,False,3.59,8.98,salman caterers north indian quick bites budget average low popularity
Jeon - Sea Princess,1500,"Italian,North Indian,Mediterranean",Mumbai,Sea Princess-- Juhu,https://www.zomato.com/mumbai/jeon-sea-princess-juhu/info,43,Casual Dining,24,Very Good,4.1,181.0,Juhu,Expensive,Very Good,Moderately Popular,False,3.92,2.61,"jeon - sea princess italian,north indian,mediterranean casual dining expensive very good moderately popular"
Morselo Froyo & Cha Bar,300,Desserts,Mumbai,Linking Road-- Bandra West,https://www.zomato.com/mumbai/morselo-froyo-cha-bar-linking-road-bandra-west/info,43,Dessert Parlor,"11am to 2am(Mon-Thu),11am to 3am(Fri-Sun)",Very Good,4.2,291.0,Bandra,Budget,Very Good,Moderately Popular,True,4.04,13.47,morselo froyo & cha bar desserts dessert parlor budget very good moderately popular
Ratnagiri Restaurant & Bar,600,"Malwani,North Indian,Mughlai,Chinese",Mumbai,Near Andheri East Station,https://www.zomato.com/mumbai/ratnagiri-restaurant-bar-near-andheri-east-station/info,43,Casual Dining,12noon to 130am(Mon-Sun),Average,2.9,47.0,Andheri,Moderate,Average,Low Popularity,False,3.4,5.67,"ratnagiri restaurant & bar malwani,north indian,mughlai,chinese casual dining moderate average low popularity"
PopWonMo,500,"Chinese,Fast Food",Mumbai,Pali Hill-- Bandra West,https://www.zomato.com/mumbai/popwonmo-pali-hill-bandra-west/info,43,Quick Bites,"Closed(Mon),130pm to 1am(Tue),12noon to 130am...",Very Good,4.0,400.0,Bandra,Budget,Very Good,Moderately Popular,True,3.92,7.84,"popwonmo chinese,fast food quick bites budget very good moderately popular"
Pride,800,"Chinese,North Indian,South Indian",Mumbai,Vile Parle West,https://www.zomato.com/mumbai/pride-vile-parle-west/info,431,Casual Dining,11am to 12midnight(Mon-Sun),Good,3.5,99.0,Vile Parle,Moderate,Good,Low Popularity,True,3.56,4.45,"pride chinese,north indian,south indian casual dining moderate good low popularity"
Annapurna Tiffin Service,160,Gujarati,Mumbai,Near Andheri East Station,https://www.zomato.com/mumbai/annapurna-tiffin-service-near-andheri-east-station/info,431,none,"11am to 3pm,6pm to 10pm(Mon-Sat),Closed(Sun)",Average,2.8,19.0,Andheri,Budget,Average,Low Popularity,False,3.49,21.81,annapurna tiffin service gujarati none budget average low popularity
Madhuri Puranpoli,100,Maharashtrian,Mumbai,Vile Parle East,https://www.zomato.com/mumbai/madhuri-puranpoli-vile-parle-east/info,431,none,10am to 10pm(Mon-Sun),Average,3.2,8.0,Vile Parle,Budget,Average,Low Popularity,False,3.58,35.8,madhuri puranpoli maharashtrian none budget average low popularity
English Vinglish,500,"Desserts,Bakery",Mumbai,Juhu,https://www.zomato.com/mumbai/english-vinglish-juhu/info,432,Dessert Parlor,9am to 10pm(Mon-Sun),Good,3.6,59.0,Juhu,Budget,Good,Low Popularity,True,3.61,7.22,"english vinglish desserts,bakery dessert parlor budget good low popularity"
Brijwasi Sweets,200,"Desserts,Street Food",Mumbai,Linking Road-- Bandra West,https://www.zomato.com/mumbai/brijwasi-sweets-linking-road-bandra-west/info,432,Quick Bites,9am to 9pm(Mon-Sun),Average,3.4,15.0,Bandra,Budget,Average,Low Popularity,False,3.59,17.95,"brijwasi sweets desserts,street food quick bites budget average low popularity"
Two Star,650,"Chinese,North Indian,Mughlai,Seafood",Mumbai,Santacruz East,https://www.zomato.com/mumbai/two-star-santacruz-east/info,434,Casual Dining,12noon to 12midnight(Mon-Sun),Average,3.3,86.0,Santacruz,Moderate,Average,Low Popularity,False,3.47,5.34,"two star chinese,north indian,mughlai,seafood casual dining moderate average low popularity"
China Wall,500,"Chinese,Seafood",Mumbai,Santacruz West,https://www.zomato.com/mumbai/china-wall-santacruz-west/info,435,none,"Closed(Mon),1130am to 3pm,630pm to 11pm(Tue-Sun)",Average,3.4,19.0,Santacruz,Budget,Average,Low Popularity,False,3.58,7.16,"china wall chinese,seafood none budget average low popularity"
Lume Restaurant & Bar,1200,"North Indian,Italian,Finger Food",Mumbai,Aureole Hotel-- Andheri East,https://www.zomato.com/mumbai/lume-restaurant-bar-near-andheri-east-station/info,436,Casual Dining,10am to 12midnight(Mon-Sun),Good,3.9,719.0,Andheri,Expensive,Good,Highly Popular,False,3.86,3.22,"lume restaurant & bar north indian,italian,finger food casual dining expensive good highly popular"
HumTea DumTea,200,"Fast Food,Beverages",Mumbai,Bandra East,https://www.zomato.com/mumbai/humtea-dumtea-bandra-east/info,436,Quick Bites,8am to 11pm(Mon-Sun),Good,3.6,29.0,Bandra,Budget,Good,Low Popularity,True,3.61,18.05,"humtea dumtea fast food,beverages quick bites budget good low popularity"
Mumbai Zaika,450,"North Indian,Mughlai,Chinese",Mumbai,Versova-- Andheri West,https://www.zomato.com/mumbai/mumbai-zaika-2-versova/info,437,Quick Bites,12noon to 1130pm(Mon-Sun),Average,3.2,13.0,Andheri,Budget,Average,Low Popularity,False,3.57,7.93,"mumbai zaika north indian,mughlai,chinese quick bites budget average low popularity"
Smoothie Factory,300,"Beverages,Juices",Mumbai,Santacruz West,https://www.zomato.com/mumbai/smoothie-factory-santacruz-west/info,438,Beverage Shop,9am to 11pm(Mon-Sun),Good,3.9,124.0,Santacruz,Budget,Good,Moderately Popular,True,3.76,12.53,"smoothie factory beverages,juices beverage shop budget good moderately popular"
Brijwasi Sweets,250,"Mithai,Fast Food,Street Food",Mumbai,Near Andheri East Station,https://www.zomato.com/mumbai/brijwasi-sweets-near-andheri-east-station/info,438,Sweet Shop,8am to 10pm(Mon-Sun),Good,3.7,68.0,Andheri,Budget,Good,Low Popularity,True,3.65,14.6,"brijwasi sweets mithai,fast food,street food sweet shop budget good low popularity"
China Wall,500,"Chinese,Seafood",Mumbai,Santacruz West,https://www.zomato.com/mumbai/china-wall-santacruz-west/info,438,none,"Closed(Mon),1130am to 3pm,630pm to 11pm(Tue-Sun)",Average,3.4,19.0,Santacruz,Budget,Average,Low Popularity,False,3.58,7.16,"china wall chinese,seafood none budget average low popularity"
1 BHK - Brew House Kitchen,1600,"North Indian,Italian,Parsi,European",Mumbai,Oshiwara-- Andheri West,https://www.zomato.com/mumbai/1-bhk-brew-house-kitchen-oshiwara/info,44,Casual Dining,11am to 12midnight(Mon-Sun),Very Good,4.2,1862.0,Andheri,Premium,Very Good,Highly Popular,False,4.17,2.61,"1 bhk - brew house kitchen north indian,italian,parsi,european casual dining premium very good highly popular"
Shamia Restaurant,550,"Chinese,North Indian,Mughlai,Fast Food",Mumbai,Santacruz West,https://www.zomato.com/mumbai/shamia-restaurant-santacruz-west/info,44,Casual Dining,10am to 1am(Mon-Sun),Good,3.7,225.0,Santacruz,Moderate,Good,Moderately Popular,True,3.67,6.67,"shamia restaurant chinese,north indian,mughlai,fast food casual dining moderate good moderately popular"
The Messy House - Dessert Bar & Cafe,400,"Desserts,Ice Cream,Fast Food",Mumbai,Carter Road-- Bandra West,https://www.zomato.com/mumbai/the-messy-house-dessert-bar-cafe-carter-road-bandra-west/info,44,Dessert Parlor,11am to 1230AM(Mon-Sun),Very Good,4.1,197.0,Bandra,Budget,Very Good,Moderately Popular,True,3.93,9.83,"the messy house - dessert bar & cafe desserts,ice cream,fast food dessert parlor budget very good moderately popular"
Celebrations 365,550,"South Indian,Continental,Chinese,North Indian",Mumbai,Bandra East,https://www.zomato.com/mumbai/celebrations-365-bandra-east/info,44,Casual Dining,"12midnight to 130am,11am to 12midnight(Mon-Sun)",Good,3.8,280.0,Bandra,Moderate,Good,Moderately Popular,True,3.75,6.82,"celebrations 365 south indian,continental,chinese,north indian casual dining moderate good moderately popular"
Camp Juice Centre,250,"Fast Food,Street Food",Mumbai,Bandstand-- Bandra West,https://www.zomato.com/mumbai/camp-juice-centre-bandstand-bandra-west/info,440,Quick Bites,9am to 1130pm(Mon-Sun),Good,3.5,29.0,Bandra,Budget,Good,Low Popularity,True,3.59,14.36,"camp juice centre fast food,street food quick bites budget good low popularity"
National Restaurant & Bar,650,"North Indian,Chinese,Seafood",Mumbai,Santacruz West,https://www.zomato.com/mumbai/national-restaurant-bar-santacruz-west/info,440,Casual Dining,"1130am to 3pm,630pm to 12midnight(Mon-Sun)",Good,3.5,46.0,Santacruz,Moderate,Good,Low Popularity,True,3.58,5.51,"national restaurant & bar north indian,chinese,seafood casual dining moderate good low popularity"
Food For Thought,300,Bakery,Mumbai,Pali Hill-- Bandra West,https://www.zomato.com/mumbai/food-for-thought-pali-hill-bandra-west/info,441,Bakery,11am to 10pm(Mon-Sun),Good,3.6,36.0,Bandra,Budget,Good,Low Popularity,True,3.61,12.03,food for thought bakery bakery budget good low popularity
The Pancake Saga,300,Desserts,Mumbai,Vile Parle East,https://www.zomato.com/mumbai/the-pancake-saga-vile-parle-east/info,441,Dessert Parlor,11am to 1145pm(Mon-Sun),Good,3.8,46.0,Vile Parle,Budget,Good,Low Popularity,True,3.67,12.23,the pancake saga desserts dessert parlor budget good low popularity
Yorrick's,500,"Burger,Italian,American,Pizza,Roast Chicken,Bakery,Salad,Panini",Mumbai,Pali Hill-- Bandra West,https://www.zomato.com/mumbai/yorricks-pali-hill-bandra-west/info,442,none,"Closed(Mon),12noon to 4pm,7pm to 1155pm(Tue-Sun)",Good,3.6,49.0,Bandra,Budget,Good,Low Popularity,True,3.61,7.22,"yorrick's burger,italian,american,pizza,roast chicken,bakery,salad,panini none budget good low popularity"
Adar Udupi Refreshment,450,"Chinese,Fast Food,North Indian,South Indian",Mumbai,Vile Parle East,https://www.zomato.com/mumbai/adar-udupi-refreshment-vile-parle-east/info,442,Casual Dining,8am to 1030pm(Mon-Sun),Average,3.0,73.0,Vile Parle,Budget,Average,Low Popularity,False,3.37,7.49,"adar udupi refreshment chinese,fast food,north indian,south indian casual dining budget average low popularity"
Seven Hills,550,"North Indian,Chinese",Mumbai,7 Bungalows-- Andheri West,https://www.zomato.com/mumbai/seven-hills-7-bungalows/info,443,Casual Dining,1230pm to 12midnight(Mon-Sun),Average,3.4,101.0,Andheri,Moderate,Average,Moderately Popular,False,3.51,6.38,"seven hills north indian,chinese casual dining moderate average moderately popular"
Nukkad Food Bistro,700,"Chinese,Mughlai",Mumbai,Near Andheri West Station,https://www.zomato.com/mumbai/nukkad-food-bistro-near-andheri-west-station/info,444,Casual Dining,"1230pm to 3pm,530pm to 12midnight(Mon-Sun)",Good,3.6,104.0,Andheri,Moderate,Good,Moderately Popular,True,3.61,5.16,"nukkad food bistro chinese,mughlai casual dining moderate good moderately popular"
Indy's Cheesecakes,400,Desserts,Mumbai,Versova-- Andheri West,https://www.zomato.com/mumbai/indys-cheesecakes-versova/info,446,none,"7pm to 11pm(Mon-Fri),10am to 6pm(Sat-Sun)",Average,3.4,21.0,Andheri,Budget,Average,Low Popularity,False,3.58,8.95,indy's cheesecakes desserts none budget average low popularity
Fu-King,200,Chinese,Mumbai,Santacruz East,https://www.zomato.com/mumbai/fu-king-santacruz-east/info,447,Quick Bites,11am to 11pm(Mon-Sun),Average,3.3,8.0,Santacruz,Budget,Average,Low Popularity,False,3.59,17.95,fu-king chinese quick bites budget average low popularity
K2 Rolls,300,Rolls,Mumbai,Oshiwara-- Andheri West,https://www.zomato.com/mumbai/k2-rolls-oshiwara/info,448,Quick Bites,12noon to 11pm(Mon-Sun),Average,3.1,4.0,Andheri,Budget,Average,Low Popularity,False,3.59,11.97,k2 rolls rolls quick bites budget average low popularity
Pizza Box,550,"Pizza,Fast Food",Mumbai,Near Andheri East Station,https://www.zomato.com/mumbai/pizza-box-near-andheri-east-station/info,449,none,12noon to 12midnight(Mon-Sun),Good,3.8,553.0,Andheri,Moderate,Good,Highly Popular,True,3.77,6.85,"pizza box pizza,fast food none moderate good highly popular"
Jimis Burger,700,"Fast Food,Burger",Mumbai,Andheri Lokhandwala-- Andheri West,https://www.zomato.com/mumbai/jimis-burger-andheri-lokhandwala/info,45,Quick Bites,12noon to 12midnight(Mon-Sun),Very Good,4.4,2224.0,Andheri,Moderate,Very Good,Highly Popular,True,4.36,6.23,"jimis burger fast food,burger quick bites moderate very good highly popular"
Havmor Ice Cream,200,"Ice Cream,Desserts",Mumbai,Vile Parle East,https://www.zomato.com/mumbai/havmor-ice-cream-vile-parle-east/info,45,Dessert Parlor,11am to 1230AM(Mon-Sun),Good,3.7,89.0,Vile Parle,Budget,Good,Low Popularity,True,3.65,18.25,"havmor ice cream ice cream,desserts dessert parlor budget good low popularity"
Saleem's Of Delhi,500,"North Indian,Fast Food",Mumbai,Santacruz East,https://www.zomato.com/mumbai/saleems-of-delhi-santacruz-east/info,45,none,12noon to 4am(Mon-Sun),Good,3.7,12.0,Santacruz,Budget,Good,Low Popularity,True,3.62,7.24,"saleem's of delhi north indian,fast food none budget good low popularity"
Cake 'A' Berry,350,"Bakery,Desserts",Mumbai,Andheri Lokhandwala-- Andheri West,https://www.zomato.com/mumbai/cake-a-berry-andheri-lokhandwala/info,450,Bakery,9am to 11pm(Mon-Sun),Average,3.3,9.0,Andheri,Budget,Average,Low Popularity,False,3.59,10.26,"cake 'a' berry bakery,desserts bakery budget average low popularity"
Avarya,200,"Mithai,Street Food",Mumbai,Santacruz West,https://www.zomato.com/mumbai/avarya-santacruz-west/info,450,Sweet Shop,9am to 9pm(Mon-Sun),Good,3.7,67.0,Santacruz,Budget,Good,Low Popularity,True,3.65,18.25,"avarya mithai,street food sweet shop budget good low popularity"
Konkan Sagar,550,"Chinese,North Indian,Konkan",Mumbai,Santacruz East,https://www.zomato.com/mumbai/konkan-sagar-santacruz-east/info,450,Casual Dining,11am to 11pm(Mon-Sun),Good,3.5,29.0,Santacruz,Moderate,Good,Low Popularity,True,3.59,6.53,"konkan sagar chinese,north indian,konkan casual dining moderate good low popularity"
Pizza Casa,600,"Fast Food,Italian,Lebanese",Mumbai,7 Bungalows-- Andheri West,https://www.zomato.com/mumbai/pizza-casa-7-bungalows/info,451,Casual Dining,12noon to 1130pm(Mon-Sun),Average,3.4,69.0,Andheri,Moderate,Average,Low Popularity,False,3.53,5.88,"pizza casa fast food,italian,lebanese casual dining moderate average low popularity"
Litti Lovers,800,Bihari,Mumbai,Oshiwara-- Andheri West,https://www.zomato.com/mumbai/litti-lovers-oshiwara/info,452,Casual Dining,11am to 11pm(Mon-Sun),Average,3.3,18.0,Andheri,Moderate,Average,Low Popularity,False,3.57,4.46,litti lovers bihari casual dining moderate average low popularity
Karachi Bakery and Cafe,1150,"Bakery,Continental,Beverages,Burger,Cafe Food,Desserts",Mumbai,Linking Road-- Bandra West,https://www.zomato.com/mumbai/karachi-bakery-and-cafe-linking-road-bandra-west/info,452,Bakery,10am to 11pm(Mon-Sun),Good,3.8,54.0,Bandra,Expensive,Good,Low Popularity,False,3.67,3.19,"karachi bakery and cafe bakery,continental,beverages,burger,cafe food,desserts bakery expensive good low popularity"
Chotu's Snacks Juice Centre,300,"Fast Food,South Indian",Mumbai,Andheri Lokhandwala-- Andheri West,https://www.zomato.com/mumbai/chotus-snacks-juice-centre-andheri-lokhandwala/info,452,Quick Bites,9am to 1030pm(Mon-Sun),Good,3.5,54.0,Andheri,Budget,Good,Low Popularity,True,3.57,11.9,"chotu's snacks juice centre fast food,south indian quick bites budget good low popularity"
Chaukhat,650,"North Indian,Biryani,Chinese",Mumbai,Oshiwara-- Andheri West,https://www.zomato.com/mumbai/chaukhat-oshiwara/info,453,Casual Dining,"11am to 330pm,7pm to 1130pm(Mon-Sun)",Average,2.8,48.0,Andheri,Moderate,Average,Low Popularity,False,3.36,5.17,"chaukhat north indian,biryani,chinese casual dining moderate average low popularity"
Tiffany's Snack Bar,800,"Chinese,North Indian,Street Food,Beverages",Mumbai,Santacruz East,https://www.zomato.com/mumbai/tiffanys-snack-bar-santacruz-east/info,455,Quick Bites,9am to 12midnight(Mon-Sun),Good,3.5,110.0,Santacruz,Moderate,Good,Moderately Popular,True,3.56,4.45,"tiffany's snack bar chinese,north indian,street food,beverages quick bites moderate good moderately popular"
MH-02 T.I.F.C.,400,Fast Food,Mumbai,Infiniti Mall-- Andheri Lokhandwala-- Andheri West,https://www.zomato.com/mumbai/mh-02-t-i-f-c-andheri-lokhandwala/info,458,Quick Bites,1130am to 12midnight(Mon-Sun),Good,3.9,39.0,Andheri,Budget,Good,Low Popularity,True,3.69,9.23,mh-02 t.i.f.c. fast food quick bites budget good low popularity
Flavours of India,500,"North Indian,Chinese",Mumbai,Andheri Lokhandwala-- Andheri West,https://www.zomato.com/mumbai/flavours-of-india-andheri-lokhandwala/info,459,none,"11am to 4pm,630pm to 330am(Mon-Sun)",Average,3.3,13.0,Andheri,Budget,Average,Low Popularity,False,3.58,7.16,"flavours of india north indian,chinese none budget average low popularity"
New Lazeez Fast Food,300,"North Indian,Chinese,Mughlai",Mumbai,Santacruz West,https://www.zomato.com/mumbai/new-lazeez-fast-food-santacruz-west/info,459,Quick Bites,11am to 4am(Mon-Sun),Average,3.1,5.0,Santacruz,Budget,Average,Low Popularity,False,3.59,11.97,"new lazeez fast food north indian,chinese,mughlai quick bites budget average low popularity"
Parle Point,500,"Chinese,Fast Food",Mumbai,Vile Parle East,https://www.zomato.com/mumbai/parle-point-vile-parle-east/info,46,Quick Bites,1130am to 1230AM(Mon-Sun),Good,3.6,23.0,Vile Parle,Budget,Good,Low Popularity,True,3.61,7.22,"parle point chinese,fast food quick bites budget good low popularity"
Where's My Cone?,250,"Ice Cream,Desserts",Mumbai,Pali Hill-- Bandra West,https://www.zomato.com/mumbai/wheres-my-cone-pali-hill-bandra-west/info,46,Dessert Parlor,12noon to 1am(Mon-Sun),Very Good,4.2,327.0,Bandra,Budget,Very Good,Moderately Popular,True,4.05,16.2,"where's my cone? ice cream,desserts dessert parlor budget very good moderately popular"
Karma Cafe,150,"North Indian,Chinese",Mumbai,Versova-- Andheri West,https://www.zomato.com/mumbai/karma-cafe-versova/info,46,Quick Bites,8am to 1230AM(Mon-Sun),Good,3.8,124.0,Andheri,Budget,Good,Moderately Popular,True,3.71,24.73,"karma cafe north indian,chinese quick bites budget good moderately popular"
Bombay Salad Co.,900,"Salad,Healthy Food,Juices",Mumbai,Linking Road-- Bandra West,https://www.zomato.com/bombaysalad/info,46,Casual Dining,12noon to 1030pm(Mon-Sun),Skvělé,4.5,2755.0,Bandra,Moderate,Excellent,Highly Popular,True,4.47,4.97,"bombay salad co. salad,healthy food,juices casual dining moderate excellent highly popular"
Hit & Run,700,"Mughlai,Lebanese,Chinese,Rolls",Mumbai,Juhu,https://www.zomato.com/mumbai/hit-run-1-juhu/info,46,Quick Bites,12noon to 330am(Mon-Sun),Good,3.8,72.0,Juhu,Moderate,Good,Low Popularity,True,3.69,5.27,"hit & run mughlai,lebanese,chinese,rolls quick bites moderate good low popularity"
Tariyas,300,"Bengali,Continental",Mumbai,Versova-- Andheri West,https://www.zomato.com/mumbai/tariyas-versova/info,460,none,12noon to 2am(Mon-Sun),Average,3.1,7.0,Andheri,Budget,Average,Low Popularity,False,3.58,11.93,"tariyas bengali,continental none budget average low popularity"
333,600,"North Indian,Street Food",Mumbai,Juhu,https://www.zomato.com/mumbai/333-juhu/info,460,Casual Dining,1030am to 1230AM(Mon-Sun),Good,3.5,123.0,Juhu,Moderate,Good,Moderately Popular,True,3.55,5.92,"333 north indian,street food casual dining moderate good moderately popular"
A One Chinese,500,Chinese,Mumbai,Near Andheri West Station,https://www.zomato.com/mumbai/a-one-chinese-near-andheri-west-station/info,461,Quick Bites,3pm to 1am(Mon-Sun),Average,3.0,4.0,Andheri,Budget,Average,Low Popularity,False,3.59,7.18,a one chinese chinese quick bites budget average low popularity
My Healthy Palate,500,"Healthy Food,Salad",Mumbai,Near Andheri East Station,https://www.zomato.com/mumbai/my-healthy-palate-near-andheri-east-station/info,461,Quick Bites,10am to 4am(Mon-Sun),Average,3.1,7.0,Andheri,Budget,Average,Low Popularity,False,3.58,7.16,"my healthy palate healthy food,salad quick bites budget average low popularity"
Hotel Usha Pure Veg,350,"South Indian,North Indian,Chinese",Mumbai,Pali Hill-- Bandra West,https://www.zomato.com/mumbai/hotel-usha-pure-veg-pali-hill-bandra-west/info,463,Casual Dining,8am to 1230AM(Mon-Sun),Average,3.0,9.0,Bandra,Budget,Average,Low Popularity,False,3.57,10.2,"hotel usha pure veg south indian,north indian,chinese casual dining budget average low popularity"
Viraj,350,"Chinese,North Indian,Seafood",Mumbai,Bandra East,https://www.zomato.com/mumbai/viraj-bandra-east/info,464,Casual Dining,10am to 1230AM(Mon-Sun),Average,3.0,4.0,Bandra,Budget,Average,Low Popularity,False,3.59,10.26,"viraj chinese,north indian,seafood casual dining budget average low popularity"
Triple F,600,"North Indian,Chinese,Seafood",Mumbai,7 Bungalows-- Andheri West,https://www.zomato.com/mumbai/triple-f-7-bungalows/info,464,none,"12noon to 4pm,7pm to 1am(Mon-Sun)",Average,2.9,10.0,Andheri,Moderate,Average,Low Popularity,False,3.55,5.92,"triple f north indian,chinese,seafood none moderate average low popularity"
Kitchen 412,400,Fast Food,Mumbai,7 Bungalows-- Andheri West,https://www.zomato.com/mumbai/kitchen-412-7-bungalows/info,467,none,"10pm to 6am(Mon),Closed(Tue),11pm to 6am(Wed-Sun)",Average,3.1,6.0,Andheri,Budget,Average,Low Popularity,False,3.58,8.95,kitchen 412 fast food none budget average low popularity
Sip N Trip,400,"Fast Food,Beverages",Mumbai,Hill Road-- Bandra West,https://www.zomato.com/mumbai/sip-n-trip-hill-road-bandra-west/info,467,none,"12midnight to 3am,5pm to 12midnight(Mon-Sun)",Good,3.6,29.0,Bandra,Budget,Good,Low Popularity,True,3.61,9.02,"sip n trip fast food,beverages none budget good low popularity"
Bake My Way,400,Bakery,Mumbai,Near Andheri East Station,https://www.zomato.com/mumbai/bake-my-way-near-andheri-east-station/info,467,Bakery,10am to 1230AM(Mon-Sun),Average,3.1,16.0,Andheri,Budget,Average,Low Popularity,False,3.55,8.88,bake my way bakery bakery budget average low popularity
RnB (Rolls & Bowls),600,"North Indian,Lebanese,Asian,Italian",Mumbai,Andheri Lokhandwala-- Andheri West,https://www.zomato.com/mumbai/rnb-rolls-bowls-andheri-lokhandwala/info,467,none,7pm to 4am(Mon-Sun),Average,2.9,38.0,Andheri,Moderate,Average,Low Popularity,False,3.43,5.72,"rnb (rolls & bowls) north indian,lebanese,asian,italian none moderate average low popularity"
Bugs Bunny,200,Ice Cream,Mumbai,Oshiwara-- Andheri West,https://www.zomato.com/mumbai/bugs-bunny-oshiwara/info,468,Dessert Parlor,1130am to 130am(Mon-Sun),Average,3.3,10.0,Andheri,Budget,Average,Low Popularity,False,3.59,17.95,bugs bunny ice cream dessert parlor budget average low popularity
The Foodfather's,200,"Fast Food,Chinese",Mumbai,Pali Hill-- Bandra West,https://www.zomato.com/mumbai/the-foodfathers-pali-hill-bandra-west/info,468,Quick Bites,10pm to 5am(Mon-Sun),Good,3.5,27.0,Bandra,Budget,Good,Low Popularity,True,3.59,17.95,"the foodfather's fast food,chinese quick bites budget good low popularity"
Nocturnal Nibbles,400,North Indian,Mumbai,7 Bungalows-- Andheri West,https://www.zomato.com/mumbai/nocturnal-nibbles-1-7-bungalows/info,468,none,10pm to 4am(Mon-Sun),Good,3.5,30.0,Andheri,Budget,Good,Low Popularity,True,3.59,8.98,nocturnal nibbles north indian none budget good low popularity
Night Hunger,300,"North Indian,Chinese,Mughlai",Mumbai,Oshiwara-- Andheri West,https://www.zomato.com/mumbai/night-hunger-1-oshiwara/info,468,none,9am to 4am(Mon-Sun),Average,3.4,18.0,Andheri,Budget,Average,Low Popularity,False,3.58,11.93,"night hunger north indian,chinese,mughlai none budget average low popularity"
Bismillah Chinese Corner,400,Chinese,Mumbai,7 Bungalows-- Andheri West,https://www.zomato.com/mumbai/bismillah-chinese-corner-7-bungalows/info,468,none,7pm to 1am(Mon-Sun),Average,3.4,13.0,Andheri,Budget,Average,Low Popularity,False,3.59,8.98,bismillah chinese corner chinese none budget average low popularity
Hotel Meena,600,"North Indian,Mughlai,Chinese",Mumbai,Santacruz East,https://www.zomato.com/mumbai/hotel-meena-santacruz-east/info,469,Casual Dining,11am to 1230AM(Mon-Sun),Average,2.8,15.0,Santacruz,Moderate,Average,Low Popularity,False,3.51,5.85,"hotel meena north indian,mughlai,chinese casual dining moderate average low popularity"
China Corner,350,Chinese,Mumbai,Andheri Lokhandwala-- Andheri West,https://www.zomato.com/mumbai/china-corner-andheri-lokhandwala/info,469,Quick Bites,"11am to 330pm,730pm to 1230AM(Mon-Sun)",Average,3.0,7.0,Andheri,Budget,Average,Low Popularity,False,3.57,10.2,china corner chinese quick bites budget average low popularity
Cinnamon N Nutmeg,500,"North Indian,Chinese",Mumbai,Andheri Lokhandwala-- Andheri West,https://www.zomato.com/mumbai/cinnamon-n-nutmeg-andheri-lokhandwala/info,47,Quick Bites,"7pm to 4am(Mon-Fri),12noon to 4pm,7pm to 4am...",Very Good,4.1,368.0,Andheri,Budget,Very Good,Moderately Popular,True,3.99,7.98,"cinnamon n nutmeg north indian,chinese quick bites budget very good moderately popular"
Peach Deli,1400,"Cafe,Continental,Beverages,Fast Food,Healthy Food,Italian",Mumbai,Juhu,https://www.zomato.com/mumbai/peach-deli-juhu/info,47,Café,930am to 1230AM(Mon-Sun),Good,3.9,342.0,Juhu,Expensive,Good,Moderately Popular,False,3.83,2.74,"peach deli cafe,continental,beverages,fast food,healthy food,italian café expensive good moderately popular"
Andheri Stomach,400,Chinese,Mumbai,Versova-- Andheri West,https://www.zomato.com/mumbai/andheri-stomach-versova/info,47,Quick Bites,630pm to 130am(Mon-Sun),Average,3.2,31.0,Andheri,Budget,Average,Low Popularity,False,3.52,8.8,andheri stomach chinese quick bites budget average low popularity
Sizzling Spices,500,"Chinese,North Indian,Rolls,Mughlai,Biryani",Mumbai,Andheri Lokhandwala-- Andheri West,https://www.zomato.com/mumbai/sizzling-spices-andheri-lokhandwala/info,47,none,"12noon to 4pm,630pm to 3am(Mon,Wed,Thu,Fri...",Very Good,4.2,39.0,Andheri,Budget,Very Good,Low Popularity,True,3.77,7.54,"sizzling spices chinese,north indian,rolls,mughlai,biryani none budget very good low popularity"
Bitestreeat Kravings,750,Fast Food,Mumbai,Oshiwara-- Andheri West,https://www.zomato.com/mumbai/bitestreeat-kravings-oshiwara/info,47,Casual Dining,"12noon to 12midnight(Mon-Thu),12noon to 1am...",Good,3.9,74.0,Andheri,Moderate,Good,Low Popularity,True,3.73,4.97,bitestreeat kravings fast food casual dining moderate good low popularity
Pizzaman,600,"Pizza,Italian",Mumbai,Carter Road-- Bandra West,https://www.zomato.com/mumbai/pizzaman-carter-road-bandra-west/info,470,none,"12noon to 12midnight(Mon,Tue,Wed,Thu,Sun)...",Average,3.2,17.0,Bandra,Moderate,Average,Low Popularity,False,3.56,5.93,"pizzaman pizza,italian none moderate average low popularity"
La Rosh,400,Bakery,Mumbai,Andheri Lokhandwala-- Andheri West,https://www.zomato.com/mumbai/la-rosh-andheri-lokhandwala/info,470,Quick Bites,121pm to 1159am(Mon-Sun),Average,2.9,7.0,Andheri,Budget,Average,Low Popularity,False,3.57,8.92,la rosh bakery quick bites budget average low popularity
Miraas Restaurant,700,"Chinese,North Indian,Fast Food",Mumbai,Near Andheri East Station,https://www.zomato.com/mumbai/miraas-restaurant-near-andheri-east-station/info,470,Casual Dining,"12noon to 5pm,8pm to 2am(Mon-Sun)",Average,3.0,4.0,Andheri,Moderate,Average,Low Popularity,False,3.59,5.13,"miraas restaurant chinese,north indian,fast food casual dining moderate average low popularity"
Food Kitchen,250,"Fast Food,Chinese",Mumbai,Oshiwara-- Andheri West,https://www.zomato.com/mumbai/food-kitchen-oshiwara/info,470,none,9am to 3am(Mon-Sun),Average,3.1,13.0,Andheri,Budget,Average,Low Popularity,False,3.56,14.24,"food kitchen fast food,chinese none budget average low popularity"
The Chinese Cuisine,400,Chinese,Mumbai,Versova-- Andheri West,https://www.zomato.com/mumbai/the-chinese-cuisine-versova/info,470,none,"12noon to 4pm,7pm to 1230AM(Mon-Sun)",Average,3.0,4.0,Andheri,Budget,Average,Low Popularity,False,3.59,8.98,the chinese cuisine chinese none budget average low popularity
Shivneri Court,600,"North Indian,Continental",Mumbai,Vile Parle East,https://www.zomato.com/mumbai/shivneri-court-vile-parle-east/info,470,Quick Bites,12noon to 3am(Mon-Sun),Average,3.1,4.0,Vile Parle,Moderate,Average,Low Popularity,False,3.59,5.98,"shivneri court north indian,continental quick bites moderate average low popularity"
GN Restaurant,300,"Mughlai,Chinese",Mumbai,Near Andheri West Station,https://www.zomato.com/mumbai/gn-restaurant-near-andheri-west-station/info,470,Quick Bites,1130am to 1230AM(Mon-Sun),Average,3.1,6.0,Andheri,Budget,Average,Low Popularity,False,3.58,11.93,"gn restaurant mughlai,chinese quick bites budget average low popularity"
Maraasim,1400,"North Indian,Continental,Deli,Desserts,Fusion,Grill,Italian,Kebab",Mumbai,Andheri Lokhandwala-- Andheri West,https://www.zomato.com/mumbai/maraasim-andheri-lokhandwala/info,470,Casual Dining,11am to 1am(Mon-Sun),Very Good,4.0,128.0,Andheri,Expensive,Very Good,Moderately Popular,False,3.82,2.73,"maraasim north indian,continental,deli,desserts,fusion,grill,italian,kebab casual dining expensive very good moderately popular"
Night Queen,550,North Indian,Mumbai,Andheri Lokhandwala-- Andheri West,https://www.zomato.com/mumbai/night-queen-andheri-lokhandwala/info,470,Quick Bites,7pm to 4am(Mon-Sun),Average,2.8,13.0,Andheri,Moderate,Average,Low Popularity,False,3.53,6.42,night queen north indian quick bites moderate average low popularity
Bob's Burgers,400,"American,Burger",Mumbai,Juhu,https://www.zomato.com/mumbai/bobs-burgers-1-juhu/info,471,none,"12midnight to 2am,9pm to 12midnight(Mon,Tue...",Average,3.2,8.0,Juhu,Budget,Average,Low Popularity,False,3.58,8.95,"bob's burgers american,burger none budget average low popularity"
Mumbai Bicycle,400,"North Indian,Japanese,Chinese",Mumbai,Juhu,https://www.zomato.com/mumbai/mumbai-bicycle-juhu/info,471,none,"Closed(Mon),12midnight to 3am,12noon to ...",Good,3.6,33.0,Juhu,Budget,Good,Low Popularity,True,3.61,9.02,"mumbai bicycle north indian,japanese,chinese none budget good low popularity"
Pateela,400,Mughlai,Mumbai,Oshiwara-- Andheri West,https://www.zomato.com/mumbai/pateela-oshiwara/info,471,none,"12noon to 430pm,730pm to 130am(Mon,Tue,Wed...",Average,3.3,26.0,Andheri,Budget,Average,Low Popularity,False,3.55,8.88,pateela mughlai none budget average low popularity
Baba's Kitchen,350,"Fast Food,Kebab,Sandwich",Mumbai,Andheri Lokhandwala-- Andheri West,https://www.zomato.com/mumbai/babas-kitchen-andheri-lokhandwala/info,471,none,"12midnight to 4am,5pm to 12midnight(Mon,Tue...",Average,3.0,5.0,Andheri,Budget,Average,Low Popularity,False,3.58,10.23,"baba's kitchen fast food,kebab,sandwich none budget average low popularity"
Maddy's Kitchen,450,"North Indian,Chinese",Mumbai,Santacruz East,https://www.zomato.com/mumbai/maddys-kitchen-santacruz-east/info,472,none,11am to 2am(Mon-Sun),Average,3.1,29.0,Santacruz,Budget,Average,Low Popularity,False,3.5,7.78,"maddy's kitchen north indian,chinese none budget average low popularity"
The Cuisine Circus,350,"North Indian,Chinese,Biryani",Mumbai,Juhu,https://www.zomato.com/mumbai/the-cuisine-circus-juhu/info,473,Quick Bites,11am to 4am(Mon-Sun),Average,3.0,10.0,Juhu,Budget,Average,Low Popularity,False,3.56,10.17,"the cuisine circus north indian,chinese,biryani quick bites budget average low popularity"
Dramatico,300,"North Indian,Beverages",Mumbai,Oshiwara-- Andheri West,https://www.zomato.com/mumbai/dramatico-oshiwara/info,475,none,"12noon to 12midnight(Mon-Thu),12noon to 3am...",Average,3.1,9.0,Andheri,Budget,Average,Low Popularity,False,3.57,11.9,"dramatico north indian,beverages none budget average low popularity"
Bitty Batter,400,"Fast Food,Desserts",Mumbai,Juhu,https://www.zomato.com/mumbai/bitty-batter-juhu/info,48,Quick Bites,1130am to 130am(Mon-Sun),Very Good,4.1,252.0,Juhu,Budget,Very Good,Moderately Popular,True,3.95,9.88,"bitty batter fast food,desserts quick bites budget very good moderately popular"
Hyderabad Xpress,350,Biryani,Mumbai,Oshiwara-- Andheri West,https://www.zomato.com/mumbai/hyderabad-xpress-oshiwara/info,48,Quick Bites,"12noon to 12midnight(Mon,Tue,Wed,Thu,Sun)...",Good,3.9,1323.0,Andheri,Budget,Good,Highly Popular,True,3.88,11.09,hyderabad xpress biryani quick bites budget good highly popular
Need U Kitchen,400,North Indian,Mumbai,Andheri Lokhandwala-- Andheri West,https://www.zomato.com/mumbai/need-u-kitchen-2-andheri-lokhandwala/info,481,none,"12noon to 330pm,7pm to 3am(Mon-Sun)",Average,3.0,15.0,Andheri,Budget,Average,Low Popularity,False,3.54,8.85,need u kitchen north indian none budget average low popularity
Chic N Spice,800,"Chinese,North Indian,Korean",Mumbai,Oshiwara-- Andheri West,https://www.zomato.com/mumbai/chic-n-spice-oshiwara/info,482,none,"12noon to 3pm,6pm to 3am(Mon,Wed,Thu,Fri...",Very Good,4.0,126.0,Andheri,Moderate,Very Good,Moderately Popular,True,3.82,4.77,"chic n spice chinese,north indian,korean none moderate very good moderately popular"
Eighth Baking Studio,700,"Bakery,Desserts",Mumbai,Carter Road-- Bandra West,https://www.zomato.com/mumbai/eighth-baking-studio-carter-road-bandra-west/info,485,Bakery,5pm to 8pm(Mon-Sun),Average,3.1,8.0,Bandra,Moderate,Average,Low Popularity,False,3.58,5.11,"eighth baking studio bakery,desserts bakery moderate average low popularity"
Udupi Shree Krishna,300,"Chinese,North Indian,South Indian",Mumbai,Vile Parle West,https://www.zomato.com/mumbai/udupi-shree-krishna-vile-parle-west/info,485,Quick Bites,7am to 12midnight(Mon-Sun),Average,3.2,7.0,Vile Parle,Budget,Average,Low Popularity,False,3.59,11.97,"udupi shree krishna chinese,north indian,south indian quick bites budget average low popularity"
Triveni Restaurant and Bar,450,"North Indian,Seafood,Chinese",Mumbai,Bandra East,https://www.zomato.com/mumbai/triveni-restaurant-and-bar-bandra-east/info,485,Casual Dining,"12noon to 3pm,7pm to 12midnight(Mon-Sun)",Good,3.5,24.0,Bandra,Budget,Good,Low Popularity,True,3.59,7.98,"triveni restaurant and bar north indian,seafood,chinese casual dining budget good low popularity"
Babu Vada Pav,100,Street Food,Mumbai,Near Andheri East Station,https://www.zomato.com/mumbai/babu-vada-pav-near-andheri-east-station/info,485,Quick Bites,8am to 9pm(Mon-Sun),Average,3.3,13.0,Andheri,Budget,Average,Low Popularity,False,3.58,35.8,babu vada pav street food quick bites budget average low popularity
Shree Annapurna,450,"Fast Food,Juices",Mumbai,Vile Parle East,https://www.zomato.com/mumbai/shree-annapurna-vile-parle-east/info,486,Quick Bites,"Closed(Mon),12noon to 1130pm(Tue-Sat),4pm to ...",Good,3.9,128.0,Vile Parle,Budget,Good,Moderately Popular,True,3.77,8.38,"shree annapurna fast food,juices quick bites budget good moderately popular"
Al Zaiqa,350,"Chinese,Mughlai,Biryani",Mumbai,Santacruz East,https://www.zomato.com/mumbai/al-zaiqa-santacruz-east/info,487,Casual Dining,"1230pm to 330pm,7pm to 12midnight(Mon-Sun)",Průměr,3.3,10.0,Santacruz,Budget,Average,Low Popularity,False,3.59,10.26,"al zaiqa chinese,mughlai,biryani casual dining budget average low popularity"
Shahi Biryani Corner,300,"Biryani,Mughlai",Mumbai,Santacruz East,https://www.zomato.com/mumbai/shahi-biryani-corner-santacruz-east/info,487,none,"11am to 3pm,6pm to 10pm(Mon-Sun)",Average,2.8,10.0,Santacruz,Budget,Average,Low Popularity,False,3.54,11.8,"shahi biryani corner biryani,mughlai none budget average low popularity"
Udipi Bhuvan,500,"South Indian,North Indian,Chinese",Mumbai,Bandra East,https://www.zomato.com/mumbai/udipi-bhuvan-bandra-east/info,489,Casual Dining,7am to 11pm(Mon-Sun),Good,3.5,55.0,Bandra,Budget,Good,Low Popularity,True,3.57,7.14,"udipi bhuvan south indian,north indian,chinese casual dining budget good low popularity"
Shiv Leela,550,"North Indian,Chinese,Fast Food",Mumbai,Vile Parle East,https://www.zomato.com/mumbai/shiv-leela-vile-parle-east/info,489,Casual Dining,"11am to 330pm,7pm to 12midnight(Mon-Sun)",Good,3.5,63.0,Vile Parle,Moderate,Good,Low Popularity,True,3.57,6.49,"shiv leela north indian,chinese,fast food casual dining moderate good low popularity"
Shree Laxmi Balaji,250,"South Indian,Chinese,Fast Food",Mumbai,Near Andheri East Station,https://www.zomato.com/mumbai/shree-laxmi-balaji-near-andheri-east-station/info,489,Casual Dining,8am to 11pm(Mon-Sun),Average,3.4,22.0,Andheri,Budget,Average,Low Popularity,False,3.58,14.32,"shree laxmi balaji south indian,chinese,fast food casual dining budget average low popularity"
Cakes R Us,300,"Bakery,Desserts",Mumbai,Near Andheri East Station,https://www.zomato.com/mumbai/cakes-r-us-1-near-andheri-east-station/info,489,Bakery,10am to 10pm(Mon-Sun),Good,3.6,45.0,Andheri,Budget,Good,Low Popularity,True,3.61,12.03,"cakes r us bakery,desserts bakery budget good low popularity"
Asiad,700,"Chinese,North Indian,Seafood",Mumbai,Vile Parle West,https://www.zomato.com/mumbai/asiad-vile-parle-west/info,49,Casual Dining,1115am to 1230AM(Mon-Sun),Good,3.6,404.0,Vile Parle,Moderate,Good,Moderately Popular,True,3.6,5.14,"asiad chinese,north indian,seafood casual dining moderate good moderately popular"
Mi & Me - Minerals and Meals,300,Fast Food,Mumbai,Near Andheri East Station,https://www.zomato.com/mumbai/mi-me-minerals-and-meals-near-andheri-east-station/info,49,Casual Dining,"10am to 4am(Mon),10am to 3am(Tue-Sat),11am to ...",Good,3.7,81.0,Andheri,Budget,Good,Low Popularity,True,3.65,12.17,mi & me - minerals and meals fast food casual dining budget good low popularity
Andaz Cafe,750,"Cafe,Middle Eastern,Lebanese,Continental",Mumbai,Andheri Lokhandwala-- Andheri West,https://www.zomato.com/mumbai/andaz-cafe-andheri-lokhandwala/info,49,Café,10am to 1am(Mon-Sun),Very Good,4.1,145.0,Andheri,Moderate,Very Good,Moderately Popular,True,3.89,5.19,"andaz cafe cafe,middle eastern,lebanese,continental café moderate very good moderately popular"
King Chilli Chindian Fusion,800,Chinese,Mumbai,Juhu,https://www.zomato.com/mumbai/king-chilli-chindian-fusion-juhu/info,49,Casual Dining,"12noon to 330pm,7pm to 1145pm(Mon,Tue,Wed...",Good,3.7,18.0,Juhu,Moderate,Good,Low Popularity,True,3.62,4.53,king chilli chindian fusion chinese casual dining moderate good low popularity
China Suburb - 1,700,"Chinese,North Indian,Thai",Mumbai,7 Bungalows-- Andheri West,https://www.zomato.com/mumbai/china-suburb-1-7-bungalows/info,49,Casual Dining,111am to 1229AM(Mon-Sun),Good,3.7,259.0,Andheri,Moderate,Good,Moderately Popular,True,3.67,5.24,"china suburb - 1 chinese,north indian,thai casual dining moderate good moderately popular"
90ML Bar & Kitchen,1200,"Continental,Asian,North Indian",Mumbai,Bandra East,https://www.zomato.com/mumbai/90ml-bar-kitchen-bandra-east/info,49,Casual Dining,12noon to 130am(Mon-Sun),Good,3.8,434.0,Bandra,Expensive,Good,Moderately Popular,False,3.76,3.13,"90ml bar & kitchen continental,asian,north indian casual dining expensive good moderately popular"
Duke,400,"Chinese,North Indian,Mughlai",Mumbai,Reclamation-- Bandra West,https://www.zomato.com/mumbai/duke-reclamation-bandra-west/info,490,Quick Bites,10am to 12midnight(Mon-Sun),Good,3.5,43.0,Bandra,Budget,Good,Low Popularity,True,3.58,8.95,"duke chinese,north indian,mughlai quick bites budget good low popularity"
Momoman,200,"Fast Food,Momos",Mumbai,Versova-- Andheri West,https://www.zomato.com/mumbai/momoman-versova/info,490,Quick Bites,12noon to 11pm(Mon-Sun),Good,3.6,114.0,Andheri,Budget,Good,Moderately Popular,True,3.61,18.05,"momoman fast food,momos quick bites budget good moderately popular"
Yadavji Sandwich,200,Sandwich,Mumbai,Near Andheri West Station,https://www.zomato.com/mumbai/yadavji-sandwich-near-andheri-west-station/info,491,Quick Bites,9am to 10pm(Mon-Sun),Average,3.2,7.0,Andheri,Budget,Average,Low Popularity,False,3.59,17.95,yadavji sandwich sandwich quick bites budget average low popularity
Paratha Box,300,North Indian,Mumbai,7 Bungalows-- Andheri West,https://www.zomato.com/mumbai/paratha-box-7-bungalows/info,491,none,930am to 12midnight(Mon-Sun),Average,3.4,23.0,Andheri,Budget,Average,Low Popularity,False,3.57,11.9,paratha box north indian none budget average low popularity
Secret Kitchen,300,Fast Food,Mumbai,Bandra East,https://www.zomato.com/mumbai/secret-kitchen-bandra-east/info,492,Quick Bites,11am to 11pm(Mon-Sun),Average,3.2,8.0,Bandra,Budget,Average,Low Popularity,False,3.58,11.93,secret kitchen fast food quick bites budget average low popularity
Amma's Chula,300,Konkan,Mumbai,Bandra East,https://www.zomato.com/mumbai/ammas-chula-bandra-east/info,494,none,"12noon to 5pm(Mon-Fri),Closed(Sat-Sun)",Average,3.1,6.0,Bandra,Budget,Average,Low Popularity,False,3.58,11.93,amma's chula konkan none budget average low popularity
Raju Kabab,600,"Chinese,North Indian,Seafood",Mumbai,Versova-- Andheri West,https://www.zomato.com/mumbai/raju-kabab-versova/info,496,Quick Bites,1130am to 12midnight(Mon-Sun),Good,3.5,109.0,Andheri,Moderate,Good,Moderately Popular,True,3.56,5.93,"raju kabab chinese,north indian,seafood quick bites moderate good moderately popular"
Ghasitaram S.K. Foods,300,Mithai,Mumbai,Versova-- Andheri West,https://www.zomato.com/mumbai/ghasitaram-s-k-foods-versova/info,497,Sweet Shop,830am to 1130pm(Mon-Sun),Average,3.2,9.0,Andheri,Budget,Average,Low Popularity,False,3.58,11.93,ghasitaram s.k. foods mithai sweet shop budget average low popularity
Mumbaii Caafee Food Stop,400,"Chinese,Fast Food,North Indian",Mumbai,7 Bungalows-- Andheri West,https://www.zomato.com/mumbai/mumbaii-caafee-food-stop-7-bungalows/info,497,Quick Bites,11am to 12midnight(Mon-Sun),Good,3.5,13.0,Andheri,Budget,Good,Low Popularity,True,3.6,9.0,"mumbaii caafee food stop chinese,fast food,north indian quick bites budget good low popularity"
Pishu's,600,"Healthy Food,Salad,Beverages",Mumbai,Andheri Lokhandwala-- Andheri West,https://www.zomato.com/mumbai/pishus-andheri-lokhandwala/info,5,Quick Bites,8am to 3am(Mon-Sun),Very Good,4.1,1518.0,Andheri,Moderate,Very Good,Highly Popular,True,4.07,6.78,"pishu's healthy food,salad,beverages quick bites moderate very good highly popular"
Pratap The Dhaba,1000,"North Indian,Mughlai",Mumbai,Oshiwara-- Andheri West,https://www.zomato.com/mumbai/pratap-the-dhaba-oshiwara/info,5,Casual Dining,"12noon to 4pm,7pm to 1am(Mon-Sun)",Sangat Baik,4.0,2460.0,Andheri,Moderate,Very Good,Highly Popular,True,3.98,3.98,"pratap the dhaba north indian,mughlai casual dining moderate very good highly popular"
Eat Around the Corner,1100,"American,Italian,Lebanese",Mumbai,Pali Hill-- Bandra West,https://www.zomato.com/mumbai/eat-around-the-corner-pali-hill-bandra-west/info,5,Casual Dining,7am to 1am(Mon-Sun),Very Good,4.1,1957.0,Bandra,Expensive,Very Good,Highly Popular,False,4.07,3.7,"eat around the corner american,italian,lebanese casual dining expensive very good highly popular"
KFC,550,"Burger,Fast Food",Mumbai,Kenilworth Mall-- Linking Road-- Bandra West,https://www.zomato.com/mumbai/kfc-linking-road-bandra-west/info,5,Quick Bites,"11am to 11pm(Mon-Thu),11am to 1am(Fri-Sun)",Good,3.7,686.0,Bandra,Moderate,Good,Highly Popular,True,3.69,6.71,"kfc burger,fast food quick bites moderate good highly popular"
Rizwan Hot Roll,300,"Fast Food,Rolls",Mumbai,Oshiwara-- Andheri West,https://www.zomato.com/mumbai/rizwan-hot-roll-oshiwara/info,50,Quick Bites,"12midnight to 230am,1115am to 12midnight(Mon...",Average,3.4,65.0,Andheri,Budget,Average,Low Popularity,False,3.53,11.77,"rizwan hot roll fast food,rolls quick bites budget average low popularity"
Iscicle,200,"Desserts,Ice Cream",Mumbai,Andheri Lokhandwala-- Andheri West,https://www.zomato.com/mumbai/iscicle-andheri-lokhandwala/info,50,Quick Bites,"11am to 3am(Mon-Sat),12noon to 3am(Sun)",Good,3.7,64.0,Andheri,Budget,Good,Low Popularity,True,3.64,18.2,"iscicle desserts,ice cream quick bites budget good low popularity"
Ravi Veg Restaurant,400,"South Indian,North Indian,Chinese,Street Food,Beverages",Mumbai,Santacruz East,https://www.zomato.com/mumbai/ravi-veg-restaurant-santacruz-east/info,500,Quick Bites,7am to 12midnight(Mon-Sun),Average,3.3,30.0,Santacruz,Budget,Average,Low Popularity,False,3.54,8.85,"ravi veg restaurant south indian,north indian,chinese,street food,beverages quick bites budget average low popularity"
Dairy Don,200,"Ice Cream,Desserts",Mumbai,Vile Parle West,https://www.zomato.com/mumbai/dairy-don-1-vile-parle-west/info,500,Dessert Parlor,5pm to 12midnight(Mon-Sun),Good,3.8,81.0,Vile Parle,Budget,Good,Low Popularity,True,3.69,18.45,"dairy don ice cream,desserts dessert parlor budget good low popularity"
Chicken Leaf Restaurant,550,"North Indian,Mughlai,Chinese",Mumbai,Versova-- Andheri West,https://www.zomato.com/mumbai/chicken-leaf-restaurant-versova/info,502,Casual Dining,1130am to 1130pm(Mon-Sun),Average,3.2,34.0,Andheri,Moderate,Average,Low Popularity,False,3.51,6.38,"chicken leaf restaurant north indian,mughlai,chinese casual dining moderate average low popularity"
The Baker's Dozen,400,"Bakery,Fast Food,Desserts",Mumbai,Pali Hill-- Bandra West,https://www.zomato.com/mumbai/the-bakers-dozen-pali-hill-bandra-west/info,503,Bakery,"8am to 9pm(Mon,Tue,Wed,Fri,Sat,Sun),Closed...",Good,3.8,117.0,Bandra,Budget,Good,Moderately Popular,True,3.71,9.28,"the baker's dozen bakery,fast food,desserts bakery budget good moderately popular"
Workeatout,250,Healthy Food,Mumbai,Vile Parle East,https://www.zomato.com/mumbai/workeatout-2-vile-parle-east/info,503,Quick Bites,730am to 10pm(Mon-Sun),Good,3.5,35.0,Vile Parle,Budget,Good,Low Popularity,True,3.58,14.32,workeatout healthy food quick bites budget good low popularity
Scoops Ice Cream Parlour,150,Ice Cream,Mumbai,Near Andheri West Station,https://www.zomato.com/mumbai/scoops-ice-cream-parlour-near-andheri-west-station/info,504,Dessert Parlor,12noon to 12midnight(Mon-Sun),Good,3.5,16.0,Andheri,Budget,Good,Low Popularity,True,3.6,24.0,scoops ice cream parlour ice cream dessert parlor budget good low popularity
Lebanese Point,650,Lebanese,Mumbai,Andheri Lokhandwala-- Andheri West,https://www.zomato.com/mumbai/lebanese-point-andheri-lokhandwala/info,505,Casual Dining,12noon to 12midnight(Mon-Sun),Good,3.5,208.0,Andheri,Moderate,Good,Moderately Popular,True,3.54,5.45,lebanese point lebanese casual dining moderate good moderately popular
Punjabi Ghasitaram's,300,"Mithai,Fast Food,Bakery",Mumbai,Versova-- Andheri West,https://www.zomato.com/mumbai/punjabi-ghasitarams-versova/info,506,Sweet Shop,9am to 10pm(Mon-Sun),Average,2.8,4.0,Andheri,Budget,Average,Low Popularity,False,3.58,11.93,"punjabi ghasitaram's mithai,fast food,bakery sweet shop budget average low popularity"
New Riyaz,500,"North Indian,Chinese,Biryani",Mumbai,Bandra Talao-- Bandra West,https://www.zomato.com/mumbai/new-riyaz-bandra-talao-bandra-west/info,506,Casual Dining,6am to 12midnight(Mon-Sun),Good,3.5,87.0,Bandra,Budget,Good,Low Popularity,True,3.56,7.12,"new riyaz north indian,chinese,biryani casual dining budget good low popularity"
Home Bakery,800,Bakery,Mumbai,Andheri Lokhandwala-- Andheri West,https://www.zomato.com/mumbai/home-bakery-andheri-lokhandwala/info,507,none,9am to 8pm(Mon-Sun),Average,3.2,8.0,Andheri,Moderate,Average,Low Popularity,False,3.58,4.47,home bakery bakery none moderate average low popularity
Shreenath Fast Food,200,Fast Food,Mumbai,Vile Parle West,https://www.zomato.com/mumbai/shreenath-fast-food-vile-parle-west/info,508,Quick Bites,7am to 7pm(Mon-Sun),Average,3.2,5.0,Vile Parle,Budget,Average,Low Popularity,False,3.59,17.95,shreenath fast food fast food quick bites budget average low popularity
The Shack,700,"Chinese,Italian,North Indian",Mumbai,Vile Parle East,https://www.zomato.com/mumbai/the-shack-vile-parle-east/info,51,Casual Dining,"12noon to 330pm,7pm to 1am(Mon-Sun)",Very Good,4.4,654.0,Vile Parle,Moderate,Very Good,Highly Popular,True,4.29,6.13,"the shack chinese,italian,north indian casual dining moderate very good highly popular"
PepperCurls,1000,European,Mumbai,Hill Road-- Bandra West,https://www.zomato.com/mumbai/peppercurls-hill-road-bandra-west/info,51,Casual Dining,12noon to 4am(Mon-Sun),Good,3.6,35.0,Bandra,Moderate,Good,Low Popularity,True,3.61,3.61,peppercurls european casual dining moderate good low popularity
Shiv Shakti,500,"North Indian,Chinese,Seafood",Mumbai,Bandra East,https://www.zomato.com/mumbai/shiv-shakti-bandra-east/info,510,Casual Dining,"12noon to 3pm,7pm to 1130pm(Mon-Sun)",Good,3.5,39.0,Bandra,Budget,Good,Low Popularity,True,3.58,7.16,"shiv shakti north indian,chinese,seafood casual dining budget good low popularity"
Apsara Restaurant,500,"North Indian,Chinese,Mughlai",Mumbai,Pali Hill-- Bandra West,https://www.zomato.com/mumbai/apsara-restaurant-pali-hill-bandra-west/info,510,Casual Dining,11am to 11pm(Mon-Sun),Average,2.9,38.0,Bandra,Budget,Average,Low Popularity,False,3.43,6.86,"apsara restaurant north indian,chinese,mughlai casual dining budget average low popularity"
Chand's Tikka Point,300,"Rolls,Mughlai",Mumbai,Carter Road-- Bandra West,https://www.zomato.com/mumbai/chands-tikka-point-carter-road-bandra-west/info,511,Quick Bites,7pm to 1130pm(Mon-Sun),Good,3.6,25.0,Bandra,Budget,Good,Low Popularity,True,3.61,12.03,"chand's tikka point rolls,mughlai quick bites budget good low popularity"
The Health Squadron,400,"Beverages,Juices",Mumbai,Versova-- Andheri West,https://www.zomato.com/mumbai/the-health-squadron-versova/info,511,none,11am to 11pm(Mon-Sun),Good,3.5,26.0,Andheri,Budget,Good,Low Popularity,True,3.59,8.98,"the health squadron beverages,juices none budget good low popularity"
Bullet Biryani,600,"Biryani,Hyderabadi,Lucknowi,Mughlai",Mumbai,Reclamation-- Bandra West,https://www.zomato.com/mumbai/bullet-biryani-1-reclamation-bandra-west/info,512,none,"12noon to 4pm,7pm to 10pm(Mon-Thu),12noon to ...",Good,3.6,28.0,Bandra,Moderate,Good,Low Popularity,True,3.61,6.02,"bullet biryani biryani,hyderabadi,lucknowi,mughlai none moderate good low popularity"
Leles,500,"Fast Food,Italian,Healthy Food",Mumbai,Pali Hill-- Bandra West,https://www.zomato.com/mumbai/leles-pali-hill-bandra-west/info,512,none,"Closed(Mon),8am to 1145pm(Tue-Sun)",Average,3.4,61.0,Bandra,Budget,Average,Low Popularity,False,3.54,7.08,"leles fast food,italian,healthy food none budget average low popularity"
Laxmi Prasanna,500,"North Indian,Chinese,South Indian,Street Food,Fast Food,Beverages",Mumbai,Near Andheri West Station,https://www.zomato.com/mumbai/laxmi-prasanna-near-andheri-west-station/info,514,Casual Dining,"11am to 330pm,7pm to 11pm(Mon-Sun)",Average,2.7,26.0,Andheri,Budget,Average,Low Popularity,False,3.44,6.88,"laxmi prasanna north indian,chinese,south indian,street food,fast food,beverages casual dining budget average low popularity"
Cupcake Factory,480,"Bakery,Desserts",Mumbai,Pali Hill-- Bandra West,https://www.zomato.com/mumbai/cupcake-factory-1-pali-hill-bandra-west/info,515,none,1130am to 1130pm(Mon-Sun),Very Good,4.0,265.0,Bandra,Budget,Very Good,Moderately Popular,True,3.89,8.1,"cupcake factory bakery,desserts none budget very good moderately popular"
Dairy Don,200,"Ice Cream,Desserts",Mumbai,Vile Parle East,https://www.zomato.com/mumbai/dairy-don-vile-parle-east/info,52,Dessert Parlor,1230pm to 1am(Mon-Sun),Good,3.9,173.0,Vile Parle,Budget,Good,Moderately Popular,True,3.79,18.95,"dairy don ice cream,desserts dessert parlor budget good moderately popular"
Beirut,400,Lebanese,Mumbai,Pali Hill-- Bandra West,https://www.zomato.com/mumbai/beirut-pali-hill-bandra-west/info,52,none,430pm to 3am(Mon-Sun),Average,3.4,44.0,Bandra,Budget,Average,Low Popularity,False,3.55,8.88,beirut lebanese none budget average low popularity
Healthie,600,"Healthy Food,Sandwich,Salad,Juices,Desserts,Beverages",Mumbai,Oshiwara-- Andheri West,https://www.zomato.com/mumbai/healthie-oshiwara/info,52,none,8am to 2am(Mon-Sun),Good,3.7,332.0,Andheri,Moderate,Good,Moderately Popular,True,3.68,6.13,"healthie healthy food,sandwich,salad,juices,desserts,beverages none moderate good moderately popular"
The BarbeQ Junction,650,"Chinese,North Indian,Seafood,Rolls",Mumbai,Andheri Lokhandwala-- Andheri West,https://www.zomato.com/mumbai/the-barbeq-junction-andheri-lokhandwala/info,52,none,"12noon to 4pm,630pm to 3am(Mon,Wed,Thu,Fri...",Good,3.8,267.0,Andheri,Moderate,Good,Moderately Popular,True,3.75,5.77,"the barbeq junction chinese,north indian,seafood,rolls none moderate good moderately popular"
Saathi Fast Food,250,"South Indian,Fast Food,Beverages",Mumbai,Versova-- Andheri West,https://www.zomato.com/mumbai/saathi-fast-food-versova/info,520,Quick Bites,11am to 12midnight(Mon-Sun),Good,3.7,93.0,Andheri,Budget,Good,Low Popularity,True,3.65,14.6,"saathi fast food south indian,fast food,beverages quick bites budget good low popularity"
Chef Tush-R's College Days,450,"Chinese,North Indian",Mumbai,Bandra East,https://www.zomato.com/mumbai/chef-tush-rs-college-days-bandra-east/info,521,Quick Bites,8am to 1030pm(Mon-Sun),Good,3.5,62.0,Bandra,Budget,Good,Low Popularity,True,3.57,7.93,"chef tush-r's college days chinese,north indian quick bites budget good low popularity"
Indulgence Home Bakers,550,"Bakery,Desserts",Mumbai,Near Andheri East Station,https://www.zomato.com/mumbai/indulgence-home-bakers-near-andheri-east-station/info,521,none,11am to 10pm(Mon-Sun),Promedio,3.1,6.0,Andheri,Moderate,Average,Low Popularity,False,3.58,6.51,"indulgence home bakers bakery,desserts none moderate average low popularity"
Mohanlal S Mithaiwala,400,Mithai,Mumbai,Vile Parle East,https://www.zomato.com/mumbai/mohanlal-s-mithaiwala-1-vile-parle-east/info,522,Sweet Shop,"Closed(Mon),11am to 8pm(Tue-Sun)",Good,3.5,26.0,Vile Parle,Budget,Good,Low Popularity,True,3.59,8.98,mohanlal s mithaiwala mithai sweet shop budget good low popularity
Tosita Bakery,200,"Bakery,Desserts",Mumbai,Linking Road-- Bandra West,https://www.zomato.com/mumbai/tosita-bakery-linking-road-bandra-west/info,523,Dessert Parlor,8am to 9pm(Mon-Sun),Average,2.9,4.0,Bandra,Budget,Average,Low Popularity,False,3.59,17.95,"tosita bakery bakery,desserts dessert parlor budget average low popularity"
Treat Way Inn,600,"Chinese,North Indian,Mughlai",Mumbai,Versova-- Andheri West,https://www.zomato.com/mumbai/treat-way-inn-versova/info,525,Casual Dining,1130am to 230am(Mon-Sun),Average,2.8,73.0,Andheri,Moderate,Average,Low Popularity,False,3.29,5.48,"treat way inn chinese,north indian,mughlai casual dining moderate average low popularity"
Red Pepper Kitchen,400,Chinese,Mumbai,Oshiwara-- Andheri West,https://www.zomato.com/mumbai/red-pepper-kitchen-oshiwara/info,525,Quick Bites,"12noon to 1230AM(Mon-Tue),12noon to 4am(Wed-Sun)",Average,3.3,27.0,Andheri,Budget,Average,Low Popularity,False,3.55,8.88,red pepper kitchen chinese quick bites budget average low popularity
Red Pepper Kitchen,400,Chinese,Mumbai,Oshiwara-- Andheri West,https://www.zomato.com/mumbai/red-pepper-kitchen-oshiwara/info,526,Quick Bites,"12noon to 1230AM(Mon-Tue),12noon to 4am(Wed-Sun)",Average,3.3,27.0,Andheri,Budget,Average,Low Popularity,False,3.55,8.88,red pepper kitchen chinese quick bites budget average low popularity
Ganesh,500,"Chinese,North Indian,Malwani",Mumbai,Bandra East,https://www.zomato.com/mumbai/ganesh-bandra-east/info,527,Quick Bites,1130am to 1130pm(Mon-Sun),Average,3.0,11.0,Bandra,Budget,Average,Low Popularity,False,3.56,7.12,"ganesh chinese,north indian,malwani quick bites budget average low popularity"
Shiv Mahal,450,"Chinese,Fast Food,North Indian,South Indian",Mumbai,Santacruz West,https://www.zomato.com/mumbai/shiv-mahal-santacruz-west/info,527,Casual Dining,7am to 12midnight(Mon-Sun),Poor,2.2,104.0,Santacruz,Budget,Average,Moderately Popular,False,2.92,6.49,"shiv mahal chinese,fast food,north indian,south indian casual dining budget average moderately popular"
Hotel Priyanka,400,"South Indian,North Indian,Street Food",Mumbai,Santacruz East,https://www.zomato.com/mumbai/hotel-priyanka-santacruz-east/info,527,Casual Dining,7am to 1130pm(Mon-Sun),Average,2.6,64.0,Santacruz,Budget,Average,Low Popularity,False,3.24,8.1,"hotel priyanka south indian,north indian,street food casual dining budget average low popularity"
Divya Sagar,500,"Chinese,North Indian,Biryani",Mumbai,Near Andheri East Station,https://www.zomato.com/mumbai/divya-sagar-near-andheri-east-station/info,527,Casual Dining,11am to 12midnight(Mon-Sun),Average,3.4,37.0,Andheri,Budget,Average,Low Popularity,False,3.56,7.12,"divya sagar chinese,north indian,biryani casual dining budget average low popularity"
Vadilal Ice Cream,300,Ice Cream,Mumbai,Vile Parle West,https://www.zomato.com/mumbai/vadilal-ice-cream-vile-parle-west/info,528,Dessert Parlor,"11am to 7pm(Mon-Sat),Closed(Sun)",Average,3.2,5.0,Vile Parle,Budget,Average,Low Popularity,False,3.59,11.97,vadilal ice cream ice cream dessert parlor budget average low popularity
Cafe Churchill,400,"Mughlai,Fast Food,Chinese,North Indian",Mumbai,Juhu,https://www.zomato.com/mumbai/cafe-churchill-juhu/info,528,Casual Dining,12noon to 12midnight(Mon-Sun),Good,3.5,58.0,Juhu,Budget,Good,Low Popularity,True,3.57,8.92,"cafe churchill mughlai,fast food,chinese,north indian casual dining budget good low popularity"
Ice Cream Desserrts,400,Desserts,Mumbai,Santacruz West,https://www.zomato.com/mumbai/ice-cream-desserrts-santacruz-west/info,529,Dessert Parlor,24,Good,3.6,110.0,Santacruz,Budget,Good,Moderately Popular,True,3.61,9.02,ice cream desserrts desserts dessert parlor budget good moderately popular
Quesso Xpress,600,"Italian,Fast Food,Sandwich,Burger",Mumbai,Oshiwara-- Andheri West,https://www.zomato.com/mumbai/quesso-xpress-1-oshiwara/info,53,none,11am to 4am(Mon-Sun),Good,3.9,91.0,Andheri,Moderate,Good,Low Popularity,True,3.74,6.23,"quesso xpress italian,fast food,sandwich,burger none moderate good low popularity"
Sahibaan,800,"Chinese,Seafood,North Indian,Mughlai",Mumbai,Bandra Talao-- Bandra West,https://www.zomato.com/mumbai/sahibaan-bandra-talao-bandra-west/info,53,none,11am to 1230AM(Mon-Sun),Good,3.8,443.0,Bandra,Moderate,Good,Moderately Popular,True,3.76,4.7,"sahibaan chinese,seafood,north indian,mughlai none moderate good moderately popular"
The Dough Story,300,Desserts,Mumbai,Vile Parle West,https://www.zomato.com/mumbai/the-dough-story-vile-parle-west/info,530,Dessert Parlor,1030am to 12midnight(Mon-Sun),Good,3.9,177.0,Vile Parle,Budget,Good,Moderately Popular,True,3.79,12.63,the dough story desserts dessert parlor budget good moderately popular
Classic Chinese,650,Chinese,Mumbai,Near Andheri West Station,https://www.zomato.com/mumbai/classic-chinese-near-andheri-west-station/info,531,Casual Dining,"11am to 3pm,630pm to 1130pm(Mon-Sun)",Good,3.5,83.0,Andheri,Moderate,Good,Low Popularity,True,3.56,5.48,classic chinese chinese casual dining moderate good low popularity
Live2Eat Desserts,300,"Bakery,Desserts",Mumbai,Santacruz West,https://www.zomato.com/mumbai/live2eat-desserts-santacruz-west/info,531,Bakery,9am to 8pm(Mon-Sun),Good,3.9,59.0,Santacruz,Budget,Good,Low Popularity,True,3.71,12.37,"live2eat desserts bakery,desserts bakery budget good low popularity"
Lavash Bakery And Patisserie,200,"Bakery,Desserts",Mumbai,Andheri Lokhandwala-- Andheri West,https://www.zomato.com/mumbai/lavash-bakery-and-patisserie-andheri-lokhandwala/info,532,Bakery,11am to 11pm(Mon-Sun),Good,3.5,27.0,Andheri,Budget,Good,Low Popularity,True,3.59,17.95,"lavash bakery and patisserie bakery,desserts bakery budget good low popularity"
New Ideal,600,"North Indian,Chinese,Mughlai",Mumbai,Santacruz East,https://www.zomato.com/mumbai/new-ideal-1-santacruz-east/info,532,Casual Dining,12noon to 12midnight(Mon-Sun),Average,3.3,40.0,Santacruz,Moderate,Average,Low Popularity,False,3.53,5.88,"new ideal north indian,chinese,mughlai casual dining moderate average low popularity"
Salman's,300,"Lebanese,North Indian",Mumbai,Andheri Lokhandwala-- Andheri West,https://www.zomato.com/mumbai/salmans-andheri-lokhandwala/info,532,none,430pm to 12midnight(Mon-Sun),Good,3.6,56.0,Andheri,Budget,Good,Low Popularity,True,3.61,12.03,"salman's lebanese,north indian none budget good low popularity"
Amrita's Healthy Treats & More,500,"Bakery,Desserts,Healthy Food",Mumbai,Santacruz West,https://www.zomato.com/mumbai/amritas-healthy-treats-more-santacruz-west/info,533,Bakery,1030am to 630pm(Mon-Sun),Good,3.8,69.0,Santacruz,Budget,Good,Low Popularity,True,3.68,7.36,"amrita's healthy treats & more bakery,desserts,healthy food bakery budget good low popularity"
Hotel Sudarshan,500,"North Indian,Chinese,South Indian,Street Food",Mumbai,Santacruz East,https://www.zomato.com/mumbai/hotel-sudarshan-santacruz-east/info,533,Casual Dining,9am to 11pm(Mon-Sun),Good,3.5,52.0,Santacruz,Budget,Good,Low Popularity,True,3.58,7.16,"hotel sudarshan north indian,chinese,south indian,street food casual dining budget good low popularity"
Nice Fast Food,300,Fast Food,Mumbai,Santacruz West,https://www.zomato.com/mumbai/nice-fast-food-santacruz-west/info,534,Quick Bites,1230pm to 1158pm(Mon-Sun),Good,3.6,55.0,Santacruz,Budget,Good,Low Popularity,True,3.61,12.03,nice fast food fast food quick bites budget good low popularity
Curry Patta,800,"South Indian,Indian",Mumbai,Bandra Talao-- Bandra West,https://www.zomato.com/mumbai/curry-patta-bandra-talao-bandra-west/info,534,none,12noon to 12midnight(Mon-Sun),Average,3.4,12.0,Bandra,Moderate,Average,Low Popularity,False,3.59,4.49,"curry patta south indian,indian none moderate average low popularity"
Home Made,500,"Bakery,Desserts,Fast Food",Mumbai,Juhu,https://www.zomato.com/mumbai/home-made-juhu/info,535,Bakery,1030am to 12midnight(Mon-Sun),Good,3.5,25.0,Juhu,Budget,Good,Low Popularity,True,3.59,7.18,"home made bakery,desserts,fast food bakery budget good low popularity"
Sushi Cafe,1000,"Sushi,Japanese",Mumbai,Santacruz West,https://www.zomato.com/mumbai/sushi-cafe-1-santacruz-west/info,535,Casual Dining,12noon to 1130pm(Mon-Sun),Good,3.6,283.0,Santacruz,Moderate,Good,Moderately Popular,True,3.6,3.6,"sushi cafe sushi,japanese casual dining moderate good moderately popular"
Grill & Chill,400,"Street Food,Burger,Beverages,Fast Food,Pizza",Mumbai,Santacruz East,https://www.zomato.com/mumbai/grill-chill-santacruz-east/info,535,Quick Bites,8am to 12midnight(Mon-Sun),Good,3.6,118.0,Santacruz,Budget,Good,Moderately Popular,True,3.61,9.02,"grill & chill street food,burger,beverages,fast food,pizza quick bites budget good moderately popular"
Goodie Bag Co.,350,"Bakery,Desserts",Mumbai,Pali Hill-- Bandra West,https://www.zomato.com/mumbai/goodie-bag-co-pali-hill-bandra-west/info,536,Bakery,10am to 8pm(Mon-Sun),Good,3.7,32.0,Bandra,Budget,Good,Low Popularity,True,3.63,10.37,"goodie bag co. bakery,desserts bakery budget good low popularity"
Trupti,450,"North Indian,South Indian,Chinese,Fast Food,Beverages",Mumbai,Oshiwara-- Andheri West,https://www.zomato.com/mumbai/trupti-oshiwara/info,537,Casual Dining,830am to 1130pm(Mon-Sun),Good,3.5,36.0,Andheri,Budget,Good,Low Popularity,True,3.58,7.96,"trupti north indian,south indian,chinese,fast food,beverages casual dining budget good low popularity"
Cafe Sahara,550,"North Indian,Chinese,Mughlai,Seafood",Mumbai,Bandra East,https://www.zomato.com/mumbai/cafe-sahara-bandra-east/info,537,Casual Dining,12noon to 12midnight(Mon-Sun),Average,3.4,37.0,Bandra,Moderate,Average,Low Popularity,False,3.56,6.47,"cafe sahara north indian,chinese,mughlai,seafood casual dining moderate average low popularity"
Get-A-Whey,500,Desserts,Mumbai,Andheri Lokhandwala-- Andheri West,https://www.zomato.com/mumbai/get-a-whey-andheri-lokhandwala/info,538,none,11am to 11pm(Mon-Sun),Average,3.2,9.0,Andheri,Budget,Average,Low Popularity,False,3.58,7.16,get-a-whey desserts none budget average low popularity
Moonlight Cafe,350,"Fast Food,North Indian,South Indian,Chinese",Mumbai,Vile Parle West,https://www.zomato.com/mumbai/moonlight-cafe-vile-parle-west/info,539,Quick Bites,7am to 12midnight(Mon-Sun),Average,3.2,13.0,Vile Parle,Budget,Average,Low Popularity,False,3.57,10.2,"moonlight cafe fast food,north indian,south indian,chinese quick bites budget average low popularity"
Tiffanys Resto Bar,950,"North Indian,Chinese,Mughlai,Biryani,Seafood",Mumbai,Santacruz East,https://www.zomato.com/mumbai/tiffanys-resto-bar-santacruz-east/info,54,Casual Dining,"11am to 4pm,630pm to 1230AM(Mon-Sun)",Good,3.7,226.0,Santacruz,Moderate,Good,Moderately Popular,True,3.67,3.86,"tiffanys resto bar north indian,chinese,mughlai,biryani,seafood casual dining moderate good moderately popular"
Stir Fry Express,500,"Chinese,Tibetan,Momos",Mumbai,Andheri Lokhandwala-- Andheri West,https://www.zomato.com/mumbai/stir-fry-express-andheri-lokhandwala/info,54,Quick Bites,12noon to 1am(Mon-Sun),Very Good,4.0,73.0,Andheri,Budget,Very Good,Low Popularity,True,3.77,7.54,"stir fry express chinese,tibetan,momos quick bites budget very good low popularity"
Mejwani Restaurant,400,"Seafood,Maharashtrian,Malwani,Indian,Konkan",Mumbai,Vile Parle East,https://www.zomato.com/mumbai/mejwani-restaurant-vile-parle-east/info,540,Quick Bites,"Closed(Mon),11am to 330pm,7pm to 11pm(Tue-Sun)",Average,2.8,119.0,Vile Parle,Budget,Average,Moderately Popular,False,3.19,7.98,"mejwani restaurant seafood,maharashtrian,malwani,indian,konkan quick bites budget average moderately popular"
House Of Cookies,250,Bakery,Mumbai,Juhu,https://www.zomato.com/mumbai/house-of-cookies-juhu/info,541,Bakery,"11am to 8pm(Mon-Sat),12noon to 630pm(Sun)",Good,3.8,84.0,Juhu,Budget,Good,Low Popularity,True,3.69,14.76,house of cookies bakery bakery budget good low popularity
The Dragon Everest,400,Chinese,Mumbai,Juhu,https://www.zomato.com/mumbai/the-dragon-everest-juhu/info,541,Quick Bites,12noon to 12midnight(Mon-Sun),Average,3.3,66.0,Juhu,Budget,Average,Low Popularity,False,3.49,8.72,the dragon everest chinese quick bites budget average low popularity
Italo Gourmet Delight,500,Italian,Mumbai,Santacruz East,https://www.zomato.com/mumbai/italo-gourmet-delight-santacruz-east/info,541,none,11am to 11pm(Mon-Sun),Good,3.6,94.0,Santacruz,Budget,Good,Low Popularity,True,3.61,7.22,italo gourmet delight italian none budget good low popularity
Varde's Foodland,700,"North Indian,Malwani",Mumbai,Bandra East,https://www.zomato.com/mumbai/vardes-foodland-bandra-east/info,542,Casual Dining,"11am to 4pm,7pm to 11pm(Mon,Wed,Thu,Fri,Sat...",Good,3.6,90.0,Bandra,Moderate,Good,Low Popularity,True,3.61,5.16,"varde's foodland north indian,malwani casual dining moderate good low popularity"
Wow! China,500,"Seafood,Desserts,Chinese",Mumbai,Santacruz East,https://www.zomato.com/mumbai/wow-china-santacruz-east/info,542,Casual Dining,"1130am to 330pm,7pm to 12midnight(Mon-Sun)",Good,3.8,151.0,Santacruz,Budget,Good,Moderately Popular,True,3.72,7.44,"wow! china seafood,desserts,chinese casual dining budget good moderately popular"
Konkan Lajjatdar,500,"Seafood,Biryani,Beverages,Chinese,Malwani,Konkan",Mumbai,Andheri Lokhandwala-- Andheri West,https://www.zomato.com/mumbai/konkan-lajjatdar-andheri-lokhandwala/info,543,Casual Dining,"1130am to 330pm,730pm to 12midnight(Mon-Sun)",Good,3.6,178.0,Andheri,Budget,Good,Moderately Popular,True,3.6,7.2,"konkan lajjatdar seafood,biryani,beverages,chinese,malwani,konkan casual dining budget good moderately popular"
Woksuey,400,Chinese,Mumbai,Andheri Lokhandwala-- Andheri West,https://www.zomato.com/mumbai/woksuey-andheri-lokhandwala/info,543,Quick Bites,"12noon to 330pm,7pm to 12midnight(Mon-Sun)",Average,3.4,7.0,Andheri,Budget,Average,Low Popularity,False,3.6,9.0,woksuey chinese quick bites budget average low popularity
Eat-A-Whey,500,"Desserts,Bakery,Healthy Food",Mumbai,Pali Hill-- Bandra West,https://www.zomato.com/eatawhey/info,545,Quick Bites,10am to 8pm(Mon-Sun),Good,3.5,33.0,Bandra,Budget,Good,Low Popularity,True,3.59,7.18,"eat-a-whey desserts,bakery,healthy food quick bites budget good low popularity"
Jar Designs,300,"Bakery,Desserts",Mumbai,Vile Parle West,https://www.zomato.com/mumbai/jar-designs-vile-parle-west/info,545,Bakery,"10am to 7pm(Mon-Sat),10am to 2pm(Sun)",Good,3.9,136.0,Vile Parle,Budget,Good,Moderately Popular,True,3.77,12.57,"jar designs bakery,desserts bakery budget good moderately popular"
Oink,600,"Fast Food,Burger,Salad,Healthy Food",Mumbai,Oshiwara-- Andheri West,https://www.zomato.com/mumbai/oink-oshiwara/info,545,Quick Bites,"10am to 10pm(Mon-Sat),Closed(Sun)",Good,3.7,134.0,Andheri,Moderate,Good,Moderately Popular,True,3.66,6.1,"oink fast food,burger,salad,healthy food quick bites moderate good moderately popular"
Palkhi,550,"North Indian,Chinese,Seafood",Mumbai,Bandra East,https://www.zomato.com/mumbai/palkhi-bandra-east/info,546,Casual Dining,11am to 12midnight(Mon-Sun),Average,3.1,63.0,Bandra,Moderate,Average,Low Popularity,False,3.42,6.22,"palkhi north indian,chinese,seafood casual dining moderate average low popularity"
Ujala Restaurant & Bar,550,"Chinese,North Indian,Seafood,Mughlai",Mumbai,Bandra East,https://www.zomato.com/mumbai/ujala-restaurant-bar-bandra-east/info,548,Casual Dining,"1030am to 330pm,6pm to 12midnight(Mon-Sun)",Average,3.2,27.0,Bandra,Moderate,Average,Low Popularity,False,3.53,6.42,"ujala restaurant & bar chinese,north indian,seafood,mughlai casual dining moderate average low popularity"
Lucky Restaurant,550,"North Indian,Chinese",Mumbai,Near Andheri West Station,https://www.zomato.com/mumbai/lucky-restaurant-near-andheri-west-station/info,548,Casual Dining,10am to 12midnight(Mon-Sun),Good,3.6,57.0,Andheri,Moderate,Good,Low Popularity,True,3.61,6.56,"lucky restaurant north indian,chinese casual dining moderate good low popularity"
Just Bengal,600,Bengali,Mumbai,Near Andheri West Station,https://www.zomato.com/mumbai/just-bengal-near-andheri-west-station/info,549,Quick Bites,"11am to 330pm,730pm to 12midnight(Mon-Sun)",Good,3.7,134.0,Andheri,Moderate,Good,Moderately Popular,True,3.66,6.1,just bengal bengali quick bites moderate good moderately popular
Joost Juice Bars,350,Juices,Mumbai,Carter Road-- Bandra West,https://www.zomato.com/mumbai/joost-juice-bars-carter-road-bandra-west/info,549,Beverage Shop,6am to 12midnight(Mon-Sun),Good,3.5,76.0,Bandra,Budget,Good,Low Popularity,True,3.57,10.2,joost juice bars juices beverage shop budget good low popularity
Labella Cafe,650,"Cafe,Continental,Italian,Beverages,Desserts,North Indian",Mumbai,7 Bungalows-- Andheri West,https://www.zomato.com/mumbai/labella-cafe-7-bungalows/info,55,Café,815am to 1245AM(Mon-Sun),Good,3.9,163.0,Andheri,Moderate,Good,Moderately Popular,True,3.78,5.82,"labella cafe cafe,continental,italian,beverages,desserts,north indian café moderate good moderately popular"
Cafe Bharat,250,"Mughlai,Chinese,North Indian",Mumbai,Near Andheri West Station,https://www.zomato.com/mumbai/cafe-bharat-near-andheri-west-station/info,550,Quick Bites,9am to 10pm(Mon-Sun),Good,3.6,34.0,Andheri,Budget,Good,Low Popularity,True,3.61,14.44,"cafe bharat mughlai,chinese,north indian quick bites budget good low popularity"
Mar's Eatery Chinese Corner,450,Chinese,Mumbai,Santacruz East,https://www.zomato.com/mumbai/mars-eatery-chinese-corner-santacruz-east/info,550,Quick Bites,"1130am to 330pm,630pm to 1130pm(Mon-Sun)",Average,2.8,38.0,Santacruz,Budget,Average,Low Popularity,False,3.4,7.56,mar's eatery chinese corner chinese quick bites budget average low popularity
Saldanha's Health Juices,250,"Beverages,Healthy Food,Sandwich",Mumbai,Santacruz East,https://www.zomato.com/mumbai/saldanhas-health-juices-santacruz-east/info,553,Beverage Shop,9am to 11pm(Mon-Sun),Average,2.8,31.0,Santacruz,Budget,Average,Low Popularity,False,3.43,13.72,"saldanha's health juices beverages,healthy food,sandwich beverage shop budget average low popularity"
Famous Pancakes & Bubble Tea,250,Desserts,Mumbai,Andheri Lokhandwala-- Andheri West,https://www.zomato.com/mumbai/famous-pancakes-bubble-tea-1-andheri-lokhandwala/info,554,Food Court,11am to 1130pm(Mon-Sun),Good,3.9,23.0,Andheri,Budget,Good,Low Popularity,True,3.66,14.64,famous pancakes & bubble tea desserts food court budget good low popularity
The Decent Restaurant,600,"North Indian,Mughlai,Chinese",Mumbai,Near Andheri West Station,https://www.zomato.com/mumbai/the-decent-restaurant-near-andheri-west-station/info,554,Casual Dining,10am to 12midnight(Mon-Sun),Bueno,3.5,72.0,Andheri,Moderate,Good,Low Popularity,True,3.57,5.95,"the decent restaurant north indian,mughlai,chinese casual dining moderate good low popularity"
Lotus Court,750,"North Indian,Chinese,Mughlai",Mumbai,Andheri Lokhandwala-- Andheri West,https://www.zomato.com/mumbai/lotus-court-andheri-lokhandwala/info,555,Casual Dining,11am to 12midnight(Mon-Sun),Good,3.8,128.0,Andheri,Moderate,Good,Moderately Popular,True,3.71,4.95,"lotus court north indian,chinese,mughlai casual dining moderate good moderately popular"
Hotel Golden Cafe,500,"North Indian,Chinese,Biryani",Mumbai,Bandra East,https://www.zomato.com/mumbai/hotel-golden-cafe-bandra-east/info,555,Quick Bites,8am to 12midnight(Mon-Sun),Average,3.2,11.0,Bandra,Budget,Average,Low Popularity,False,3.57,7.14,"hotel golden cafe north indian,chinese,biryani quick bites budget average low popularity"
Famous Pancakes & Bubble Tea,250,Desserts,Mumbai,Andheri Lokhandwala-- Andheri West,https://www.zomato.com/mumbai/famous-pancakes-bubble-tea-1-andheri-lokhandwala/info,555,Food Court,11am to 1130pm(Mon-Sun),Good,3.9,23.0,Andheri,Budget,Good,Low Popularity,True,3.66,14.64,famous pancakes & bubble tea desserts food court budget good low popularity
Mavs Cakes & Bakes,500,"Bakery,Fast Food,Desserts",Mumbai,Hill Road-- Bandra West,https://www.zomato.com/mumbai/mavs-cakes-bakes-hill-road-bandra-west/info,556,Bakery,"Closed(Mon),9am to 9pm(Tue-Fri),830am to 9pm...",Good,3.8,75.0,Bandra,Budget,Good,Low Popularity,True,3.69,7.38,"mavs cakes & bakes bakery,fast food,desserts bakery budget good low popularity"
Pankaj Farsan & Wafer Mart,200,"Mithai,Street Food",Mumbai,Vile Parle East,https://www.zomato.com/mumbai/pankaj-farsan-wafer-mart-vile-parle-east/info,556,Sweet Shop,"Closed(Mon),830am to 10pm(Tue-Sun)",Good,3.6,46.0,Vile Parle,Budget,Good,Low Popularity,True,3.61,18.05,"pankaj farsan & wafer mart mithai,street food sweet shop budget good low popularity"
Surabhi,700,"Chinese,North Indian,Mughlai",Mumbai,Santacruz East,https://www.zomato.com/mumbai/surabhi-santacruz-east/info,557,Casual Dining,"11am to 3pm,6pm to 12midnight(Mon-Sun)",Average,3.1,6.0,Santacruz,Moderate,Average,Low Popularity,False,3.58,5.11,"surabhi chinese,north indian,mughlai casual dining moderate average low popularity"
Zaika Caterers,300,"North Indian,South Indian",Mumbai,Near Andheri East Station,https://www.zomato.com/mumbai/zaika-caterers-near-andheri-east-station/info,557,none,10am to 10pm(Mon-Sun),Average,3.3,7.0,Andheri,Budget,Average,Low Popularity,False,3.59,11.97,"zaika caterers north indian,south indian none budget average low popularity"
Levantine,500,Cafe,Mumbai,Pali Hill-- Bandra West,https://www.zomato.com/mumbai/levantine-pali-hill-bandra-west/info,557,Café,11am to 9pm(Mon-Sun),Good,3.7,33.0,Bandra,Budget,Good,Low Popularity,True,3.63,7.26,levantine cafe café budget good low popularity
Raghukrupa Sweets,200,"Mithai,Street Food",Mumbai,Near Andheri East Station,https://www.zomato.com/mumbai/raghukrupa-sweets-2-near-andheri-east-station/info,558,Sweet Shop,8am to 9pm(Mon-Sun),Average,3.0,4.0,Andheri,Budget,Average,Low Popularity,False,3.59,17.95,"raghukrupa sweets mithai,street food sweet shop budget average low popularity"
Brownie Cottage,200,Desserts,Mumbai,Oshiwara-- Andheri West,https://www.zomato.com/mumbai/brownie-cottage-oshiwara/info,559,Dessert Parlor,"10am to 730pm(Mon-Sat),Closed(Sun)",Average,3.4,12.0,Andheri,Budget,Average,Low Popularity,False,3.59,17.95,brownie cottage desserts dessert parlor budget average low popularity
Indigo Burger Project- Bar Bank,500,"Burger,Sandwich,Beverages",Mumbai,Bar Bank-- Juhu,https://www.zomato.com/mumbai/indigo-burger-project-bar-bank-juhu/info,56,Food Truck,12noon to 1am(Mon-Sun),Good,3.9,39.0,Juhu,Budget,Good,Low Popularity,True,3.69,7.38,"indigo burger project- bar bank burger,sandwich,beverages food truck budget good low popularity"
Shree Ramnath,150,Mithai,Mumbai,Bandra East,https://www.zomato.com/mumbai/shree-ramnath-bandra-east/info,560,Sweet Shop,5am to 10pm(Mon-Sun),Average,2.8,22.0,Bandra,Budget,Average,Low Popularity,False,3.48,23.2,shree ramnath mithai sweet shop budget average low popularity
Hotel Shree Gurukripa,450,"North Indian,Chinese,Mughlai",Mumbai,Near Andheri East Station,https://www.zomato.com/mumbai/hotel-shree-gurukripa-near-andheri-east-station/info,560,Casual Dining,8am to 12midnight(Mon-Sun),Average,3.2,9.0,Andheri,Budget,Average,Low Popularity,False,3.58,7.96,"hotel shree gurukripa north indian,chinese,mughlai casual dining budget average low popularity"
Hotel Vaishali,300,"North Indian,South Indian,Fast Food",Mumbai,Juhu,https://www.zomato.com/mumbai/hotel-vaishali-juhu/info,561,Casual Dining,8am to 1130pm(Mon-Sun),Average,3.4,40.0,Juhu,Budget,Average,Low Popularity,False,3.55,11.83,"hotel vaishali north indian,south indian,fast food casual dining budget average low popularity"
Alfa Bakery,200,"Bakery,Fast Food",Mumbai,Versova-- Andheri West,https://www.zomato.com/mumbai/alfa-bakery-versova/info,561,Bakery,730am to 10pm(Mon-Sun),Good,3.6,52.0,Andheri,Budget,Good,Low Popularity,True,3.61,18.05,"alfa bakery bakery,fast food bakery budget good low popularity"
Ajwa Chinese and Shawarma Corner,400,Chinese,Mumbai,Oshiwara-- Andheri West,https://www.zomato.com/mumbai/ajwa-chinese-and-shawarma-corner-oshiwara/info,562,Quick Bites,"11am to 1130pm(Mon,Tue,Wed,Thu,Fri,Sun)...",Average,3.1,7.0,Andheri,Budget,Average,Low Popularity,False,3.58,8.95,ajwa chinese and shawarma corner chinese quick bites budget average low popularity
Sai Dhaba,400,North Indian,Mumbai,Andheri Lokhandwala-- Andheri West,https://www.zomato.com/mumbai/sai-dhaba-andheri-lokhandwala/info,562,Casual Dining,"12noon to 4pm,730pm to 1130pm(Mon-Sun)",Average,2.9,20.0,Andheri,Budget,Average,Low Popularity,False,3.5,8.75,sai dhaba north indian casual dining budget average low popularity
Lung Fung Chinese Food,450,Chinese,Mumbai,Versova-- Andheri West,https://www.zomato.com/mumbai/lung-fung-chinese-food-versova/info,563,Casual Dining,1130am to 12midnight(Mon-Sun),Average,3.1,20.0,Andheri,Budget,Average,Low Popularity,False,3.53,7.84,lung fung chinese food chinese casual dining budget average low popularity
Ice And Spice,500,"Chinese,Seafood",Mumbai,Reclamation-- Bandra West,https://www.zomato.com/mumbai/ice-and-spice-reclamation-bandra-west/info,563,Casual Dining,"11am to 3pm,6pm to 1130pm(Mon-Sun)",Average,2.7,21.0,Bandra,Budget,Average,Low Popularity,False,3.46,6.92,"ice and spice chinese,seafood casual dining budget average low popularity"
Tiffin,450,North Indian,Mumbai,Andheri Lokhandwala-- Andheri West,https://www.zomato.com/mumbai/tiffin-andheri-lokhandwala/info,563,none,"11am to 3pm,7pm to 11pm(Mon-Sun)",Average,3.0,4.0,Andheri,Budget,Average,Low Popularity,False,3.59,7.98,tiffin north indian none budget average low popularity
Bangalore Iyengar' S Bekery,200,Bakery,Mumbai,Near Andheri East Station,https://www.zomato.com/mumbai/bangalore-iyengar-s-bekery-near-andheri-east-station/info,563,Bakery,730am to 10pm(Mon-Sun),Average,3.2,4.0,Andheri,Budget,Average,Low Popularity,False,3.6,18.0,bangalore iyengar' s bekery bakery bakery budget average low popularity
Scrumptiious Let's Play,700,"North Indian,Chinese,Fast Food,Continental",Mumbai,Oshiwara-- Andheri West,https://www.zomato.com/mumbai/scrumptiious-lets-play-oshiwara/info,564,Casual Dining,1130am to 830pm(Mon-Sun),Average,3.1,4.0,Andheri,Moderate,Average,Low Popularity,False,3.59,5.13,"scrumptiious let's play north indian,chinese,fast food,continental casual dining moderate average low popularity"
Sweet Palace,150,"Street Food,Mithai",Mumbai,Andheri Lokhandwala-- Andheri West,https://www.zomato.com/mumbai/sweet-palace-andheri-lokhandwala/info,564,Quick Bites,8am to 10pm(Mon-Sun),Average,2.8,22.0,Andheri,Budget,Average,Low Popularity,False,3.48,23.2,"sweet palace street food,mithai quick bites budget average low popularity"
Kalina Here,400,"American,Fast Food",Mumbai,Santacruz East,https://www.zomato.com/mumbai/kalina-here-santacruz-east/info,564,none,9am to 9pm(Mon-Sun),Average,3.4,22.0,Santacruz,Budget,Average,Low Popularity,False,3.58,8.95,"kalina here american,fast food none budget average low popularity"
Litti Express Delivery Kitchen,500,Bihari,Mumbai,Near Andheri West Station,https://www.zomato.com/mumbai/litti-express-delivery-kitchen-near-andheri-west-station/info,564,none,1130am to 12midnight(Mon-Sun),Average,2.9,8.0,Andheri,Budget,Average,Low Popularity,False,3.56,7.12,litti express delivery kitchen bihari none budget average low popularity
Kolhapuri Darbar,400,North Indian,Mumbai,Vile Parle East,https://www.zomato.com/mumbai/kolhapuri-darbar-vile-parle-east/info,564,Casual Dining,"1130am to 330pm,630pm to 1130pm(Mon,Tue...",Average,3.3,5.0,Vile Parle,Budget,Average,Low Popularity,False,3.6,9.0,kolhapuri darbar north indian casual dining budget average low popularity
Biryani Express,600,"North Indian,Biryani",Mumbai,Vile Parle East,https://www.zomato.com/mumbai/biryani-express-vile-parle-east/info,565,none,11am to 11pm(Mon-Sun),Average,3.1,4.0,Vile Parle,Moderate,Average,Low Popularity,False,3.59,5.98,"biryani express north indian,biryani none moderate average low popularity"
Quality Rolls,250,Rolls,Mumbai,Juhu,https://www.zomato.com/mumbai/quality-rolls-juhu/info,565,Quick Bites,9am to 10pm(Mon-Sun),Average,3.0,11.0,Juhu,Budget,Average,Low Popularity,False,3.56,14.24,quality rolls rolls quick bites budget average low popularity
Daffodils,200,"Fast Food,Bakery,Desserts",Mumbai,Andheri Lokhandwala-- Andheri West,https://www.zomato.com/mumbai/daffodils-andheri-lokhandwala/info,566,Quick Bites,10am to 10pm(Mon-Sun),Good,3.6,67.0,Andheri,Budget,Good,Low Popularity,True,3.61,18.05,"daffodils fast food,bakery,desserts quick bites budget good low popularity"
Lotus Blossom,900,"Asian,Thai",Mumbai,Carter Road-- Bandra West,https://www.zomato.com/mumbai/lotus-blossom-1-carter-road-bandra-west/info,567,Casual Dining,"Closed(Mon),1230pm to 1030pm(Tue-Sun)",Very Good,4.2,28.0,Bandra,Moderate,Very Good,Low Popularity,True,3.73,4.14,"lotus blossom asian,thai casual dining moderate very good low popularity"
Devi Prasad,450,"Chinese,North Indian",Mumbai,Bandra East,https://www.zomato.com/mumbai/devi-prasad-bandra-east/info,569,Casual Dining,"12noon to 3pm,7pm to 12midnight(Mon-Sun)",Average,2.7,24.0,Bandra,Budget,Average,Low Popularity,False,3.45,7.67,"devi prasad chinese,north indian casual dining budget average low popularity"
The Brocode,1000,"Continental,Italian,North Indian,Chinese",Mumbai,Hill Road-- Bandra West,https://www.zomato.com/mumbai/the-brocode-hill-road-bandra-west/info,569,Quick Bites,11am to 11pm(Mon-Sun),Good,3.7,161.0,Bandra,Moderate,Good,Moderately Popular,True,3.66,3.66,"the brocode continental,italian,north indian,chinese quick bites moderate good moderately popular"
Burgers and Meals,400,"Burger,Fast Food",Mumbai,Near Andheri East Station,https://www.zomato.com/mumbai/burgers-and-meals-near-andheri-east-station/info,57,Quick Bites,12noon to 1am(Mon-Sun),Average,3.4,72.0,Andheri,Budget,Average,Low Popularity,False,3.53,8.82,"burgers and meals burger,fast food quick bites budget average low popularity"
Sassy Teaspoon,450,"Bakery,Desserts,Ice Cream",Mumbai,Pali Hill-- Bandra West,https://www.zomato.com/mumbai/sassy-teaspoon-pali-hill-bandra-west/info,57,Bakery,"10am to 12midnight(Mon-Thu),10am to 1am(Fri-Sun)",Good,3.9,38.0,Bandra,Budget,Good,Low Popularity,True,3.69,8.2,"sassy teaspoon bakery,desserts,ice cream bakery budget good low popularity"
Copper Parrot,1200,"North Indian,Continental",Mumbai,Andheri Lokhandwala-- Andheri West,https://www.zomato.com/mumbai/copper-parrot-andheri-lokhandwala/info,57,Casual Dining,1230pm to 1230AM(Mon-Sun),Very Good,4.0,56.0,Andheri,Expensive,Very Good,Low Popularity,False,3.74,3.12,"copper parrot north indian,continental casual dining expensive very good low popularity"
Bamboo Pot,700,"Seafood,Biryani,Fast Food,Chinese,Thai",Mumbai,Juhu,https://www.zomato.com/mumbai/bamboo-pot-juhu/info,570,Casual Dining,"12noon to 4pm,630pm to 12midnight(Mon-Sun)",Good,3.5,72.0,Juhu,Moderate,Good,Low Popularity,True,3.57,5.1,"bamboo pot seafood,biryani,fast food,chinese,thai casual dining moderate good low popularity"
Cake Piper,300,"Bakery,Desserts",Mumbai,Bandra East,https://www.zomato.com/mumbai/cake-piper-bandra-east/info,570,Bakery,9am to 1030pm(Mon-Sun),Average,3.4,24.0,Bandra,Budget,Average,Low Popularity,False,3.57,11.9,"cake piper bakery,desserts bakery budget average low popularity"
Hotel Food Land,500,"Chinese,North Indian,Seafood",Mumbai,Santacruz East,https://www.zomato.com/mumbai/hotel-food-land-santacruz-east/info,571,Casual Dining,"11am to 330pm,630pm to 12midnight(Mon-Sun)",Average,2.9,52.0,Santacruz,Budget,Average,Low Popularity,False,3.38,6.76,"hotel food land chinese,north indian,seafood casual dining budget average low popularity"
Priya Fast Food,200,"Fast Food,Lebanese,Juices",Mumbai,Vile Parle West,https://www.zomato.com/mumbai/priya-fast-food-vile-parle-west/info,571,Quick Bites,10am to 10pm(Mon-Sun),Good,3.5,46.0,Vile Parle,Budget,Good,Low Popularity,True,3.58,17.9,"priya fast food fast food,lebanese,juices quick bites budget good low popularity"
Shree Sharada Pure Veg Restaurant,500,"North Indian,South Indian,Fast Food,Beverages",Mumbai,Near Andheri East Station,https://www.zomato.com/mumbai/shree-sharada-pure-veg-restaurant-near-andheri-east-station/info,571,Casual Dining,8am to 11pm(Mon-Sun),Average,3.4,17.0,Andheri,Budget,Average,Low Popularity,False,3.58,7.16,"shree sharada pure veg restaurant north indian,south indian,fast food,beverages casual dining budget average low popularity"
Just Like Mom,300,North Indian,Mumbai,Bandra East,https://www.zomato.com/mumbai/just-like-mom-bandra-east/info,571,none,1030am to 2pm(Mon-Sun),Good,3.6,50.0,Bandra,Budget,Good,Low Popularity,True,3.61,12.03,just like mom north indian none budget good low popularity
Fernandes Aunty,500,"Goan,Mangalorean",Mumbai,Pali Hill-- Bandra West,https://www.zomato.com/mumbai/fernandes-aunty-pali-hill-bandra-west/info,572,none,"12noon to 11pm(Mon,Wed,Thu,Fri,Sat,Sun)...",Average,3.0,27.0,Bandra,Budget,Average,Low Popularity,False,3.49,6.98,"fernandes aunty goan,mangalorean none budget average low popularity"
Aapke Prathe,400,"North Indian,Street Food",Mumbai,7 Bungalows-- Andheri West,https://www.zomato.com/mumbai/aapke-prathe-1-7-bungalows/info,572,none,11am to 11pm(Mon-Sun),Average,3.2,7.0,Andheri,Budget,Average,Low Popularity,False,3.59,8.98,"aapke prathe north indian,street food none budget average low popularity"
Yogisthaan Soulful Living Bandra Kitchen,500,North Indian,Mumbai,Bandra Talao-- Bandra West,https://www.zomato.com/mumbai/yogisthaan-soulful-living-bandra-kitchen-bandra-talao-bandra-west/info,572,none,8am to 9pm(Mon-Sun),Average,2.8,12.0,Bandra,Budget,Average,Low Popularity,False,3.53,7.06,yogisthaan soulful living bandra kitchen north indian none budget average low popularity
Hurrycane,100,Juices,Mumbai,Andheri Lokhandwala-- Andheri West,https://www.zomato.com/mumbai/hurrycane-andheri-lokhandwala/info,572,Beverage Shop,11am to 930pm(Mon-Sun),Good,3.7,45.0,Andheri,Budget,Good,Low Popularity,True,3.64,36.4,hurrycane juices beverage shop budget good low popularity
That Goan Guy,600,Goan,Mumbai,Hill Road-- Bandra West,https://www.zomato.com/mumbai/that-goan-guy-hill-road-bandra-west/info,573,none,"Closed(Mon),12noon to 3pm,8pm to 11pm(Tue-Sun)",Good,3.5,22.0,Bandra,Moderate,Good,Low Popularity,True,3.59,5.98,that goan guy goan none moderate good low popularity
Our Stories Cafe,550,"Fast Food,Continental,Burger,Pizza",Mumbai,Vile Parle East,https://www.zomato.com/mumbai/our-stories-cafe-vile-parle-east/info,573,Quick Bites,11am to 11pm(Mon-Sun),Good,3.9,115.0,Vile Parle,Moderate,Good,Moderately Popular,True,3.76,6.84,"our stories cafe fast food,continental,burger,pizza quick bites moderate good moderately popular"
Biskotti - Hotel Mirador,1500,Cafe,Mumbai,Hotel Mirador-- Andheri East,https://www.zomato.com/mumbai/biskotti-hotel-mirador-chakala/info,575,Café,11am to 8pm(Mon-Sun),Good,3.5,45.0,Andheri,Expensive,Good,Low Popularity,False,3.58,2.39,biskotti - hotel mirador cafe café expensive good low popularity
Vijay Stores,200,Mithai,Mumbai,Santacruz East,https://www.zomato.com/mumbai/vijay-stores-santacruz-east/info,576,Sweet Shop,830am to 945pm(Mon-Sun),Average,3.4,24.0,Santacruz,Budget,Average,Low Popularity,False,3.57,17.85,vijay stores mithai sweet shop budget average low popularity
Meatwale,500,Fast Food,Mumbai,7 Bungalows-- Andheri West,https://www.zomato.com/mumbai/meatwale-7-bungalows/info,576,Quick Bites,10am to 10pm(Mon-Sun),Average,2.9,14.0,Andheri,Budget,Average,Low Popularity,False,3.53,7.06,meatwale fast food quick bites budget average low popularity
China Bowl,500,Chinese,Mumbai,Versova-- Andheri West,https://www.zomato.com/mumbai/china-bowl-1-versova/info,576,Quick Bites,11am to 1130pm(Mon-Sun),Average,3.2,10.0,Andheri,Budget,Average,Low Popularity,False,3.58,7.16,china bowl chinese quick bites budget average low popularity
Foodeementals,500,Desserts,Mumbai,Santacruz East,https://www.zomato.com/mumbai/foodeementals-santacruz-east/info,576,none,10am to 7pm(Mon-Sun),Good,3.8,52.0,Santacruz,Budget,Good,Low Popularity,True,3.67,7.34,foodeementals desserts none budget good low popularity
Maggilicious,300,Fast Food,Mumbai,Near Andheri West Station,https://www.zomato.com/mumbai/maggilicious-near-andheri-west-station/info,576,Quick Bites,1130am to 1030pm(Mon-Sun),Average,2.7,25.0,Andheri,Budget,Average,Low Popularity,False,3.44,11.47,maggilicious fast food quick bites budget average low popularity
Dip Box,300,"Mexican,Mediterranean,Fast Food",Mumbai,Vile Parle East,https://www.zomato.com/mumbai/dip-box-vile-parle-east/info,576,Quick Bites,10am to 8pm(Mon-Sun),Good,3.7,42.0,Vile Parle,Budget,Good,Low Popularity,True,3.64,12.13,"dip box mexican,mediterranean,fast food quick bites budget good low popularity"
Spice N Nice,700,"Chinese,Kebab",Mumbai,Bandra East,https://www.zomato.com/mumbai/spice-n-nice-bandra-east/info,579,Quick Bites,"1130am to 330pm,630pm to 12midnight(Mon-Sun)",Average,3.3,16.0,Bandra,Moderate,Average,Low Popularity,False,3.57,5.1,"spice n nice chinese,kebab quick bites moderate average low popularity"
Sollasa Cafe,700,"Cafe,Healthy Food,Desserts",Mumbai,Vile Parle East,https://www.zomato.com/mumbai/sollasa-cafe-vile-parle-east/info,579,Café,"Closed(Mon),7am to 10pm(Tue-Sun)",Good,3.5,32.0,Vile Parle,Moderate,Good,Low Popularity,True,3.59,5.13,"sollasa cafe cafe,healthy food,desserts café moderate good low popularity"
Seven Hills,800,"Chinese,North Indian",Mumbai,Juhu,https://www.zomato.com/mumbai/seven-hills-2-juhu/info,58,Casual Dining,12noon to 130am(Mon-Sun),Average,2.7,177.0,Juhu,Moderate,Average,Moderately Popular,False,3.05,3.81,"seven hills chinese,north indian casual dining moderate average moderately popular"
House Of Thanos,600,"Continental,Beverages",Mumbai,Linking Road-- Bandra West,https://www.zomato.com/mumbai/house-of-thanos-linking-road-bandra-west/info,58,Quick Bites,9am to 12midnight(Mon-Sun),Very Good,4.3,177.0,Bandra,Moderate,Very Good,Moderately Popular,True,4.04,6.73,"house of thanos continental,beverages quick bites moderate very good moderately popular"
Coffee Culture,1200,"Cafe,Italian,Pizza,Continental,Beverages",Mumbai,Hill Road-- Bandra West,https://www.zomato.com/mumbai/coffee-culture-hill-road-bandra-west/info,58,Café,"750am to 12midnight(Mon),8am to 12midnight...",Very Good,4.2,6024.0,Bandra,Expensive,Very Good,Highly Popular,False,4.19,3.49,"coffee culture cafe,italian,pizza,continental,beverages café expensive very good highly popular"
Desiree,200,"Bakery,Desserts",Mumbai,Reclamation-- Bandra West,https://www.zomato.com/mumbai/desiree-reclamation-bandra-west/info,580,Bakery,10am to 8pm(Mon-Sun),Good,3.7,47.0,Bandra,Budget,Good,Low Popularity,True,3.64,18.2,"desiree bakery,desserts bakery budget good low popularity"
Hunger Point,400,Fast Food,Mumbai,Bandra Talao-- Bandra West,https://www.zomato.com/mumbai/hunger-point-bandra-talao-bandra-west/info,582,Quick Bites,11am to 10pm(Mon-Sun),Average,3.2,18.0,Bandra,Budget,Average,Low Popularity,False,3.55,8.88,hunger point fast food quick bites budget average low popularity
Kailash Falooda.Sweets,250,"Beverages,Desserts,Juices",Mumbai,Oshiwara-- Andheri West,https://www.zomato.com/mumbai/kailash-falooda-sweets-oshiwara/info,583,Beverage Shop,3pm to 12midnight(Mon-Sun),Very Good,4.1,40.0,Andheri,Budget,Very Good,Low Popularity,True,3.74,14.96,"kailash falooda.sweets beverages,desserts,juices beverage shop budget very good low popularity"
Venus Cake Shop,150,"Desserts,Bakery",Mumbai,Santacruz East,https://www.zomato.com/mumbai/venus-cake-shop-santacruz-east/info,583,Dessert Parlor,830am to 1030pm(Mon-Sun),Average,3.0,6.0,Santacruz,Budget,Average,Low Popularity,False,3.58,23.87,"venus cake shop desserts,bakery dessert parlor budget average low popularity"
Coastal Catch,1400,Seafood,Mumbai,Hill Road-- Bandra West,https://www.zomato.com/mumbai/coastal-catch-hill-road-bandra-west/info,583,none,10am to 8pm(Mon-Sun),Average,3.3,7.0,Bandra,Expensive,Average,Low Popularity,False,3.59,2.56,coastal catch seafood none expensive average low popularity
Ramas Cakes & Chocolates,300,"Bakery,Desserts",Mumbai,Santacruz West,https://www.zomato.com/mumbai/ramas-cakes-chocolates-santacruz-west/info,584,Bakery,"9am to 10pm(Mon-Sat),9am to 1pm,2pm to 10pm(Sun)",Average,3.0,8.0,Santacruz,Budget,Average,Low Popularity,False,3.57,11.9,"ramas cakes & chocolates bakery,desserts bakery budget average low popularity"
Sabroso By Nidhi Kedia,800,Healthy Food,Mumbai,Juhu,https://www.zomato.com/mumbai/sabroso-by-nidhi-kedia-juhu/info,585,none,10am to 7pm(Mon-Sun),Average,3.2,5.0,Juhu,Moderate,Average,Low Popularity,False,3.59,4.49,sabroso by nidhi kedia healthy food none moderate average low popularity
Aditya Fast Food And Lunch Home,450,"North Indian,Chinese",Mumbai,Andheri Lokhandwala-- Andheri West,https://www.zomato.com/mumbai/aditya-fast-food-and-lunch-home-andheri-lokhandwala/info,586,Quick Bites,"1130am to 4pm,7pm to 12midnight(Mon-Sun)",Average,2.7,14.0,Andheri,Budget,Average,Low Popularity,False,3.51,7.8,"aditya fast food and lunch home north indian,chinese quick bites budget average low popularity"
Laxmi Bar & Restaurant,450,"North Indian,Chinese,Seafood",Mumbai,Near Andheri East Station,https://www.zomato.com/mumbai/laxmi-bar-restaurant-near-andheri-east-station/info,586,Casual Dining,11am to 12midnight(Mon-Sun),Average,3.3,16.0,Andheri,Budget,Average,Low Popularity,False,3.57,7.93,"laxmi bar & restaurant north indian,chinese,seafood casual dining budget average low popularity"
Sai Sagar,300,"South Indian,Street Food,Fast Food",Mumbai,Vile Parle West,https://www.zomato.com/mumbai/sai-sagar-vile-parle-west/info,586,Quick Bites,10am to 10pm(Mon-Sun),Average,3.4,28.0,Vile Parle,Budget,Average,Low Popularity,False,3.57,11.9,"sai sagar south indian,street food,fast food quick bites budget average low popularity"
California Coffee,350,"Cafe,Fast Food",Mumbai,Andheri Lokhandwala-- Andheri West,https://www.zomato.com/mumbai/california-coffee-andheri-lokhandwala/info,587,Café,10am to 11pm(Mon-Sun),Average,3.3,30.0,Andheri,Budget,Average,Low Popularity,False,3.54,10.11,"california coffee cafe,fast food café budget average low popularity"
Cake Pop Company,250,"Bakery,Desserts",Mumbai,Bandstand-- Bandra West,https://www.zomato.com/mumbai/cake-pop-company-bandstand-bandra-west/info,588,none,8am to 12midnight(Mon-Sun),Good,3.6,38.0,Bandra,Budget,Good,Low Popularity,True,3.61,14.44,"cake pop company bakery,desserts none budget good low popularity"
Janta Juice & Fast Food,250,"Fast Food,Juices",Mumbai,Santacruz West,https://www.zomato.com/mumbai/janta-juice-fast-food-santacruz-west/info,589,Quick Bites,9am to 10pm(Mon-Sun),Average,3.4,15.0,Santacruz,Budget,Average,Low Popularity,False,3.59,14.36,"janta juice & fast food fast food,juices quick bites budget average low popularity"
The Night Chulhaa,800,"North Indian,Chinese,Mughlai,Thai",Mumbai,Oshiwara-- Andheri West,https://www.zomato.com/mumbai/the-night-chulhaa-oshiwara/info,59,none,730pm to 5am(Mon-Sun),Good,3.8,258.0,Andheri,Moderate,Good,Moderately Popular,True,3.74,4.68,"the night chulhaa north indian,chinese,mughlai,thai none moderate good moderately popular"
La Pizzazz Cafe,900,"Cafe,Continental,European,Sandwich,Italian,Desserts,Pizza",Mumbai,Pali Hill-- Bandra West,https://www.zomato.com/mumbai/la-pizzazz-cafe-pali-hill-bandra-west/info,59,Quick Bites,"1130am to 1130pm(Mon),1130am to 4am(Tue-Sun)",Good,3.9,117.0,Bandra,Moderate,Good,Moderately Popular,True,3.76,4.18,"la pizzazz cafe cafe,continental,european,sandwich,italian,desserts,pizza quick bites moderate good moderately popular"
K K Sheesha The Taste Of Flame,1000,"North Indian,Chinese",Mumbai,Oshiwara-- Andheri West,https://www.zomato.com/mumbai/k-k-sheesha-the-taste-of-flame-oshiwara/info,59,Casual Dining,12noon to 130am(Mon-Sun),Very Good,4.1,99.0,Andheri,Moderate,Very Good,Low Popularity,True,3.84,3.84,"k k sheesha the taste of flame north indian,chinese casual dining moderate very good low popularity"
Burger King,500,"Burger,Fast Food",Mumbai,Santacruz East,https://www.zomato.com/mumbai/burger-king-santacruz-east/info,59,Quick Bites,9am to 2am(Mon-Sun),Good,3.6,64.0,Santacruz,Budget,Good,Low Popularity,True,3.61,7.22,"burger king burger,fast food quick bites budget good low popularity"
Kareem's,300,"North Indian,Mughlai",Mumbai,Santacruz East,https://www.zomato.com/mumbai/kareems-santacruz-east/info,59,Casual Dining,"11am to 4pm,630pm to 1230AM(Mon-Sun)",Very Good,4.0,140.0,Santacruz,Budget,Very Good,Moderately Popular,True,3.83,12.77,"kareem's north indian,mughlai casual dining budget very good moderately popular"
Chinese Express,500,Chinese,Mumbai,Andheri Lokhandwala-- Andheri West,https://www.zomato.com/mumbai/chinese-express-andheri-lokhandwala/info,59,none,12noon to 1am(Mon-Sun),Good,3.8,185.0,Andheri,Budget,Good,Moderately Popular,True,3.73,7.46,chinese express chinese none budget good moderately popular
Hungrezzy,650,"American,Rolls,Wraps,Burger,Fast Food",Mumbai,Andheri Lokhandwala-- Andheri West,https://www.zomato.com/mumbai/hungrezzy-andheri-lokhandwala/info,59,none,"6pm to 4am(Mon-Tue),12noon to 4am(Wed-Sun)",Good,3.8,37.0,Andheri,Moderate,Good,Low Popularity,True,3.66,5.63,"hungrezzy american,rolls,wraps,burger,fast food none moderate good low popularity"
DANIEL PÂTISSIER,300,"Bakery,Desserts",Mumbai,Oshiwara-- Andheri West,https://www.zomato.com/mumbai/daniel-pâtissier-oshiwara/info,59,Dessert Parlor,11am to 1am(Mon-Sun),Good,3.5,143.0,Andheri,Budget,Good,Moderately Popular,True,3.55,11.83,"daniel pâtissier bakery,desserts dessert parlor budget good moderately popular"
Shree Krishna Lunch Home and Bar,550,"North Indian,Chinese,Mangalorean",Mumbai,Near Andheri East Station,https://www.zomato.com/mumbai/shree-krishna-lunch-home-and-bar-near-andheri-east-station/info,590,Casual Dining,11am to 12midnight(Mon-Sun),Average,3.2,11.0,Andheri,Moderate,Average,Low Popularity,False,3.57,6.49,"shree krishna lunch home and bar north indian,chinese,mangalorean casual dining moderate average low popularity"
Hotel Sai Nidhi,400,"North Indian,Mughlai,Chinese",Mumbai,Vile Parle East,https://www.zomato.com/mumbai/hotel-sai-nidhi-vile-parle-east/info,590,Quick Bites,"11am to 4pm,7pm to 12midnight(Mon-Sun)",Average,3.1,8.0,Vile Parle,Budget,Average,Low Popularity,False,3.58,8.95,"hotel sai nidhi north indian,mughlai,chinese quick bites budget average low popularity"
Poornima,550,"Chinese,North Indian",Mumbai,Vile Parle East,https://www.zomato.com/mumbai/poornima-vile-parle-east/info,591,Casual Dining,11am to 12midnight(Mon-Sun),Average,3.3,26.0,Vile Parle,Moderate,Average,Low Popularity,False,3.55,6.45,"poornima chinese,north indian casual dining moderate average low popularity"
Vihar Punjab,400,"Chinese,North Indian,Seafood",Mumbai,Near Andheri East Station,https://www.zomato.com/mumbai/vihar-punjab-near-andheri-east-station/info,591,Casual Dining,11am to 12midnight(Mon-Sun),Average,3.1,8.0,Andheri,Budget,Average,Low Popularity,False,3.58,8.95,"vihar punjab chinese,north indian,seafood casual dining budget average low popularity"
Amritsari Tadka,700,"North Indian,Chinese,Mughlai",Mumbai,7 Bungalows-- Andheri West,https://www.zomato.com/mumbai/amritsari-tadka-7-bungalows/info,594,Casual Dining,12noon to 12midnight(Mon-Sun),Average,3.1,66.0,Andheri,Moderate,Average,Low Popularity,False,3.42,4.89,"amritsari tadka north indian,chinese,mughlai casual dining moderate average low popularity"
Salad Culture Cafe,550,"Cafe,Juices,Healthy Food,Sandwich,Salad,Indian",Mumbai,Andheri Lokhandwala-- Andheri West,https://www.zomato.com/mumbai/salad-culture-cafe-andheri-lokhandwala/info,594,Café,11am to 11pm(Mon-Sun),Average,3.1,16.0,Andheri,Moderate,Average,Low Popularity,False,3.55,6.45,"salad culture cafe cafe,juices,healthy food,sandwich,salad,indian café moderate average low popularity"
Billimoria's Parsi Ghernu BHONU,500,Parsi,Mumbai,Versova-- Andheri West,https://www.zomato.com/mumbai/billimorias-parsi-ghernu-bhonu-versova/info,594,none,"1230pm to 3pm,7pm to 10pm(Mon,Wed,Thu,Fri...",Good,3.6,35.0,Andheri,Budget,Good,Low Popularity,True,3.61,7.22,billimoria's parsi ghernu bhonu parsi none budget good low popularity
A Saluti,500,Cafe,Mumbai,Pali Hill-- Bandra West,https://www.zomato.com/mumbai/a-saluti-pali-hill-bandra-west/info,595,Café,"10am to 8pm(Mon-Sat),Closed(Sun)",Average,3.2,9.0,Bandra,Budget,Average,Low Popularity,False,3.58,7.16,a saluti cafe café budget average low popularity
Bharat Restaurant,300,"North Indian,Chinese",Mumbai,Near Andheri East Station,https://www.zomato.com/mumbai/bharat-restaurant-near-andheri-east-station/info,596,Casual Dining,6am to 12midnight(Mon-Sun),Average,2.8,21.0,Andheri,Budget,Average,Low Popularity,False,3.48,11.6,"bharat restaurant north indian,chinese casual dining budget average low popularity"
Nisar Chinese Food,350,Chinese,Mumbai,Versova-- Andheri West,https://www.zomato.com/mumbai/nisar-chinese-food-versova/info,597,Quick Bites,7pm to 12midnight(Mon-Sun),Average,3.1,8.0,Andheri,Budget,Average,Low Popularity,False,3.58,10.23,nisar chinese food chinese quick bites budget average low popularity
Cafe De Lassi,300,Beverages,Mumbai,Santacruz East,https://www.zomato.com/mumbai/cafe-de-lassi-santacruz-east/info,597,Beverage Shop,11am to 1130pm(Mon-Sun),Average,2.8,7.0,Santacruz,Budget,Average,Low Popularity,False,3.56,11.87,cafe de lassi beverages beverage shop budget average low popularity
Mad Hatters Treats,250,Bakery,Mumbai,Linking Road-- Bandra West,https://www.zomato.com/mumbai/mad-hatters-treats-linking-road-bandra-west/info,598,none,"9am to 6pm(Mon-Sat),(Sun)",Good,3.5,69.0,Bandra,Budget,Good,Low Popularity,True,3.57,14.28,mad hatters treats bakery none budget good low popularity
Mad Hatters Treats,250,Bakery,Mumbai,Linking Road-- Bandra West,https://www.zomato.com/mumbai/mad-hatters-treats-linking-road-bandra-west/info,599,none,"9am to 6pm(Mon-Sat),(Sun)",Good,3.5,69.0,Bandra,Budget,Good,Low Popularity,True,3.57,14.28,mad hatters treats bakery none budget good low popularity
Cake O Clock,500,"Bakery,Desserts",Mumbai,Pali Hill-- Bandra West,https://www.zomato.com/mumbai/cake-o-clock-pali-hill-bandra-west/info,599,Bakery,11am to 7pm(Mon-Sun),Average,3.2,7.0,Bandra,Budget,Average,Low Popularity,False,3.59,7.18,"cake o clock bakery,desserts bakery budget average low popularity"
Sai Ganesh Dosa Corner,300,"South Indian,Fast Food",Mumbai,Andheri Lokhandwala-- Andheri West,https://www.zomato.com/mumbai/sai-ganesh-dosa-corner-andheri-lokhandwala/info,599,Casual Dining,9am to 1030pm(Mon-Sun),Average,3.3,27.0,Andheri,Budget,Average,Low Popularity,False,3.55,11.83,"sai ganesh dosa corner south indian,fast food casual dining budget average low popularity"
Papa Pancho Da Dhaba,750,North Indian,Mumbai,Pali Hill-- Bandra West,https://www.zomato.com/mumbai/papa-pancho-da-dhaba-pali-hill-bandra-west/info,6,Casual Dining,12noon to 1230AM(Mon-Sun),Very Good,4.1,2231.0,Bandra,Moderate,Very Good,Highly Popular,True,4.08,5.44,papa pancho da dhaba north indian casual dining moderate very good highly popular
The Boston Cupcakery,600,"Desserts,Bakery",Mumbai,Andheri Lokhandwala-- Andheri West,https://www.zomato.com/mumbai/the-boston-cupcakery-andheri-lokhandwala/info,6,Dessert Parlor,10am to 130am(Mon-Sun),Very Good,4.4,2387.0,Andheri,Moderate,Very Good,Highly Popular,True,4.37,7.28,"the boston cupcakery desserts,bakery dessert parlor moderate very good highly popular"
Facing East,1300,"Chinese,Asian,Seafood,Thai",Mumbai,Juhu,https://www.zomato.com/mumbai/facing-east-juhu/info,6,Casual Dining,"12noon to 330pm,7pm to 1230AM(Mon-Sun)",Very Good,4.0,2409.0,Juhu,Expensive,Very Good,Highly Popular,False,3.98,3.06,"facing east chinese,asian,seafood,thai casual dining expensive very good highly popular"
Mulk,2000,North Indian,Mumbai,Andheri Lokhandwala-- Andheri West,https://www.zomato.com/mumbai/mulk-andheri-lokhandwala/info,6,Bar,"12noon to 330pm,730pm to 1230AM(Mon-Sun)",Very Good,4.4,228.0,Andheri,Premium,Very Good,Moderately Popular,False,4.14,2.07,mulk north indian bar premium very good moderately popular
Coppetto Artisan Gelato,350,"Ice Cream,Desserts",Mumbai,Linking Road-- Bandra West,https://www.zomato.com/mumbai/coppetto-artisan-gelato-linking-road-bandra-west/info,6,Dessert Parlor,"12midnight to 1230AM,1230pm to 12midnight...",Excellent,4.6,759.0,Bandra,Budget,Excellent,Highly Popular,True,4.48,12.8,"coppetto artisan gelato ice cream,desserts dessert parlor budget excellent highly popular"
Candies,700,"Cafe,Italian,North Indian,Desserts",Mumbai,Pali Hill-- Bandra West,https://www.zomato.com/mumbai/candies-pali-hill-bandra-west/info,60,Café,"Closed(Mon),830am to 10pm(Tue-Sun)",Very Good,4.2,10217.0,Bandra,Moderate,Very Good,Highly Popular,True,4.19,5.99,"candies cafe,italian,north indian,desserts café moderate very good highly popular"
The Bawa Kitchen,700,"North Indian,Chinese,Mughlai,Continental",Mumbai,Juhu,https://www.zomato.com/mumbai/the-bawa-kitchen-juhu/info,60,none,8am to 4am(Mon-Sun),Very Good,4.4,68.0,Juhu,Moderate,Very Good,Low Popularity,True,3.91,5.59,"the bawa kitchen north indian,chinese,mughlai,continental none moderate very good low popularity"
Sushi Star,900,"Japanese,Sushi",Mumbai,Pali Hill-- Bandra West,https://www.zomato.com/mumbai/sushi-star-pali-hill-bandra-west/info,600,Quick Bites,12noon to 1130pm(Mon-Sun),Average,3.0,5.0,Bandra,Moderate,Average,Low Popularity,False,3.58,3.98,"sushi star japanese,sushi quick bites moderate average low popularity"
Anna Dosa Corner,150,South Indian,Mumbai,Carter Road-- Bandra West,https://www.zomato.com/mumbai/anna-dosa-corner-carter-road-bandra-west/info,601,Quick Bites,8am to 730pm(Mon-Sun),Average,3.4,32.0,Bandra,Budget,Average,Low Popularity,False,3.56,23.73,anna dosa corner south indian quick bites budget average low popularity
Legend at Hotel Park View,1000,"North Indian,Chinese,South Indian",Mumbai,Near Andheri West Station,https://www.zomato.com/mumbai/legend-at-hotel-park-view-near-andheri-west-station/info,601,Casual Dining,"12noon to 3pm,7pm to 11pm(Mon-Sun)",Average,2.8,22.0,Andheri,Moderate,Average,Low Popularity,False,3.48,3.48,"legend at hotel park view north indian,chinese,south indian casual dining moderate average low popularity"
Shalimar Juice & Fast Food Corner,200,"Fast Food,Beverages",Mumbai,Versova-- Andheri West,https://www.zomato.com/mumbai/shalimar-juice-fast-food-corner-versova/info,601,Quick Bites,9am to 11pm(Mon-Sun),Average,3.0,18.0,Andheri,Budget,Average,Low Popularity,False,3.53,17.65,"shalimar juice & fast food corner fast food,beverages quick bites budget average low popularity"
Bharat Hindu Hotel,500,"Chinese,North Indian",Mumbai,Vile Parle East,https://www.zomato.com/mumbai/bharat-hindu-hotel-vile-parle-east/info,602,Casual Dining,11am to 12midnight(Mon-Sun),Good,3.5,22.0,Vile Parle,Budget,Good,Low Popularity,True,3.59,7.18,"bharat hindu hotel chinese,north indian casual dining budget good low popularity"
Tip Top,150,Mughlai,Mumbai,Santacruz East,https://www.zomato.com/mumbai/tip-top-santacruz-east/info,606,Quick Bites,4pm to 1130pm(Mon-Sun),Average,3.3,24.0,Santacruz,Budget,Average,Low Popularity,False,3.56,23.73,tip top mughlai quick bites budget average low popularity
Sadguru Sandwich,200,Fast Food,Mumbai,Santacruz East,https://www.zomato.com/mumbai/sadguru-sandwich-santacruz-east/info,606,Quick Bites,"10am to 10pm(Mon-Sat),4pm to 10pm(Sun)",Average,3.4,16.0,Santacruz,Budget,Average,Low Popularity,False,3.58,17.9,sadguru sandwich fast food quick bites budget average low popularity
Hotel Kwality,500,"North Indian,Chinese,Seafood",Mumbai,Santacruz East,https://www.zomato.com/mumbai/hotel-kwality-santacruz-east/info,606,Casual Dining,"11am to 3pm,6pm to 12midnight(Mon-Sun)",Average,3.2,16.0,Santacruz,Budget,Average,Low Popularity,False,3.56,7.12,"hotel kwality north indian,chinese,seafood casual dining budget average low popularity"
Everest Momo's,200,"Fast Food,Momos",Mumbai,Oshiwara-- Andheri West,https://www.zomato.com/mumbai/everest-momos-oshiwara/info,607,Quick Bites,11am to 10pm(Mon-Sun),Average,3.3,21.0,Andheri,Budget,Average,Low Popularity,False,3.56,17.8,"everest momo's fast food,momos quick bites budget average low popularity"
Hotel Kwality,500,"North Indian,Chinese,Seafood",Mumbai,Santacruz East,https://www.zomato.com/mumbai/hotel-kwality-santacruz-east/info,608,Casual Dining,"11am to 3pm,6pm to 12midnight(Mon-Sun)",Average,3.2,16.0,Santacruz,Budget,Average,Low Popularity,False,3.56,7.12,"hotel kwality north indian,chinese,seafood casual dining budget average low popularity"
Sadguru Sandwich,200,Fast Food,Mumbai,Santacruz East,https://www.zomato.com/mumbai/sadguru-sandwich-santacruz-east/info,608,Quick Bites,"10am to 10pm(Mon-Sat),4pm to 10pm(Sun)",Average,3.4,16.0,Santacruz,Budget,Average,Low Popularity,False,3.58,17.9,sadguru sandwich fast food quick bites budget average low popularity
Tip Top,150,Mughlai,Mumbai,Santacruz East,https://www.zomato.com/mumbai/tip-top-santacruz-east/info,608,Quick Bites,4pm to 1130pm(Mon-Sun),Average,3.3,24.0,Santacruz,Budget,Average,Low Popularity,False,3.56,23.73,tip top mughlai quick bites budget average low popularity
The Guest,550,Chinese,Mumbai,Near Andheri East Station,https://www.zomato.com/mumbai/the-guest-near-andheri-east-station/info,609,Casual Dining,"1130am to 330pm,630pm to 12midnight(Mon-Sun)",Average,3.1,31.0,Andheri,Moderate,Average,Low Popularity,False,3.5,6.36,the guest chinese casual dining moderate average low popularity
Grab Your Chicken,500,Fast Food,Mumbai,7 Bungalows-- Andheri West,https://www.zomato.com/mumbai/grab-your-chicken-7-bungalows/info,61,Quick Bites,10am to 3am(Mon-Sun),Good,3.6,46.0,Andheri,Budget,Good,Low Popularity,True,3.61,7.22,grab your chicken fast food quick bites budget good low popularity
Utsav Restaurant,900,"Chinese,North Indian,Mughlai",Mumbai,Juhu,https://www.zomato.com/mumbai/utsav-restaurant-juhu/info,61,Casual Dining,12noon to 1230AM(Mon-Sun),Good,3.8,187.0,Juhu,Moderate,Good,Moderately Popular,True,3.73,4.14,"utsav restaurant chinese,north indian,mughlai casual dining moderate good moderately popular"
Devil's Kitchen,200,Fast Food,Mumbai,Bandra East,https://www.zomato.com/mumbai/devils-kitchen-bandra-east/info,610,Quick Bites,10am to 10pm(Mon-Sun),Average,3.3,23.0,Bandra,Budget,Average,Low Popularity,False,3.56,17.8,devil's kitchen fast food quick bites budget average low popularity
Crazy about Juice,200,Juices,Mumbai,Versova-- Andheri West,https://www.zomato.com/mumbai/crazy-about-juice-versova/info,611,Beverage Shop,11am to 11pm(Mon-Sun),Average,2.9,12.0,Andheri,Budget,Average,Low Popularity,False,3.54,17.7,crazy about juice juices beverage shop budget average low popularity
Urthenfire,650,"North Indian,Beverages",Mumbai,Versova-- Andheri West,https://www.zomato.com/mumbai/urthenfire-versova/info,611,none,11am to 10pm(Mon-Sun),Good,3.7,67.0,Andheri,Moderate,Good,Low Popularity,True,3.65,5.62,"urthenfire north indian,beverages none moderate good low popularity"
Cocolayers,500,"Bakery,Desserts",Mumbai,Santacruz East,https://www.zomato.com/mumbai/cocolayers-santacruz-east/info,611,Bakery,11am to 12midnight(Mon-Sun),Good,3.6,33.0,Santacruz,Budget,Good,Low Popularity,True,3.61,7.22,"cocolayers bakery,desserts bakery budget good low popularity"
The Big Apple Baking Co.,500,"Bakery,Desserts",Mumbai,Vile Parle East,https://www.zomato.com/mumbai/the-big-apple-baking-co-vile-parle-east/info,614,Bakery,9am to 9pm(Mon-Sun),Good,3.7,23.0,Vile Parle,Budget,Good,Low Popularity,True,3.63,7.26,"the big apple baking co. bakery,desserts bakery budget good low popularity"
Cafe Bliss,600,"Cafe,Fast Food",Mumbai,Near Andheri West Station,https://www.zomato.com/mumbai/cafe-bliss-near-andheri-west-station/info,615,Café,11am to 11pm(Mon-Sun),Average,3.4,61.0,Andheri,Moderate,Average,Low Popularity,False,3.54,5.9,"cafe bliss cafe,fast food café moderate average low popularity"
Orbango,200,Juices,Mumbai,Andheri Lokhandwala-- Andheri West,https://www.zomato.com/mumbai/orbango-andheri-lokhandwala/info,616,Beverage Shop,11am to 11pm(Mon-Sun),Good,3.9,65.0,Andheri,Budget,Good,Low Popularity,True,3.72,18.6,orbango juices beverage shop budget good low popularity
Frosty,200,Ice Cream,Mumbai,Andheri Lokhandwala-- Andheri West,https://www.zomato.com/mumbai/frosty-andheri-lokhandwala/info,616,Dessert Parlor,12noon to 12midnight(Mon-Sun),Good,3.5,46.0,Andheri,Budget,Good,Low Popularity,True,3.58,17.9,frosty ice cream dessert parlor budget good low popularity
Mom's Recipes,700,"Chinese,North Indian,Thai,Mughlai",Mumbai,Versova-- Andheri West,https://www.zomato.com/mumbai/moms-recipes-1-versova/info,617,none,"12noon to 4pm,7pm to 12midnight(Mon-Sun)",Average,3.3,10.0,Andheri,Moderate,Average,Low Popularity,False,3.59,5.13,"mom's recipes chinese,north indian,thai,mughlai none moderate average low popularity"
Cafe F for Fries,350,"American,Fast Food",Mumbai,Oshiwara-- Andheri West,https://www.zomato.com/mumbai/cafe-f-for-fries-oshiwara/info,617,Quick Bites,11am to 11pm(Mon-Sun),Good,3.7,26.0,Andheri,Budget,Good,Low Popularity,True,3.63,10.37,"cafe f for fries american,fast food quick bites budget good low popularity"
The Juice D Cafe,250,Beverages,Mumbai,Near Andheri West Station,https://www.zomato.com/mumbai/the-juice-d-cafe-near-andheri-west-station/info,619,Dessert Parlor,1130am to 12midnight(Mon-Sun),Average,3.2,9.0,Andheri,Budget,Average,Low Popularity,False,3.58,14.32,the juice d cafe beverages dessert parlor budget average low popularity
The Drawing Room - Smoke House Deli,2000,"Italian,European",Mumbai,Pali Hill-- Bandra West,https://www.zomato.com/mumbai/the-drawing-room-smoke-house-deli-pali-hill-bandra-west/info,62,Casual Dining,7am to 1am(Mon-Sun),Very Good,4.0,166.0,Bandra,Premium,Very Good,Moderately Popular,False,3.85,1.92,"the drawing room - smoke house deli italian,european casual dining premium very good moderately popular"
IXCACAO,400,"Desserts,Beverages,Ice Cream",Mumbai,Vile Parle West,https://www.zomato.com/mumbai/ixcacao-vile-parle-west/info,62,Dessert Parlor,"12midnight to 145am,1130am to 12midnight(Mon-Sun)",Good,3.7,132.0,Vile Parle,Budget,Good,Moderately Popular,True,3.66,9.15,"ixcacao desserts,beverages,ice cream dessert parlor budget good moderately popular"
Yellow Apron,600,"Thai,Desserts,Healthy Food,Juices,Salad",Mumbai,Santacruz West,https://www.zomato.com/mumbai/yellow-apron-santacruz-west/info,620,none,10am to 6pm(Mon-Sun),Good,3.5,28.0,Santacruz,Moderate,Good,Low Popularity,True,3.59,5.98,"yellow apron thai,desserts,healthy food,juices,salad none moderate good low popularity"
O Mama's,350,Fast Food,Mumbai,Versova-- Andheri West,https://www.zomato.com/mumbai/o-mamas-versova/info,620,Quick Bites,"12noon to 11pm(Mon),11am to 11pm(Tue-Sat),10am...",Average,2.9,14.0,Andheri,Budget,Average,Low Popularity,False,3.53,10.09,o mama's fast food quick bites budget average low popularity
Daddji Kitchen,400,"Chinese,North Indian,South Indian",Mumbai,Near Andheri East Station,https://www.zomato.com/mumbai/daddji-kitchen-near-andheri-east-station/info,621,Quick Bites,8am to 12midnight(Mon-Sun),Average,3.4,34.0,Andheri,Budget,Average,Low Popularity,False,3.56,8.9,"daddji kitchen chinese,north indian,south indian quick bites budget average low popularity"
Fine Touch Fast Food,400,"Fast Food,Lebanese",Mumbai,Vile Parle East,https://www.zomato.com/mumbai/fine-touch-fast-food-vile-parle-east/info,622,none,10am to 1030pm(Mon-Sun),Average,3.3,10.0,Vile Parle,Budget,Average,Low Popularity,False,3.59,8.98,"fine touch fast food fast food,lebanese none budget average low popularity"
Charcoal Bytes,400,"Biryani,North Indian",Mumbai,Bandra East,https://www.zomato.com/mumbai/charcoal-bytes-bandra-east/info,624,Casual Dining,"1130am to 3pm,530pm to 11pm(Mon-Sun)",Average,3.3,7.0,Bandra,Budget,Average,Low Popularity,False,3.59,8.98,"charcoal bytes biryani,north indian casual dining budget average low popularity"
The Little Oven,300,Bakery,Mumbai,Vile Parle West,https://www.zomato.com/mumbai/the-little-oven-vile-parle-west/info,625,none,10am to 8pm(Mon-Sun),Average,3.2,10.0,Vile Parle,Budget,Average,Low Popularity,False,3.58,11.93,the little oven bakery none budget average low popularity
Pettoos,500,"North Indian,Mexican,Burger,Continental,Fast Food,Rolls",Mumbai,Oshiwara-- Andheri West,https://www.zomato.com/mumbai/pettoos-oshiwara/info,626,none,"Closed(Mon),12noon to 11pm(Tue-Sun)",Good,3.7,74.0,Andheri,Budget,Good,Low Popularity,True,3.65,7.3,"pettoos north indian,mexican,burger,continental,fast food,rolls none budget good low popularity"
Fuel Cafe,600,Cafe,Mumbai,Vile Parle East,https://www.zomato.com/mumbai/fuel-cafe-vile-parle-east/info,626,Café,1030am to 1130pm(Mon-Sun),Average,2.7,11.0,Vile Parle,Moderate,Average,Low Popularity,False,3.53,5.88,fuel cafe cafe café moderate average low popularity
Sagar Food Corner,200,Fast Food,Mumbai,Near Andheri East Station,https://www.zomato.com/mumbai/sagar-food-corner-2-near-andheri-east-station/info,627,Food Court,830am to 11pm(Mon-Sun),Average,3.1,5.0,Andheri,Budget,Average,Low Popularity,False,3.59,17.95,sagar food corner fast food food court budget average low popularity
Dakshinayan,600,South Indian,Mumbai,Juhu,https://www.zomato.com/mumbai/dakshinayan-juhu/info,63,Casual Dining,"11am to 11pm(Mon-Fri),8am to 11pm(Sat-Sun)",Very Good,4.3,1922.0,Juhu,Moderate,Very Good,Highly Popular,True,4.26,7.1,dakshinayan south indian casual dining moderate very good highly popular
New Laxmi Fish & Kabab Corner,450,"Mughlai,Seafood",Mumbai,Near Andheri East Station,https://www.zomato.com/mumbai/new-laxmi-fish-kabab-corner-near-andheri-east-station/info,63,Casual Dining,630pm to 1230AM(Mon-Sun),Good,3.7,93.0,Andheri,Budget,Good,Low Popularity,True,3.65,8.11,"new laxmi fish & kabab corner mughlai,seafood casual dining budget good low popularity"
Cafe Coffee Day,700,"Cafe,Fast Food",Mumbai,Juhu,https://www.zomato.com/mumbai/cafe-coffee-day-juhu/info,63,Café,10am to 1am(Mon-Sun),Good,3.6,26.0,Juhu,Moderate,Good,Low Popularity,True,3.61,5.16,"cafe coffee day cafe,fast food café moderate good low popularity"
Sandwimania,200,"Fast Food,Sandwich",Mumbai,Santacruz West,https://www.zomato.com/mumbai/sandwimania-santacruz-west/info,630,Quick Bites,1030am to 10pm(Mon-Sun),Average,3.2,7.0,Santacruz,Budget,Average,Low Popularity,False,3.59,17.95,"sandwimania fast food,sandwich quick bites budget average low popularity"
Shawarma Spot,300,"Fast Food,Rolls",Mumbai,Santacruz East,https://www.zomato.com/mumbai/shawarma-spot-santacruz-east/info,631,Quick Bites,4am to 12midnight(Mon-Sun),Average,3.1,4.0,Santacruz,Budget,Average,Low Popularity,False,3.59,11.97,"shawarma spot fast food,rolls quick bites budget average low popularity"
Shree Balaji,350,"North Indian,South Indian,Chinese",Mumbai,Near Andheri West Station,https://www.zomato.com/mumbai/shree-balaji-near-andheri-west-station/info,633,Casual Dining,730am to 1130pm(Mon-Sun),Average,3.0,11.0,Andheri,Budget,Average,Low Popularity,False,3.56,10.17,"shree balaji north indian,south indian,chinese casual dining budget average low popularity"
Garden Fast Food Corner,200,"South Indian,Fast Food",Mumbai,Santacruz West,https://www.zomato.com/mumbai/garden-fast-food-corner-santacruz-west/info,635,none,10am to 9pm(Mon-Sun),Average,3.0,8.0,Santacruz,Budget,Average,Low Popularity,False,3.57,17.85,"garden fast food corner south indian,fast food none budget average low popularity"
Bengal Fry & Cook,400,"North Indian,Chinese",Mumbai,Oshiwara-- Andheri West,https://www.zomato.com/mumbai/bengal-fry-cook-oshiwara/info,637,none,12noon to 11pm(Mon-Sun),Average,3.0,4.0,Andheri,Budget,Average,Low Popularity,False,3.59,8.98,"bengal fry & cook north indian,chinese none budget average low popularity"
Hotel Gulmohar,400,"Mughlai,Chinese,North Indian",Mumbai,Bandra Talao-- Bandra West,https://www.zomato.com/mumbai/hotel-gulmohar-bandra-talao-bandra-west/info,638,Casual Dining,11am to 12midnight(Mon-Sun),Average,3.3,16.0,Bandra,Budget,Average,Low Popularity,False,3.57,8.92,"hotel gulmohar mughlai,chinese,north indian casual dining budget average low popularity"
ChocoFeast By Sunita,500,"Bakery,Desserts",Mumbai,Santacruz West,https://www.zomato.com/chocofeast/info,638,Bakery,9am to 9pm(Mon-Sun),Average,3.4,19.0,Santacruz,Budget,Average,Low Popularity,False,3.58,7.16,"chocofeast by sunita bakery,desserts bakery budget average low popularity"
Salim's Shahi Sigdi,500,"Mughlai,Fast Food",Mumbai,Hill Road-- Bandra West,https://www.zomato.com/mumbai/salims-shahi-sigdi-hill-road-bandra-west/info,64,Casual Dining,7pm to 1am(Mon-Sun),Good,3.9,107.0,Bandra,Budget,Good,Moderately Popular,True,3.75,7.5,"salim's shahi sigdi mughlai,fast food casual dining budget good moderately popular"
The Takeaway Factory,500,"North Indian,Mughlai,Chinese",Mumbai,Bandstand-- Bandra West,https://www.zomato.com/mumbai/the-takeaway-factory-bandstand-bandra-west/info,64,none,12noon to 4am(Mon-Sun),Good,3.8,68.0,Bandra,Budget,Good,Low Popularity,True,3.68,7.36,"the takeaway factory north indian,mughlai,chinese none budget good low popularity"
Sinful Dough,400,"Bakery,Desserts",Mumbai,Pali Hill-- Bandra West,https://www.zomato.com/mumbai/sinful-dough-pali-hill-bandra-west/info,64,Bakery,8am to 130am(Mon-Sun),Very Good,4.3,269.0,Bandra,Budget,Very Good,Moderately Popular,True,4.1,10.25,"sinful dough bakery,desserts bakery budget very good moderately popular"
La Pino'z Pizza,500,"Pizza,Italian",Mumbai,Linking Road-- Bandra West,https://www.zomato.com/mumbai/la-pinoz-pizza-linking-road-bandra-west/info,64,Quick Bites,11am to 2am(Mon-Sun),Very Good,4.1,454.0,Bandra,Budget,Very Good,Moderately Popular,True,4.01,8.02,"la pino'z pizza pizza,italian quick bites budget very good moderately popular"
Health Trail,400,"Healthy Food,Salad",Mumbai,Pali Hill-- Bandra West,https://www.zomato.com/mumbai/health-trail-pali-hill-bandra-west/info,640,none,"1130am to 2pm,630pm to 9pm(Mon-Sun)",Good,3.5,31.0,Bandra,Budget,Good,Low Popularity,True,3.59,8.98,"health trail healthy food,salad none budget good low popularity"
Sadguru Bar & Restaurant,500,"North Indian,Chinese,Seafood",Mumbai,Near Andheri East Station,https://www.zomato.com/mumbai/sadguru-bar-restaurant-near-andheri-east-station/info,641,Casual Dining,11am to 12midnight(Mon-Sun),Average,3.2,4.0,Andheri,Budget,Average,Low Popularity,False,3.6,7.2,"sadguru bar & restaurant north indian,chinese,seafood casual dining budget average low popularity"
Cookies & Chocolate Baskets by Fiestas,300,Bakery,Mumbai,Andheri Lokhandwala-- Andheri West,https://www.zomato.com/mumbai/cookies-chocolate-baskets-by-fiestas-andheri-lokhandwala/info,642,none,10am to 11pm(Mon-Sun),Good,3.6,38.0,Andheri,Budget,Good,Low Popularity,True,3.61,12.03,cookies & chocolate baskets by fiestas bakery none budget good low popularity
Parfait,300,Desserts,Mumbai,Juhu,https://www.zomato.com/mumbai/parfait-juhu/info,642,none,10am to 8pm(Mon-Sun),Average,2.9,32.0,Juhu,Budget,Average,Low Popularity,False,3.45,11.5,parfait desserts none budget average low popularity
Geetanjali Juice & Chinese Corner,450,"Chinese,Juices",Mumbai,Vile Parle West,https://www.zomato.com/mumbai/geetanjali-juice-chinese-corner-vile-parle-west/info,642,Quick Bites,"11am to 4pm,6pm to 12midnight(Mon-Sun)",Average,2.7,23.0,Vile Parle,Budget,Average,Low Popularity,False,3.45,7.67,"geetanjali juice & chinese corner chinese,juices quick bites budget average low popularity"
Mumbai Zaika,200,Fast Food,Mumbai,Bandra Talao-- Bandra West,https://www.zomato.com/mumbai/mumbai-zaika-bandra-talao-bandra-west/info,642,Quick Bites,1030am to 11pm(Mon-Sun),Good,3.6,46.0,Bandra,Budget,Good,Low Popularity,True,3.61,18.05,mumbai zaika fast food quick bites budget good low popularity
Balaji Dosa Centre,200,"South Indian,Fast Food",Mumbai,Vile Parle West,https://www.zomato.com/mumbai/balaji-dosa-centre-vile-parle-west/info,642,Quick Bites,130pm to 11pm(Mon-Sun),Good,3.6,17.0,Vile Parle,Budget,Good,Low Popularity,True,3.61,18.05,"balaji dosa centre south indian,fast food quick bites budget good low popularity"
Himson Dryfruit & Sweets,100,"Fast Food,Mithai",Mumbai,Vile Parle West,https://www.zomato.com/mumbai/himson-dryfruit-sweets-vile-parle-west/info,643,Quick Bites,930am to 9pm(Mon-Sun),Average,2.9,5.0,Vile Parle,Budget,Average,Low Popularity,False,3.58,35.8,"himson dryfruit & sweets fast food,mithai quick bites budget average low popularity"
Mesa Deli - Svenska  Design Hotel,1500,"North Indian,Continental,Chinese,Desserts",Mumbai,Svenska Design Hotel-- Andheri West,https://www.zomato.com/mesadeli/info,644,Casual Dining,"7am to 1130pm(Mon-Thu),7am to 1145pm(Fri-Sun)",Average,3.4,33.0,Andheri,Expensive,Average,Low Popularity,False,3.56,2.37,"mesa deli - svenska design hotel north indian,continental,chinese,desserts casual dining expensive average low popularity"
Shree Sai Prasad,650,"North Indian,Chinese",Mumbai,Near Andheri East Station,https://www.zomato.com/mumbai/shree-sai-prasad-near-andheri-east-station/info,644,Casual Dining,11am to 12midnight(Mon-Sun),Average,3.1,5.0,Andheri,Moderate,Average,Low Popularity,False,3.59,5.52,"shree sai prasad north indian,chinese casual dining moderate average low popularity"
Nirvan Frankie,200,Fast Food,Mumbai,Carter Road-- Bandra West,https://www.zomato.com/mumbai/nirvan-frankie-carter-road-bandra-west/info,644,none,10am to 930pm(Mon-Sun),Average,3.2,14.0,Bandra,Budget,Average,Low Popularity,False,3.56,17.8,nirvan frankie fast food none budget average low popularity
Street Food Of Mumbai,200,Fast Food,Mumbai,Andheri Lokhandwala-- Andheri West,https://www.zomato.com/mumbai/street-food-of-mumbai-andheri-lokhandwala/info,645,Quick Bites,830am to 830pm(Mon-Sun),Average,3.2,6.0,Andheri,Budget,Average,Low Popularity,False,3.59,17.95,street food of mumbai fast food quick bites budget average low popularity
Fat is Flavour,400,Desserts,Mumbai,Pali Hill-- Bandra West,https://www.zomato.com/mumbai/fat-is-flavour-pali-hill-bandra-west/info,645,none,11am to 9pm(Mon-Sun),Good,3.8,42.0,Bandra,Budget,Good,Low Popularity,True,3.66,9.15,fat is flavour desserts none budget good low popularity
Jai Maharashta Vada Pav,100,Street Food,Mumbai,Santacruz East,https://www.zomato.com/mumbai/jai-maharashta-vada-pav-santacruz-east/info,647,Quick Bites,7am to 9pm(Mon-Sun),Average,3.1,11.0,Santacruz,Budget,Average,Low Popularity,False,3.56,35.6,jai maharashta vada pav street food quick bites budget average low popularity
Shri Krishna Sagar,400,"South Indian,North Indian,Chinese,Beverages",Mumbai,Bandra East,https://www.zomato.com/mumbai/shri-krishna-sagar-bandra-east/info,648,Casual Dining,8am to 9pm(Mon-Sun),Average,3.2,11.0,Bandra,Budget,Average,Low Popularity,False,3.57,8.92,"shri krishna sagar south indian,north indian,chinese,beverages casual dining budget average low popularity"
Poetry By Love & Cheesecake,1000,"Cafe,Desserts",Mumbai,Juhu,https://www.zomato.com/mumbai/poetry-by-love-cheesecake-juhu/info,65,Café,10am to 12midnight(Mon-Sun),Excellent,4.5,455.0,Juhu,Moderate,Excellent,Moderately Popular,True,4.33,4.33,"poetry by love & cheesecake cafe,desserts café moderate excellent moderately popular"
Nawab-E-Dilli - Kitchen & Bar,700,"Thai,Biryani,Chinese,North Indian,Kebab,Seafood",Mumbai,Oshiwara-- Andheri West,https://www.zomato.com/mumbai/nawab-e-dilli-kitchen-bar-oshiwara/info,65,Casual Dining,1130am to 4am(Mon-Sun),Very Good,4.4,537.0,Andheri,Moderate,Very Good,Highly Popular,True,4.27,6.1,"nawab-e-dilli - kitchen & bar thai,biryani,chinese,north indian,kebab,seafood casual dining moderate very good highly popular"
Khurshid Pav Bhaaji,300,"Street Food,Fast Food",Mumbai,Vile Parle West,https://www.zomato.com/mumbai/khurshid-pav-bhaaji-vile-parle-west/info,65,Quick Bites,8pm to 6am(Mon-Sun),Good,3.7,377.0,Vile Parle,Budget,Good,Moderately Popular,True,3.68,12.27,"khurshid pav bhaaji street food,fast food quick bites budget good moderately popular"
Little Hut,250,"Fast Food,North Indian",Mumbai,Andheri Lokhandwala-- Andheri West,https://www.zomato.com/little-hut-food-truck/info,650,Food Truck,"1pm to 4pm,430pm to 630pm(Mon-Sun)",Average,3.1,7.0,Andheri,Budget,Average,Low Popularity,False,3.58,14.32,"little hut fast food,north indian food truck budget average low popularity"
Trami,600,"Kashmiri,Mughlai,North Indian",Mumbai,7 Bungalows-- Andheri West,https://www.zomato.com/mumbai/trami-7-bungalows/info,650,none,2pm to 12midnight(Mon-Sun),Average,3.4,25.0,Andheri,Moderate,Average,Low Popularity,False,3.57,5.95,"trami kashmiri,mughlai,north indian none moderate average low popularity"
Tambora,500,"North Indian,Chinese",Mumbai,Versova-- Andheri West,https://www.zomato.com/mumbai/tambora-versova/info,652,Quick Bites,2pm to 11pm(Mon-Sun),Good,3.6,55.0,Andheri,Budget,Good,Low Popularity,True,3.61,7.22,"tambora north indian,chinese quick bites budget good low popularity"
Moo Moo Milk™,150,"Mithai,Beverages",Mumbai,Oshiwara-- Andheri West,https://www.zomato.com/mumbai/moo-moo-milk-oshiwara/info,653,Sweet Shop,5am to 10pm(Mon-Sun),Average,3.4,14.0,Andheri,Budget,Average,Low Popularity,False,3.59,23.93,"moo moo milk™ mithai,beverages sweet shop budget average low popularity"
Kitchen Box,600,"Chinese,Thai",Mumbai,Pali Hill-- Bandra West,https://www.zomato.com/kitchen-box/info,653,none,"12noon to 3pm,7pm to 12midnight(Mon-Sun)",Average,2.9,55.0,Bandra,Moderate,Average,Low Popularity,False,3.37,5.62,"kitchen box chinese,thai none moderate average low popularity"
Whey It Up,600,"Bakery,Desserts",Mumbai,Carter Road-- Bandra West,https://www.zomato.com/mumbai/whey-it-up-carter-road-bandra-west/info,653,Bakery,10am to 8pm(Mon-Sun),Average,3.3,11.0,Bandra,Moderate,Average,Low Popularity,False,3.58,5.97,"whey it up bakery,desserts bakery moderate average low popularity"
Caramella,350,"Bakery,Desserts",Mumbai,Santacruz West,https://www.zomato.com/mumbai/caramella-santacruz-west/info,654,Bakery,10am to 10pm(Mon-Sun),Good,3.8,49.0,Santacruz,Budget,Good,Low Popularity,True,3.67,10.49,"caramella bakery,desserts bakery budget good low popularity"
Cake Of The Day,250,Bakery,Mumbai,Near Andheri West Station,https://www.zomato.com/mumbai/cake-of-the-day-near-andheri-west-station/info,654,Bakery,8am to 10pm(Mon-Sun),Average,2.9,8.0,Andheri,Budget,Average,Low Popularity,False,3.56,14.24,cake of the day bakery bakery budget average low popularity
Karan Chinese Corner,250,Chinese,Mumbai,7 Bungalows-- Andheri West,https://www.zomato.com/mumbai/karan-chinese-corner-7-bungalows/info,654,Quick Bites,1pm to 1210AM(Mon-Sun),Average,3.4,10.0,Andheri,Budget,Average,Low Popularity,False,3.59,14.36,karan chinese corner chinese quick bites budget average low popularity
Expressions,150,"Bakery,Desserts",Mumbai,Santacruz West,https://www.zomato.com/mumbai/expressions-santacruz-west/info,655,Bakery,11am to 8pm(Mon-Sun),Average,3.2,7.0,Santacruz,Budget,Average,Low Popularity,False,3.59,23.93,"expressions bakery,desserts bakery budget average low popularity"
Chocolate Blues,700,Bakery,Mumbai,Versova-- Andheri West,https://www.zomato.com/mumbai/chocolate-blues-versova/info,656,Bakery,10am to 6pm(Mon-Sun),Good,3.6,39.0,Andheri,Moderate,Good,Low Popularity,True,3.61,5.16,chocolate blues bakery bakery moderate good low popularity
Cookie Cutter,200,"Bakery,Desserts",Mumbai,Andheri Lokhandwala-- Andheri West,https://www.zomato.com/mumbai/cookie-cutter-andheri-lokhandwala/info,656,none,10am to 8pm(Mon-Sun),Good,3.6,54.0,Andheri,Budget,Good,Low Popularity,True,3.61,18.05,"cookie cutter bakery,desserts none budget good low popularity"
The Cutchi Memon Table,800,"Mughlai,North Indian,Rolls",Mumbai,Carter Road-- Bandra West,https://www.zomato.com/mumbai/the-cutchi-memon-table-carter-road-bandra-west/info,656,none,11am to 7pm(Mon-Sun),Average,3.3,12.0,Bandra,Moderate,Average,Low Popularity,False,3.58,4.47,"the cutchi memon table mughlai,north indian,rolls none moderate average low popularity"
Surya Family Restaurant & Bar,400,"North Indian,Chinese,Mughlai",Mumbai,Vile Parle East,https://www.zomato.com/mumbai/surya-family-restaurant-bar-vile-parle-east/info,658,Casual Dining,1130am to 12midnight(Mon-Sun),Average,3.0,17.0,Vile Parle,Budget,Average,Low Popularity,False,3.53,8.82,"surya family restaurant & bar north indian,chinese,mughlai casual dining budget average low popularity"
Bite Box,350,"Fast Food,Ice Cream,South Indian",Mumbai,Near Andheri West Station,https://www.zomato.com/mumbai/bite-box-near-andheri-west-station/info,659,Quick Bites,"1pm to 10pm(Mon-Sat),2pm to 10pm(Sun)",Good,3.6,39.0,Andheri,Budget,Good,Low Popularity,True,3.61,10.31,"bite box fast food,ice cream,south indian quick bites budget good low popularity"
Harmony Bistro,1350,"North Indian,Mughlai,Seafood,Lucknowi",Mumbai,Versova-- Andheri West,https://www.zomato.com/mumbai/harmony-bistro-versova/info,66,Casual Dining,5pm to 1am(Mon-Sun),Good,3.5,24.0,Andheri,Expensive,Good,Low Popularity,False,3.59,2.66,"harmony bistro north indian,mughlai,seafood,lucknowi casual dining expensive good low popularity"
Pi Bar and Kitchen,1600,"Continental,European,Italian,Seafood,Pizza,Desserts,Beverages",Mumbai,Andheri Lokhandwala-- Andheri West,https://www.zomato.com/mumbai/pi-bar-and-kitchen-andheri-lokhandwala/info,66,Bar,"12noon to 6pm,7pm to 12midnight(Mon-Sun)",Excellent,4.5,2068.0,Andheri,Premium,Excellent,Highly Popular,False,4.46,2.79,"pi bar and kitchen continental,european,italian,seafood,pizza,desserts,beverages bar premium excellent highly popular"
Wanton House,800,"Chinese,Thai",Mumbai,Hill Road-- Bandra West,https://www.zomato.com/mumbai/wanton-house-hill-road-bandra-west/info,66,Casual Dining,"1230pm to 4pm,7pm to 1am(Mon-Sun)",Good,3.9,543.0,Bandra,Moderate,Good,Highly Popular,True,3.85,4.81,"wanton house chinese,thai casual dining moderate good highly popular"
Bawa N More,450,Parsi,Mumbai,Near Andheri West Station,https://www.zomato.com/mumbai/bawa-n-more-near-andheri-west-station/info,661,none,"10am to 4pm(Mon-Sat),830am to 12noon(Sun)",Average,3.0,6.0,Andheri,Budget,Average,Low Popularity,False,3.58,7.96,bawa n more parsi none budget average low popularity
Shweta's Healthy Kitchen,300,"North Indian,Mexican",Mumbai,Andheri Lokhandwala-- Andheri West,https://www.zomato.com/mumbai/shwetas-healthy-kitchen-andheri-lokhandwala/info,661,none,10am to 4pm(Mon-Sun),Average,3.2,5.0,Andheri,Budget,Average,Low Popularity,False,3.59,11.97,"shweta's healthy kitchen north indian,mexican none budget average low popularity"
Town Tables,450,"North Indian,Mughlai",Mumbai,Andheri Lokhandwala-- Andheri West,https://www.zomato.com/mumbai/town-tables-andheri-lokhandwala/info,661,Quick Bites,11am to 12midnight(Mon-Sun),Good,3.8,24.0,Andheri,Budget,Good,Low Popularity,True,3.65,8.11,"town tables north indian,mughlai quick bites budget good low popularity"
Cookie me up,300,Bakery,Mumbai,Andheri Lokhandwala-- Andheri West,https://www.zomato.com/mumbai/cookie-me-up-andheri-lokhandwala/info,661,Bakery,11am to 7pm(Mon-Sun),Good,3.5,25.0,Andheri,Budget,Good,Low Popularity,True,3.59,11.97,cookie me up bakery bakery budget good low popularity
The Little Dragon,400,Chinese,Mumbai,Santacruz West,https://www.zomato.com/mumbai/the-little-dragon-santacruz-west/info,663,Quick Bites,"7pm to 11pm(Mon,Wed,Thu,Fri,Sat,Sun),Closed...",Good,3.5,16.0,Santacruz,Budget,Good,Low Popularity,True,3.6,9.0,the little dragon chinese quick bites budget good low popularity
Kerala Castle,300,"Kerala,Chinese",Mumbai,Near Andheri West Station,https://www.zomato.com/mumbai/kerala-castle-near-andheri-west-station/info,665,Casual Dining,11am to 11pm(Mon-Sun),Average,3.1,5.0,Andheri,Budget,Average,Low Popularity,False,3.59,11.97,"kerala castle kerala,chinese casual dining budget average low popularity"
Burg's Bite House,150,Fast Food,Mumbai,Santacruz West,https://www.zomato.com/mumbai/burgs-bite-house-santacruz-west/info,666,Quick Bites,9am to 10pm(Mon-Sun),Average,2.9,20.0,Santacruz,Budget,Average,Low Popularity,False,3.5,23.33,burg's bite house fast food quick bites budget average low popularity
KAKEIT,500,"Healthy Food,Desserts,Bakery",Mumbai,Vile Parle West,https://www.zomato.com/mumbai/kakeit-vile-parle-west/info,666,Bakery,10am to 10pm(Mon-Sun),Good,3.7,55.0,Vile Parle,Budget,Good,Low Popularity,True,3.64,7.28,"kakeit healthy food,desserts,bakery bakery budget good low popularity"
The Next Door Cafe,500,"Italian,American,North Indian,Fast Food,Beverages",Mumbai,Linking Road-- Bandra West,https://www.zomato.com/mumbai/the-next-door-cafe-linking-road-bandra-west/info,666,Quick Bites,10am to 12midnight(Mon-Sun),Good,3.5,44.0,Bandra,Budget,Good,Low Popularity,True,3.58,7.16,"the next door cafe italian,american,north indian,fast food,beverages quick bites budget good low popularity"
Rola Rossa,750,"Italian,Mexican,Mediterranean,Pizza,Burger,Sandwich",Mumbai,Oshiwara-- Andheri West,https://www.zomato.com/mumbai/rola-rossa-oshiwara/info,668,none,9am to 12midnight(Mon-Sun),Good,3.9,346.0,Andheri,Moderate,Good,Moderately Popular,True,3.83,5.11,"rola rossa italian,mexican,mediterranean,pizza,burger,sandwich none moderate good moderately popular"
Take Away Chef,700,"Burmese,Sindhi,North Indian,Chinese,Thai",Mumbai,Juhu,https://www.zomato.com/takeawaychef/info,668,none,"Closed(Mon),12noon to 2pm,5pm to 945pm(Tue-Sun)",Good,3.7,176.0,Juhu,Moderate,Good,Moderately Popular,True,3.67,5.24,"take away chef burmese,sindhi,north indian,chinese,thai none moderate good moderately popular"
Daily Dabba,600,"North Indian,Indian,Continental,Healthy Food",Mumbai,Bandra East,https://www.zomato.com/mumbai/daily-dabba-bandra-east/info,668,none,11am to 10pm(Mon-Sun),Average,3.2,16.0,Bandra,Moderate,Average,Low Popularity,False,3.56,5.93,"daily dabba north indian,indian,continental,healthy food none moderate average low popularity"
Tongue Twister,400,"Street Food,Fast Food,Beverages,Desserts",Mumbai,Santacruz West,https://www.zomato.com/mumbai/tongue-twister-santacruz-west/info,668,Quick Bites,12noon to 12midnight(Mon-Sun),Good,3.6,51.0,Santacruz,Budget,Good,Low Popularity,True,3.61,9.02,"tongue twister street food,fast food,beverages,desserts quick bites budget good low popularity"
Special Chinese Corner,300,Chinese,Mumbai,Near Andheri East Station,https://www.zomato.com/mumbai/special-chinese-corner-near-andheri-east-station/info,668,Quick Bites,"1130am to 4pm,6pm to 1130pm(Mon-Sun)",Average,3.0,8.0,Andheri,Budget,Average,Low Popularity,False,3.57,11.9,special chinese corner chinese quick bites budget average low popularity
Laxmi Dairy,200,"Chinese,Fast Food",Mumbai,Santacruz West,https://www.zomato.com/mumbai/laxmi-dairy-santacruz-west/info,669,Quick Bites,1030am to 1030pm(Mon-Sun),Average,2.9,19.0,Santacruz,Budget,Average,Low Popularity,False,3.51,17.55,"laxmi dairy chinese,fast food quick bites budget average low popularity"
Bites N Sips,350,Fast Food,Mumbai,Near Andheri East Station,https://www.zomato.com/mumbai/bites-n-sips-2-near-andheri-east-station/info,669,Quick Bites,3pm to 11pm(Mon-Sun),Average,3.3,42.0,Andheri,Budget,Average,Low Popularity,False,3.53,10.09,bites n sips fast food quick bites budget average low popularity
AM Caterers & Tiffin Suppliers,200,North Indian,Mumbai,Bandra Talao-- Bandra West,https://www.zomato.com/mumbai/am-caterers-tiffin-suppliers-bandra-talao-bandra-west/info,669,none,12noon to 8pm(Mon-Sun),Average,3.0,11.0,Bandra,Budget,Average,Low Popularity,False,3.56,17.8,am caterers & tiffin suppliers north indian none budget average low popularity
Bakers & More,300,"Bakery,Desserts",Mumbai,Andheri Lokhandwala-- Andheri West,https://www.zomato.com/mumbai/bakers-more-andheri-lokhandwala/info,67,Bakery,9am to 1230AM(Mon-Sun),Good,3.9,374.0,Andheri,Budget,Good,Moderately Popular,True,3.83,12.77,"bakers & more bakery,desserts bakery budget good moderately popular"
Melting Morsels,350,"Italian,Desserts,American,North Indian",Mumbai,Pali Hill-- Bandra West,https://www.zomato.com/mumbai/melting-morsels-pali-hill-bandra-west/info,67,Dessert Parlor,"10am to 12midnight(Mon-Thu),10am to 130am(Fri-Sun)",Good,3.9,398.0,Bandra,Budget,Good,Moderately Popular,True,3.84,10.97,"melting morsels italian,desserts,american,north indian dessert parlor budget good moderately popular"
Street Kitchen Wala,400,Fast Food,Mumbai,Bandra Talao-- Bandra West,https://www.zomato.com/mumbai/street-kitchen-wala-bandra-talao-bandra-west/info,670,none,8am to 9pm(Mon-Sun),Average,2.9,9.0,Bandra,Budget,Average,Low Popularity,False,3.56,8.9,street kitchen wala fast food none budget average low popularity
Taheri Delights,300,"North Indian,Fast Food,Desserts",Mumbai,Hill Road-- Bandra West,https://www.zomato.com/mumbai/taheri-delights-hill-road-bandra-west/info,670,none,1130am to 12midnight(Mon-Sun),Good,3.9,48.0,Bandra,Budget,Good,Low Popularity,True,3.7,12.33,"taheri delights north indian,fast food,desserts none budget good low popularity"
Street Kitchen Wala,400,Fast Food,Mumbai,Bandra Talao-- Bandra West,https://www.zomato.com/mumbai/street-kitchen-wala-bandra-talao-bandra-west/info,673,none,8am to 9pm(Mon-Sun),Average,2.9,9.0,Bandra,Budget,Average,Low Popularity,False,3.56,8.9,street kitchen wala fast food none budget average low popularity
Taheri Delights,300,"North Indian,Fast Food,Desserts",Mumbai,Hill Road-- Bandra West,https://www.zomato.com/mumbai/taheri-delights-hill-road-bandra-west/info,673,none,1130am to 12midnight(Mon-Sun),Good,3.9,48.0,Bandra,Budget,Good,Low Popularity,True,3.7,12.33,"taheri delights north indian,fast food,desserts none budget good low popularity"
Arma Court,450,"North Indian,Chinese,Fast Food,Beverages",Mumbai,Bandra East,https://www.zomato.com/mumbai/arma-court-bandra-east/info,676,Casual Dining,10am to 12midnight(Mon-Sun),Average,2.9,47.0,Bandra,Budget,Average,Low Popularity,False,3.4,7.56,"arma court north indian,chinese,fast food,beverages casual dining budget average low popularity"
Krispies,500,"Biryani,North Indian,Chinese",Mumbai,Vile Parle East,https://www.zomato.com/mumbai/krispies-vile-parle-east/info,676,Casual Dining,"12noon to 4pm,630pm to 11pm(Mon-Sun)",Good,3.7,259.0,Vile Parle,Budget,Good,Moderately Popular,True,3.67,7.34,"krispies biryani,north indian,chinese casual dining budget good moderately popular"
Regency Restaurant & Bar,1200,"North Indian,Mughlai,Chinese",Mumbai,Near Andheri East Station,https://www.zomato.com/mumbai/regency-restaurant-bar-near-andheri-east-station/info,68,Casual Dining,"11am to 4pm,6pm to 1am(Mon-Sun)",Good,3.7,253.0,Andheri,Expensive,Good,Moderately Popular,False,3.67,3.06,"regency restaurant & bar north indian,mughlai,chinese casual dining expensive good moderately popular"
Golden Wave,1100,"North Indian,Chinese,Continental",Mumbai,Santacruz East,https://www.zomato.com/mumbai/golden-wave-santacruz-east/info,68,Casual Dining,"1230pm to 330pm,7pm to 1230AM(Mon-Sun)",Good,3.9,124.0,Santacruz,Expensive,Good,Moderately Popular,False,3.76,3.42,"golden wave north indian,chinese,continental casual dining expensive good moderately popular"
Parle Juice Centre,250,"Juices,Fast Food",Mumbai,Vile Parle East,https://www.zomato.com/mumbai/parle-juice-centre-2-vile-parle-east/info,684,Beverage Shop,9am to 10pm(Mon-Sun),Average,2.9,13.0,Vile Parle,Budget,Average,Low Popularity,False,3.54,14.16,"parle juice centre juices,fast food beverage shop budget average low popularity"
The Fresh Food Box,400,"North Indian,Healthy Food",Mumbai,Andheri Lokhandwala-- Andheri West,https://www.zomato.com/mumbai/the-fresh-food-box-andheri-lokhandwala/info,684,none,"12noon to 4pm,630pm to 12midnight(Mon,Wed...",Average,3.3,17.0,Andheri,Budget,Average,Low Popularity,False,3.57,8.92,"the fresh food box north indian,healthy food none budget average low popularity"
GoFoodiee,450,"North Indian,Chinese,Continental",Mumbai,Versova-- Andheri West,https://www.zomato.com/mumbai/gofoodiee-versova/info,684,none,1130am to 12midnight(Mon-Sun),Good,3.6,51.0,Andheri,Budget,Good,Low Popularity,True,3.61,8.02,"gofoodiee north indian,chinese,continental none budget good low popularity"
Firoz Zayka,300,"Street Food,Seafood,Biryani,North Indian,Chinese",Mumbai,Juhu,https://www.zomato.com/mumbai/firoz-zayka-juhu/info,687,Quick Bites,11am to 1140pm(Mon-Sun),Average,3.2,32.0,Juhu,Budget,Average,Low Popularity,False,3.52,11.73,"firoz zayka street food,seafood,biryani,north indian,chinese quick bites budget average low popularity"
DOLCEMI,500,Bakery,Mumbai,Bandstand-- Bandra West,https://www.zomato.com/mumbai/dolcemi-1-bandstand-bandra-west/info,688,none,"Closed(Mon),12noon to 7pm(Tue-Sun)",Average,3.4,19.0,Bandra,Budget,Average,Low Popularity,False,3.58,7.16,dolcemi bakery none budget average low popularity
Ghef's Premium Takeaway,550,"Italian,Chinese,Asian,Desserts",Mumbai,Linking Road-- Bandra West,https://www.zomato.com/mumbai/ghefs-premium-takeaway-1-linking-road-bandra-west/info,689,Quick Bites,11am to 12midnight(Mon-Sun),Good,3.9,127.0,Bandra,Moderate,Good,Moderately Popular,True,3.77,6.85,"ghef's premium takeaway italian,chinese,asian,desserts quick bites moderate good moderately popular"
Ken-Mary's,100,"Fast Food,Bakery,Desserts",Mumbai,Hill Road-- Bandra West,https://www.zomato.com/mumbai/ken-marys-hill-road-bandra-west/info,689,Bakery,10am to 11pm(Mon-Sun),Good,3.5,17.0,Bandra,Budget,Good,Low Popularity,True,3.6,36.0,"ken-mary's fast food,bakery,desserts bakery budget good low popularity"
Breakfastlelo.com,250,North Indian,Mumbai,Near Andheri East Station,https://www.zomato.com/mumbai/breakfastlelo-com-near-andheri-east-station/info,689,none,8am to 12noon(Mon-Sun),Average,2.7,109.0,Andheri,Budget,Average,Moderately Popular,False,3.16,12.64,breakfastlelo.com north indian none budget average moderately popular
Ashok Healthy Food Kitchen,400,"North Indian,Chinese",Mumbai,Vile Parle West,https://www.zomato.com/mumbai/ashok-healthy-food-kitchen-1-vile-parle-west/info,69,none,"12noon to 4pm,7pm to 4am(Mon-Sun)",Average,3.3,14.0,Vile Parle,Budget,Average,Low Popularity,False,3.58,8.95,"ashok healthy food kitchen north indian,chinese none budget average low popularity"
Mogul Sarai,800,"Chinese,North Indian,Mughlai,Fast Food",Mumbai,Bandra Talao-- Bandra West,https://www.zomato.com/mumbai/mogul-sarai-bandra-talao-bandra-west/info,69,Casual Dining,7pm to 5am(Mon-Sun),Good,3.8,166.0,Bandra,Moderate,Good,Moderately Popular,True,3.73,4.66,"mogul sarai chinese,north indian,mughlai,fast food casual dining moderate good moderately popular"
Open China,1500,"Chinese,Asian,Cantonese,Seafood",Mumbai,Juhu,https://www.zomato.com/mumbai/open-china-juhu/info,69,Casual Dining,"12noon to 330pm,7pm to 1230AM(Mon-Sun)",Very Good,4.1,410.0,Juhu,Expensive,Very Good,Moderately Popular,False,4.0,2.67,"open china chinese,asian,cantonese,seafood casual dining expensive very good moderately popular"
Snacks.com,150,"Chinese,Fast Food",Mumbai,Vile Parle West,https://www.zomato.com/mumbai/snacks-com-vile-parle-west/info,69,Quick Bites,"8am to 2pm,5pm to 2am(Mon-Sun)",Good,3.5,28.0,Vile Parle,Budget,Good,Low Popularity,True,3.59,23.93,"snacks.com chinese,fast food quick bites budget good low popularity"
Paratha Express,200,"Rolls,North Indian",Mumbai,Andheri Lokhandwala-- Andheri West,https://www.zomato.com/mumbai/paratha-express-andheri-lokhandwala/info,69,none,"930am to 430pm,630pm to 4am(Mon-Sun)",Average,2.6,20.0,Andheri,Budget,Average,Low Popularity,False,3.46,17.3,"paratha express rolls,north indian none budget average low popularity"
Radha Krishna,750,"North Indian,South Indian,Street Food,Chinese",Mumbai,Near Andheri West Station,https://www.zomato.com/mumbai/radha-krishna-near-andheri-west-station/info,69,Casual Dining,9am to 1130pm(Mon-Sun),Good,3.9,1255.0,Andheri,Moderate,Good,Highly Popular,True,3.88,5.17,"radha krishna north indian,south indian,street food,chinese casual dining moderate good highly popular"
Swagat,350,"Fast Food,Street Food,Chinese,Juices,Pizza,Sandwich",Mumbai,Linking Road-- Bandra West,https://www.zomato.com/mumbai/swagat-linking-road-bandra-west/info,690,Casual Dining,7am to 11pm(Mon-Sun),Average,2.7,49.0,Bandra,Budget,Average,Low Popularity,False,3.33,9.51,"swagat fast food,street food,chinese,juices,pizza,sandwich casual dining budget average low popularity"
Arma Court,450,"North Indian,Chinese,Fast Food,Beverages",Mumbai,Bandra East,https://www.zomato.com/mumbai/arma-court-bandra-east/info,693,Casual Dining,10am to 12midnight(Mon-Sun),Average,2.9,47.0,Bandra,Budget,Average,Low Popularity,False,3.4,7.56,"arma court north indian,chinese,fast food,beverages casual dining budget average low popularity"
Bake N Nuts,450,"Bakery,Desserts,Fast Food",Mumbai,Santacruz East,https://www.zomato.com/mumbai/bake-n-nuts-santacruz-east/info,693,Bakery,10am to 11pm(Mon-Sun),Average,3.4,39.0,Santacruz,Budget,Average,Low Popularity,False,3.56,7.91,"bake n nuts bakery,desserts,fast food bakery budget average low popularity"
Hindi Chini Bhai Bhai,300,Chinese,Mumbai,Near Andheri West Station,https://www.zomato.com/mumbai/hindi-chini-bhai-bhai-near-andheri-west-station/info,696,none,1130am to 1030pm(Mon-Sun),Poor,2.4,25.0,Andheri,Budget,Average,Low Popularity,False,3.39,11.3,hindi chini bhai bhai chinese none budget average low popularity
Yumm-Hai-Hum,300,"Chinese,North Indian,Mughlai,South Indian",Mumbai,Near Andheri East Station,https://www.zomato.com/yummhaihum/info,697,none,1030am to 12midnight(Mon-Sun),Good,3.7,48.0,Andheri,Budget,Good,Low Popularity,True,3.64,12.13,"yumm-hai-hum chinese,north indian,mughlai,south indian none budget good low popularity"
The Desi Bread,250,Bakery,Mumbai,Near Andheri East Station,https://www.zomato.com/mumbai/the-desi-bread-near-andheri-east-station/info,698,none,"12noon to 5pm(Mon-Sat),Closed(Sun)",Average,3.2,10.0,Andheri,Budget,Average,Low Popularity,False,3.58,14.32,the desi bread bakery none budget average low popularity
Renuka's Kitchen,300,Maharashtrian,Mumbai,Santacruz East,https://www.zomato.com/mumbai/renukas-kitchen-santacruz-east/info,699,none,"8am to 10am,7pm to 10pm(Mon-Sun)",Average,3.0,7.0,Santacruz,Budget,Average,Low Popularity,False,3.57,11.9,renuka's kitchen maharashtrian none budget average low popularity
Karandikar Mastani House,200,"Ice Cream,Beverages",Mumbai,Vile Parle East,https://www.zomato.com/mumbai/karandikar-mastani-house-1-vile-parle-east/info,699,Dessert Parlor,5pm to 11pm(Mon-Sun),Average,3.3,20.0,Vile Parle,Budget,Average,Low Popularity,False,3.56,17.8,"karandikar mastani house ice cream,beverages dessert parlor budget average low popularity"
Monkey Bar,1800,"Mexican,North Indian,Pizza,Burger",Mumbai,Linking Road-- Bandra West,https://www.zomato.com/mumbai/monkey-bar-linking-road-bandra-west/info,7,Bar,"12midnight to 130am,6pm to 12midnight...",Very Good,4.1,2334.0,Bandra,Premium,Very Good,Highly Popular,False,4.08,2.27,"monkey bar mexican,north indian,pizza,burger bar premium very good highly popular"
Salt Water Cafe,1500,"European,Italian,Salad",Mumbai,Bandstand-- Bandra West,https://www.zomato.com/SaltWaterCafeBandra/info,7,Casual Dining,9am to 1am(Mon-Sun),Very Good,4.1,2891.0,Bandra,Expensive,Very Good,Highly Popular,False,4.08,2.72,"salt water cafe european,italian,salad casual dining expensive very good highly popular"
SardaarJi,500,"North Indian,Biryani,Rolls,Kebab,Seafood,Momos",Mumbai,Andheri Lokhandwala-- Andheri West,https://www.zomato.com/mumbai/sardaarji-andheri-lokhandwala/info,7,Quick Bites,"1130am to 6pm,7pm to 4am(Mon-Sun)",Very Good,4.1,1291.0,Andheri,Budget,Very Good,Highly Popular,True,4.06,8.12,"sardaarji north indian,biryani,rolls,kebab,seafood,momos quick bites budget very good highly popular"
Quesso Ristorante,1700,"Continental,Mexican,Italian,Mediterranean",Mumbai,Oshiwara-- Andheri West,https://www.zomato.com/mumbai/quesso-ristorante-oshiwara/info,7,Casual Dining,11am to 4am(Mon-Sun),Very Good,4.3,2595.0,Andheri,Premium,Very Good,Highly Popular,False,4.27,2.51,"quesso ristorante continental,mexican,italian,mediterranean casual dining premium very good highly popular"
Trumpet Sky Lounge,1700,"North Indian,Chinese",Mumbai,Andheri Lokhandwala-- Andheri West,https://www.zomato.com/mumbai/trumpet-sky-lounge-andheri-lokhandwala/info,7,Lounge,6pm to 130am(Mon-Sun),Excellent,4.9,348.0,Andheri,Premium,Excellent,Moderately Popular,False,4.59,2.7,"trumpet sky lounge north indian,chinese lounge premium excellent moderately popular"
Tewari Bros. Mithaiwala,400,"Mithai,Street Food",Mumbai,Juhu,https://www.zomato.com/mumbai/tewari-bros-mithaiwala-juhu/info,70,Sweet Shop,8am to 1030pm(Mon-Sun),Very Good,4.1,621.0,Juhu,Budget,Very Good,Highly Popular,True,4.03,10.08,"tewari bros. mithaiwala mithai,street food sweet shop budget very good highly popular"
The Nutcracker,1200,"Cafe,American,European",Mumbai,Bandstand-- Bandra West,https://www.zomato.com/mumbai/the-nutcracker-bandstand-bandra-west/info,70,Café,"12noon to 12midnight(Mon),8am to 12midnight...",Very Good,4.2,1506.0,Bandra,Expensive,Very Good,Highly Popular,False,4.16,3.47,"the nutcracker cafe,american,european café expensive very good highly popular"
Mohammad Nashir Pavbhaji & Bhurji Centre,350,"Street Food,Juices,Fast Food",Mumbai,Vile Parle West,https://www.zomato.com/mumbai/mohammad-nashir-pavbhaji-bhurji-centre-vile-parle-west/info,70,Quick Bites,6pm to 1am(Mon-Sun),Good,3.9,269.0,Vile Parle,Budget,Good,Moderately Popular,True,3.82,10.91,"mohammad nashir pavbhaji & bhurji centre street food,juices,fast food quick bites budget good moderately popular"
Red Ninja Express,600,"Seafood,Fast Food,Chinese,Asian",Mumbai,Santacruz West,https://www.zomato.com/mumbai/red-ninja-express-santacruz-west/info,70,none,"1130am to 3pm,630pm to 3am(Mon-Sun)",Good,3.7,246.0,Santacruz,Moderate,Good,Moderately Popular,True,3.67,6.12,"red ninja express seafood,fast food,chinese,asian none moderate good moderately popular"
yoursdrooly,500,"Thai,Malaysian,Chinese,Continental,North Indian",Mumbai,Pali Hill-- Bandra West,https://www.zomato.com/mumbai/yoursdrooly-pali-hill-bandra-west/info,70,none,"630pm to 3am(Mon-Fri),1230pm to 330pm,630pm...",Good,3.8,157.0,Bandra,Budget,Good,Moderately Popular,True,3.72,7.44,"yoursdrooly thai,malaysian,chinese,continental,north indian none budget good moderately popular"
GoFoodiee,450,"North Indian,Chinese,Continental",Mumbai,Versova-- Andheri West,https://www.zomato.com/mumbai/gofoodiee-versova/info,700,none,1130am to 12midnight(Mon-Sun),Good,3.6,51.0,Andheri,Budget,Good,Low Popularity,True,3.61,8.02,"gofoodiee north indian,chinese,continental none budget good low popularity"
Baker's Delite,300,"Bakery,Desserts",Mumbai,Vile Parle West,https://www.zomato.com/mumbai/bakers-delite-vile-parle-west/info,701,Bakery,"Closed(Mon),11am to 8pm(Tue-Sun)",Average,3.3,15.0,Vile Parle,Budget,Average,Low Popularity,False,3.57,11.9,"baker's delite bakery,desserts bakery budget average low popularity"
Patisserie at The Club Mumbai,500,Bakery,Mumbai,Andheri Lokhandwala-- Andheri West,https://www.zomato.com/mumbai/patisserie-at-the-club-mumbai-andheri-lokhandwala/info,701,Bakery,830am to 930pm(Mon-Sun),Good,3.5,26.0,Andheri,Budget,Good,Low Popularity,True,3.59,7.18,patisserie at the club mumbai bakery bakery budget good low popularity
Simmering Pots,600,"Mughlai,Biryani,North Indian,Kebab",Mumbai,Hill Road-- Bandra West,https://www.zomato.com/mumbai/simmering-pots-hill-road-bandra-west/info,701,none,"12noon to 3pm,5pm to 10pm(Mon-Sun)",Good,3.9,136.0,Bandra,Moderate,Good,Moderately Popular,True,3.77,6.28,"simmering pots mughlai,biryani,north indian,kebab none moderate good moderately popular"
Sweet Lounge,300,Bakery,Mumbai,Versova-- Andheri West,https://www.zomato.com/mumbai/sweet-lounge-versova/info,701,Bakery,10am to 11pm(Mon-Sun),Average,3.4,14.0,Andheri,Budget,Average,Low Popularity,False,3.59,11.97,sweet lounge bakery bakery budget average low popularity
Kalpana Restaurant,400,"North Indian,Chinese",Mumbai,Santacruz West,https://www.zomato.com/mumbai/kalpana-restaurant-santacruz-west/info,704,Quick Bites,1130am to 12midnight(Mon-Sun),Average,3.1,10.0,Santacruz,Budget,Average,Low Popularity,False,3.57,8.92,"kalpana restaurant north indian,chinese quick bites budget average low popularity"
Roll Baby Roll,400,"North Indian,Rolls",Mumbai,Near Andheri West Station,https://www.zomato.com/mumbai/roll-baby-roll-near-andheri-west-station/info,704,none,1130am to 1030pm(Mon-Sun),Average,2.7,13.0,Andheri,Budget,Average,Low Popularity,False,3.51,8.78,"roll baby roll north indian,rolls none budget average low popularity"
Nukkad Express,600,Fast Food,Mumbai,7 Bungalows-- Andheri West,https://www.zomato.com/mumbai/nukkad-express-7-bungalows/info,704,Quick Bites,11am to 11pm(Mon-Sun),Average,3.2,12.0,Andheri,Moderate,Average,Low Popularity,False,3.57,5.95,nukkad express fast food quick bites moderate average low popularity
Shree Shivji Fast Food,350,"Chinese,North Indian",Mumbai,Juhu,https://www.zomato.com/mumbai/shree-shivji-fast-food-juhu/info,704,Quick Bites,"12noon to 330pm,7pm to 1130pm(Mon-Sun)",Average,3.1,4.0,Juhu,Budget,Average,Low Popularity,False,3.59,10.26,"shree shivji fast food chinese,north indian quick bites budget average low popularity"
Hangla's,500,"Chinese,Mughlai,Biryani,Rolls,Momos",Mumbai,Andheri Lokhandwala-- Andheri West,https://www.zomato.com/mumbai/hanglas-andheri-lokhandwala/info,71,Quick Bites,1130am to 1am(Mon-Sun),Good,3.8,439.0,Andheri,Budget,Good,Moderately Popular,True,3.76,7.52,"hangla's chinese,mughlai,biryani,rolls,momos quick bites budget good moderately popular"
Spices & Chillies,800,"North Indian,Chinese,Momos",Mumbai,Near Andheri West Station,https://www.zomato.com/mumbai/spices-chillies-near-andheri-west-station/info,71,Casual Dining,1130am to 3am(Mon-Sun),Good,3.6,790.0,Andheri,Moderate,Good,Highly Popular,True,3.6,4.5,"spices & chillies north indian,chinese,momos casual dining moderate good highly popular"
Food Boutique,600,"Bakery,Desserts,Healthy Food",Mumbai,Hill Road-- Bandra West,https://www.zomato.com/mumbai/food-boutique-hill-road-bandra-west/info,710,Bakery,11am to 10pm(Mon-Sun),Average,3.0,4.0,Bandra,Moderate,Average,Low Popularity,False,3.59,5.98,"food boutique bakery,desserts,healthy food bakery moderate average low popularity"
Krispies,500,"Biryani,North Indian,Chinese",Mumbai,Vile Parle East,https://www.zomato.com/mumbai/krispies-vile-parle-east/info,712,Casual Dining,"12noon to 4pm,630pm to 11pm(Mon-Sun)",Good,3.7,259.0,Vile Parle,Budget,Good,Moderately Popular,True,3.67,7.34,"krispies biryani,north indian,chinese casual dining budget good moderately popular"
Biryani Factory,500,"Biryani,North Indian",Mumbai,Vile Parle West,https://www.zomato.com/mumbai/biryani-factory-vile-parle-west/info,712,Quick Bites,11am to 12midnight(Mon-Sun),Average,3.1,6.0,Vile Parle,Budget,Average,Low Popularity,False,3.58,7.16,"biryani factory biryani,north indian quick bites budget average low popularity"
MNT Kitchen,500,"North Indian,Chinese",Mumbai,Near Andheri East Station,https://www.zomato.com/mumbai/mnt-kitchen-near-andheri-east-station/info,713,none,"11am to 4pm,7pm to 11pm(Mon-Sun)",Good,3.6,34.0,Andheri,Budget,Good,Low Popularity,True,3.61,7.22,"mnt kitchen north indian,chinese none budget good low popularity"
Hotel Shree Laxmi,400,Chinese,Mumbai,Santacruz East,https://www.zomato.com/mumbai/hotel-shree-laxmi-santacruz-east/info,716,Casual Dining,"8am to 4pm,7pm to 1130pm(Mon-Sun)",Average,3.4,16.0,Santacruz,Budget,Average,Low Popularity,False,3.58,8.95,hotel shree laxmi chinese casual dining budget average low popularity
Niblette,900,"North Indian,Chinese,Continental",Mumbai,Near Andheri West Station,https://www.zomato.com/mumbai/niblette-near-andheri-west-station/info,716,Casual Dining,9am to 12midnight(Mon-Sun),Average,3.4,149.0,Andheri,Moderate,Average,Moderately Popular,False,3.49,3.88,"niblette north indian,chinese,continental casual dining moderate average moderately popular"
Navratna,650,"Biryani,Beverages,Desserts,North Indian,Chinese",Mumbai,Santacruz East,https://www.zomato.com/mumbai/navratna-santacruz-east/info,716,Casual Dining,11am to 12midnight(Mon-Sun),Good,3.6,125.0,Santacruz,Moderate,Good,Moderately Popular,True,3.61,5.55,"navratna biryani,beverages,desserts,north indian,chinese casual dining moderate good moderately popular"
J'adore,300,"Bakery,Desserts",Mumbai,Juhu,https://www.zomato.com/mumbai/jadore-juhu/info,717,Bakery,11am to 12midnight(Mon-Sun),Average,3.2,42.0,Juhu,Budget,Average,Low Popularity,False,3.5,11.67,"j'adore bakery,desserts bakery budget average low popularity"
Yumm-Hai-Hum,300,"Chinese,North Indian,Mughlai,South Indian",Mumbai,Near Andheri East Station,https://www.zomato.com/yummhaihum/info,718,none,1030am to 12midnight(Mon-Sun),Good,3.7,48.0,Andheri,Budget,Good,Low Popularity,True,3.64,12.13,"yumm-hai-hum chinese,north indian,mughlai,south indian none budget good low popularity"
Topiitto,400,"Pizza,Fast Food",Mumbai,Pali Hill-- Bandra West,https://www.zomato.com/mumbai/topiitto-pali-hill-bandra-west/info,719,Quick Bites,"12noon to 10pm(Mon-Fri),12noon to 11pm(Sat-Sun)",Good,3.6,86.0,Bandra,Budget,Good,Low Popularity,True,3.61,9.02,"topiitto pizza,fast food quick bites budget good low popularity"
Banana Leaf,900,"South Indian,North Indian",Mumbai,7 Bungalows-- Andheri West,https://www.zomato.com/mumbai/banana-leaf-7-bungalows/info,72,Casual Dining,"1030am to 1130pm(Mon-Fri),830am to 1130pm...",Very Good,4.1,2002.0,Andheri,Moderate,Very Good,Highly Popular,True,4.07,4.52,"banana leaf south indian,north indian casual dining moderate very good highly popular"
The Rice & Bowl,800,"Chinese,North Indian,Thai,Seafood",Mumbai,7 Bungalows-- Andheri West,https://www.zomato.com/mumbai/the-rice-bowl-7-bungalows/info,72,Casual Dining,"11am to 4pm,7pm to 1230AM(Mon-Sun)",Good,3.7,306.0,Andheri,Moderate,Good,Moderately Popular,True,3.68,4.6,"the rice & bowl chinese,north indian,thai,seafood casual dining moderate good moderately popular"
Paleteria- Bar Bank,300,"Ice Cream,Desserts",Mumbai,Bar Bank-- Juhu,https://www.zomato.com/mumbai/paleteria-bar-bank-juhu/info,72,Dessert Parlor,12noon to 1am(Mon-Sun),Average,3.4,13.0,Juhu,Budget,Average,Low Popularity,False,3.59,11.97,"paleteria- bar bank ice cream,desserts dessert parlor budget average low popularity"
Food Therapy,500,"North Indian,Chinese",Mumbai,Andheri Lokhandwala-- Andheri West,https://www.zomato.com/mumbai/food-therapy-andheri-lokhandwala/info,721,none,"11am to 330pm,7pm to 1130pm(Mon-Sun)",Average,3.0,5.0,Andheri,Budget,Average,Low Popularity,False,3.58,7.16,"food therapy north indian,chinese none budget average low popularity"
Majalkar Snacks,100,Fast Food,Mumbai,Vile Parle East,https://www.zomato.com/mumbai/majalkar-snacks-vile-parle-east/info,722,Quick Bites,4am to 9pm(Mon-Sun),Average,3.2,10.0,Vile Parle,Budget,Average,Low Popularity,False,3.58,35.8,majalkar snacks fast food quick bites budget average low popularity
Happiness In A Box,1000,Desserts,Mumbai,Pali Hill-- Bandra West,https://www.zomato.com/mumbai/happiness-in-a-box-pali-hill-bandra-west/info,726,none,1030am to 830pm(Mon-Sun),Average,3.4,12.0,Bandra,Moderate,Average,Low Popularity,False,3.59,3.59,happiness in a box desserts none moderate average low popularity
The Big Bread Studio,250,Bakery,Mumbai,Oshiwara-- Andheri West,https://www.zomato.com/mumbai/the-big-bread-studio-oshiwara/info,729,Bakery,7am to 1130pm(Mon-Sun),Average,3.0,4.0,Andheri,Budget,Average,Low Popularity,False,3.59,14.36,the big bread studio bakery bakery budget average low popularity
Snackups,300,Fast Food,Mumbai,Vile Parle East,https://www.zomato.com/mumbai/snackups-vile-parle-east/info,729,none,10am to 10pm(Mon-Sun),Average,3.4,13.0,Vile Parle,Budget,Average,Low Popularity,False,3.59,11.97,snackups fast food none budget average low popularity
Choc O' Delite,600,Bakery,Mumbai,7 Bungalows-- Andheri West,https://www.zomato.com/mumbai/choc-o-delite-7-bungalows/info,729,none,10am to 10pm(Mon-Sun),Average,3.4,21.0,Andheri,Moderate,Average,Low Popularity,False,3.58,5.97,choc o' delite bakery none moderate average low popularity
Biryani & More,400,"Biryani,North Indian,Chinese,Kebab",Mumbai,7 Bungalows-- Andheri West,https://www.zomato.com/mumbai/biryani-more-1-7-bungalows/info,73,Quick Bites,12noon to 4am(Mon-Sun),Average,3.3,15.0,Andheri,Budget,Average,Low Popularity,False,3.57,8.92,"biryani & more biryani,north indian,chinese,kebab quick bites budget average low popularity"
Peppers and Parsley,700,"Asian,Continental,Malaysian,Goan,Bengali",Mumbai,Andheri Lokhandwala-- Andheri West,https://www.zomato.com/mumbai/peppers-and-parsley-andheri-lokhandwala/info,731,none,730am to 730pm(Mon-Sun),Average,3.3,12.0,Andheri,Moderate,Average,Low Popularity,False,3.58,5.11,"peppers and parsley asian,continental,malaysian,goan,bengali none moderate average low popularity"
Chocoart,400,"Bakery,Desserts",Mumbai,Vile Parle West,https://www.zomato.com/mumbai/chocoart-vile-parle-west/info,731,none,10am to 7pm(Mon-Sun),Average,3.1,6.0,Vile Parle,Budget,Average,Low Popularity,False,3.58,8.95,"chocoart bakery,desserts none budget average low popularity"
Kule Kitchen,300,Chinese,Mumbai,Santacruz West,https://www.zomato.com/mumbai/kule-kitchen-santacruz-west/info,739,Quick Bites,"1pm to 4pm,7pm to 2am(Mon-Sun)",Average,3.2,7.0,Santacruz,Budget,Average,Low Popularity,False,3.59,11.97,kule kitchen chinese quick bites budget average low popularity
Suranika’s Healthy Kitchen,800,Healthy Food,Mumbai,Versova-- Andheri West,https://www.zomato.com/mumbai/suranikas-healthy-kitchen-versova/info,745,none,"12noon to 9pm(Mon-Sat),12noon to 6pm(Sun)",Average,3.4,30.0,Andheri,Moderate,Average,Low Popularity,False,3.57,4.46,suranika’s healthy kitchen healthy food none moderate average low popularity
Bhook Busters,400,"North Indian,Chinese,Continental",Mumbai,Santacruz East,https://www.zomato.com/mumbai/bhook-busters-santacruz-east/info,745,none,11am to 11pm(Mon-Sun),Average,3.0,7.0,Santacruz,Budget,Average,Low Popularity,False,3.57,8.92,"bhook busters north indian,chinese,continental none budget average low popularity"
Mumma's Recipe,400,Fast Food,Mumbai,Santacruz East,https://www.zomato.com/mummas-recipe-food-truck/info,746,Food Truck,9am to 9pm(Mon-Sun),Average,3.1,5.0,Santacruz,Budget,Average,Low Popularity,False,3.59,8.98,mumma's recipe fast food food truck budget average low popularity
Kalakaar,700,"North Indian,Chinese,Biryani",Mumbai,Near Andheri West Station,https://www.zomato.com/mumbai/kalakaar-near-andheri-west-station/info,75,Casual Dining,"12noon to 4pm,7pm to 3am(Mon-Sun)",Good,3.6,97.0,Andheri,Moderate,Good,Low Popularity,True,3.61,5.16,"kalakaar north indian,chinese,biryani casual dining moderate good low popularity"
Sardarji's Kitchen,700,"North Indian,Chinese",Mumbai,Near Andheri East Station,https://www.zomato.com/mumbai/sardarjis-kitchen-near-andheri-east-station/info,75,Casual Dining,"11am to 4pm,7pm to 1245AM(Mon-Sun)",Good,3.6,168.0,Andheri,Moderate,Good,Moderately Popular,True,3.6,5.14,"sardarji's kitchen north indian,chinese casual dining moderate good moderately popular"
Balraj Nini Da Dhaba,500,"North Indian,Chinese,Biryani,Seafood",Mumbai,7 Bungalows-- Andheri West,https://www.zomato.com/mumbai/balraj-nini-da-dhaba-1-7-bungalows/info,75,Quick Bites,11am to 1am(Mon-Sun),Average,3.3,10.0,Andheri,Budget,Average,Low Popularity,False,3.59,7.18,"balraj nini da dhaba north indian,chinese,biryani,seafood quick bites budget average low popularity"
Cakers & Cakers,300,Bakery,Mumbai,Andheri Lokhandwala-- Andheri West,https://www.zomato.com/mumbai/cakers-cakers-andheri-lokhandwala/info,75,Bakery,"12midnight to 1am,10am to 12midnight(Mon-Sun)",Very Good,4.2,264.0,Andheri,Budget,Very Good,Moderately Popular,True,4.03,13.43,cakers & cakers bakery bakery budget very good moderately popular
Hazara - House of Tandoor,600,"North Indian,Chinese",Mumbai,Pali Hill-- Bandra West,https://www.zomato.com/mumbai/hazara-house-of-tandoor-pali-hill-bandra-west/info,75,none,"9am to 430pm,6pm to 2am(Mon-Sun)",Good,3.9,131.0,Bandra,Moderate,Good,Moderately Popular,True,3.77,6.28,"hazara - house of tandoor north indian,chinese none moderate good moderately popular"
Shake Shop,350,"Sandwich,Beverages,Desserts",Mumbai,Andheri Lokhandwala-- Andheri West,https://www.zomato.com/mumbai/shake-shop-andheri-lokhandwala/info,75,Beverage Shop,1230pm to 130am(Mon-Sun),Very Good,4.2,484.0,Andheri,Budget,Very Good,Moderately Popular,True,4.09,11.69,"shake shop sandwich,beverages,desserts beverage shop budget very good moderately popular"
BTW - Bake This Way,300,"Bakery,Healthy Food",Mumbai,Bandstand-- Bandra West,https://www.zomato.com/mumbai/btw-bake-this-way-bandstand-bandra-west/info,752,Bakery,10am to 7pm(Mon-Sun),Average,3.4,22.0,Bandra,Budget,Average,Low Popularity,False,3.58,11.93,"btw - bake this way bakery,healthy food bakery budget average low popularity"
Sweetheart,200,"Desserts,Bakery",Mumbai,Vile Parle West,https://www.zomato.com/mumbai/sweetheart-vile-parle-west/info,753,Dessert Parlor,"1030am to 930pm(Mon,Tue,Wed,Thu,Sat,Sun)...",Good,3.6,25.0,Vile Parle,Budget,Good,Low Popularity,True,3.61,18.05,"sweetheart desserts,bakery dessert parlor budget good low popularity"
For Goodness Cake,300,Bakery,Mumbai,Santacruz West,https://www.zomato.com/mumbai/for-goodness-cake-santacruz-west/info,753,Bakery,9am to 7pm(Mon-Sun),Good,3.5,26.0,Santacruz,Budget,Good,Low Popularity,True,3.59,11.97,for goodness cake bakery bakery budget good low popularity
App Ka Menu,350,South Indian,Mumbai,Vile Parle East,https://www.zomato.com/mumbai/app-ka-menu-vile-parle-east/info,753,none,"7am to 8pm(Mon-Sat),Closed(Sun)",Average,3.1,11.0,Vile Parle,Budget,Average,Low Popularity,False,3.56,10.17,app ka menu south indian none budget average low popularity
Soulbites Desserts,200,"Bakery,Desserts",Mumbai,Juhu,https://www.zomato.com/mumbai/soulbites-desserts-juhu/info,755,Bakery,10am to 7pm(Mon-Sun),Average,3.2,9.0,Juhu,Budget,Average,Low Popularity,False,3.58,17.9,"soulbites desserts bakery,desserts bakery budget average low popularity"
Dajiba's,350,"Maharashtrian,North Indian",Mumbai,Vile Parle East,https://www.zomato.com/mumbai/dajibas-vile-parle-east/info,755,none,"11am to 330pm,6pm to 9pm(Mon-Sat),Closed(Sun)",Average,3.2,11.0,Vile Parle,Budget,Average,Low Popularity,False,3.57,10.2,"dajiba's maharashtrian,north indian none budget average low popularity"
Sil'nora,800,Bengali,Mumbai,Oshiwara-- Andheri West,https://www.zomato.com/mumbai/silnora-oshiwara/info,755,none,11am to 11pm(Mon-Sun),Average,3.3,11.0,Andheri,Moderate,Average,Low Popularity,False,3.58,4.47,sil'nora bengali none moderate average low popularity
Kwan Yin's Cakes & Bakes,300,Bakery,Mumbai,Vile Parle West,https://www.zomato.com/mumbai/kwan-yins-cakes-bakes-vile-parle-west/info,756,Bakery,1030am to 1030pm(Mon-Sun),Average,3.2,7.0,Vile Parle,Budget,Average,Low Popularity,False,3.59,11.97,kwan yin's cakes & bakes bakery bakery budget average low popularity
Crispy Dough,300,"Bakery,Healthy Food,Indian",Mumbai,Bandra East,https://www.zomato.com/mumbai/crispy-dough-bandra-east/info,756,Bakery,11am to 11pm(Mon-Sun),Average,3.2,13.0,Bandra,Budget,Average,Low Popularity,False,3.57,11.9,"crispy dough bakery,healthy food,indian bakery budget average low popularity"
Scooperb Ice Creams,250,"Ice Cream,Desserts",Mumbai,Hill Road-- Bandra West,https://www.zomato.com/mumbai/scooperb-ice-creams-hill-road-bandra-west/info,756,none,10am to 11pm(Mon-Sun),Average,3.1,4.0,Bandra,Budget,Average,Low Popularity,False,3.59,14.36,"scooperb ice creams ice cream,desserts none budget average low popularity"
Choux Box Patisserie,1100,Bakery,Mumbai,Santacruz West,https://www.zomato.com/mumbai/choux-box-patisserie-santacruz-west/info,757,Bakery,10am to 8pm(Mon-Sun),Average,3.3,10.0,Santacruz,Expensive,Average,Low Popularity,False,3.59,3.26,choux box patisserie bakery bakery expensive average low popularity
Santrupti,500,"North Indian,Chinese",Mumbai,Near Andheri West Station,https://www.zomato.com/mumbai/santrupti-near-andheri-west-station/info,758,Casual Dining,"11am to 4pm,7pm to 12midnight(Mon-Sun)",Average,3.1,7.0,Andheri,Budget,Average,Low Popularity,False,3.58,7.16,"santrupti north indian,chinese casual dining budget average low popularity"
Sai Corner,300,"South Indian,Chinese",Mumbai,Hill Road-- Bandra West,https://www.zomato.com/mumbai/sai-corner-hill-road-bandra-west/info,759,Quick Bites,9am to 830pm(Mon-Sun),Average,3.1,6.0,Bandra,Budget,Average,Low Popularity,False,3.58,11.93,"sai corner south indian,chinese quick bites budget average low popularity"
Panaderia,400,"Desserts,Bakery",Mumbai,Versova-- Andheri West,https://www.zomato.com/mumbai/panaderia-versova/info,759,Dessert Parlor,11am to 11pm(Mon-Sun),Average,3.4,14.0,Andheri,Budget,Average,Low Popularity,False,3.59,8.98,"panaderia desserts,bakery dessert parlor budget average low popularity"
Su Casa,1700,"European,Salad",Mumbai,Reclamation-- Bandra West,https://www.zomato.com/mumbai/su-casa-reclamation-bandra-west/info,76,Casual Dining,8am to 12midnight(Mon-Sun),Good,3.9,616.0,Bandra,Premium,Good,Highly Popular,False,3.86,2.27,"su casa european,salad casual dining premium good highly popular"
1441 Pizzeria,700,"Pizza,Italian,Beverages",Mumbai,Andheri Lokhandwala-- Andheri West,https://www.zomato.com/mumbai/1441-pizzeria-andheri-lokhandwala/info,76,Casual Dining,"11am to 11pm(Mon-Thu),11am to 12midnight(Fri-Sun)",Very Good,4.4,2031.0,Andheri,Moderate,Very Good,Highly Popular,True,4.36,6.23,"1441 pizzeria pizza,italian,beverages casual dining moderate very good highly popular"
Kofuku,2300,Japanese,Mumbai,Linking Road-- Bandra West,https://www.zomato.com/mumbai/kofuku-linking-road-bandra-west/info,76,Casual Dining,"12noon to 3pm,6pm to 1130pm(Mon-Thu),12noon to ...",Very Good,4.4,1794.0,Bandra,Premium,Very Good,Highly Popular,False,4.35,1.89,kofuku japanese casual dining premium very good highly popular
August Cafe,1200,"Cafe,Continental,Italian,Pizza,Burger,Desserts",Mumbai,Andheri Lokhandwala-- Andheri West,https://www.zomato.com/mumbai/august-cafe-andheri-lokhandwala/info,76,Café,9am to 12midnight(Mon-Sun),Very Good,4.1,1527.0,Andheri,Expensive,Very Good,Highly Popular,False,4.07,3.39,"august cafe cafe,continental,italian,pizza,burger,desserts café expensive very good highly popular"
High Point,500,"Chinese,Fast Food,North Indian,South Indian,Beverages",Mumbai,Andheri Lokhandwala-- Andheri West,https://www.zomato.com/mumbai/high-point-andheri-lokhandwala/info,76,Casual Dining,830am to 12midnight(Mon-Sun),Very Good,4.1,1374.0,Andheri,Budget,Very Good,Highly Popular,True,4.06,8.12,"high point chinese,fast food,north indian,south indian,beverages casual dining budget very good highly popular"
Chantilly,350,"Desserts,Beverages,Fast Food",Mumbai,Pali Hill-- Bandra West,https://www.zomato.com/mumbai/chantilly-pali-hill-bandra-west/info,76,Dessert Parlor,12noon to 12midnight(Mon-Sun),Very Good,4.4,395.0,Bandra,Budget,Very Good,Moderately Popular,True,4.23,12.09,"chantilly desserts,beverages,fast food dessert parlor budget very good moderately popular"
Q Deck,900,"North Indian,Chinese",Mumbai,Vile Parle West,https://www.zomato.com/mumbai/q-deck-vile-parle-west/info,76,Casual Dining,12noon to 1230AM(Mon-Sun),Good,3.7,99.0,Vile Parle,Moderate,Good,Low Popularity,True,3.65,4.06,"q deck north indian,chinese casual dining moderate good low popularity"
Your Batter Half,300,Bakery,Mumbai,Andheri Lokhandwala-- Andheri West,https://www.zomato.com/mumbai/your-batter-half-andheri-lokhandwala/info,761,Bakery,10am to 10pm(Mon-Sun),Good,3.7,43.0,Andheri,Budget,Good,Low Popularity,True,3.64,12.13,your batter half bakery bakery budget good low popularity
Curry N Fry,500,"North Indian,Chinese",Mumbai,Santacruz East,https://www.zomato.com/mumbai/curry-n-fry-santacruz-east/info,767,Casual Dining,"12noon to 3pm,630pm to 11pm(Mon-Sun)",Average,3.1,7.0,Santacruz,Budget,Average,Low Popularity,False,3.58,7.16,"curry n fry north indian,chinese casual dining budget average low popularity"
Drizzle,500,"Bakery,Desserts",Mumbai,Juhu,https://www.zomato.com/mumbai/drizzle-juhu/info,767,Bakery,11am to 7pm(Mon-Sun),Average,3.1,4.0,Juhu,Budget,Average,Low Popularity,False,3.59,7.18,"drizzle bakery,desserts bakery budget average low popularity"
Sweet Moments,400,"Bakery,Desserts",Mumbai,Santacruz East,https://www.zomato.com/mumbai/sweet-moments-santacruz-east/info,767,Bakery,11am to 8pm(Mon-Sun),Average,3.2,10.0,Santacruz,Budget,Average,Low Popularity,False,3.58,8.95,"sweet moments bakery,desserts bakery budget average low popularity"
K.G.N Nagori Darbar,300,North Indian,Mumbai,Oshiwara-- Andheri West,https://www.zomato.com/mumbai/k-g-n-nagori-darbar-oshiwara/info,768,Casual Dining,12noon to 12midnight(Mon-Sun),Average,2.8,8.0,Andheri,Budget,Average,Low Popularity,False,3.56,11.87,k.g.n nagori darbar north indian casual dining budget average low popularity
Simply Yumm,200,"Bakery,Desserts",Mumbai,Santacruz West,https://www.zomato.com/mumbai/simply-yumm-santacruz-west/info,768,Bakery,10am to 7pm(Mon-Sun),Average,3.2,8.0,Santacruz,Budget,Average,Low Popularity,False,3.58,17.9,"simply yumm bakery,desserts bakery budget average low popularity"
Laa Viva Delectables,500,"Bakery,Desserts",Mumbai,7 Bungalows-- Andheri West,https://www.zomato.com/mumbai/laa-viva-delectables-7-bungalows/info,768,Bakery,"11am to 630pm(Mon-Sat),12noon to 5pm(Sun)",Good,3.6,34.0,Andheri,Budget,Good,Low Popularity,True,3.61,7.22,"laa viva delectables bakery,desserts bakery budget good low popularity"
Willianos Pizza,600,"Pizza,Fast Food",Mumbai,Near Andheri West Station,https://www.zomato.com/mumbai/willianos-pizza-near-andheri-west-station/info,77,Quick Bites,12noon to 3am(Mon-Sun),Good,3.8,468.0,Andheri,Moderate,Good,Moderately Popular,True,3.76,6.27,"willianos pizza pizza,fast food quick bites moderate good moderately popular"
AK Biryani House,800,"North Indian,Mughlai,Chinese,Seafood",Mumbai,Andheri Lokhandwala-- Andheri West,https://www.zomato.com/mumbai/ak-biryani-house-andheri-lokhandwala/info,77,none,12noon to 3am(Mon-Sun),Good,3.5,18.0,Andheri,Moderate,Good,Low Popularity,True,3.6,4.5,"ak biryani house north indian,mughlai,chinese,seafood none moderate good low popularity"
Manna The Restaurant,750,"Konkan,Goan,Seafood",Mumbai,Near Andheri West Station,https://www.zomato.com/mumbai/manna-the-restaurant-near-andheri-west-station/info,77,Casual Dining,9am to 4am(Mon-Sun),Good,3.6,35.0,Andheri,Moderate,Good,Low Popularity,True,3.61,4.81,"manna the restaurant konkan,goan,seafood casual dining moderate good low popularity"
FizzyWizzy Inc,200,"Bakery,Desserts",Mumbai,Near Andheri East Station,https://www.zomato.com/mumbai/fizzywizzy-inc-near-andheri-east-station/info,770,Bakery,"10am to 7pm(Mon-Sat),Closed(Sun)",Average,3.2,10.0,Andheri,Budget,Average,Low Popularity,False,3.58,17.9,"fizzywizzy inc bakery,desserts bakery budget average low popularity"
Super Rolls,200,"Fast Food,Rolls",Mumbai,Oshiwara-- Andheri West,https://www.zomato.com/mumbai/super-rolls-oshiwara/info,770,Quick Bites,11am to 10pm(Mon-Sun),Average,3.1,4.0,Andheri,Budget,Average,Low Popularity,False,3.59,17.95,"super rolls fast food,rolls quick bites budget average low popularity"
Divino Treats,500,"Bakery,Desserts",Mumbai,7 Bungalows-- Andheri West,https://www.zomato.com/mumbai/divino-treats-7-bungalows/info,771,none,10am to 8pm(Mon-Sun),Average,3.3,12.0,Andheri,Budget,Average,Low Popularity,False,3.58,7.16,"divino treats bakery,desserts none budget average low popularity"
Mumbaikar's,1300,"North Indian,Chinese,Mughlai,Fast Food,Seafood",Mumbai,Vile Parle East,https://www.zomato.com/mumbai/mumbaikars-vile-parle-east/info,771,Casual Dining,"11am to 330pm,7pm to 1130pm(Mon-Sun)",Average,2.7,22.0,Vile Parle,Expensive,Average,Low Popularity,False,3.46,2.66,"mumbaikar's north indian,chinese,mughlai,fast food,seafood casual dining expensive average low popularity"
Mumbai Fast Food Corner,300,Fast Food,Mumbai,Near Andheri East Station,https://www.zomato.com/mumbai/mumbai-fast-food-corner-near-andheri-east-station/info,775,Quick Bites,8am to 1130pm(Mon-Sun),Average,3.1,7.0,Andheri,Budget,Average,Low Popularity,False,3.58,11.93,mumbai fast food corner fast food quick bites budget average low popularity
Zish Bakes,350,Bakery,Mumbai,Hill Road-- Bandra West,https://www.zomato.com/zishbakes/info,775,Bakery,10am to 8pm(Mon-Sun),Good,3.6,37.0,Bandra,Budget,Good,Low Popularity,True,3.61,10.31,zish bakes bakery bakery budget good low popularity
Deliziamo,400,"Bakery,Desserts",Mumbai,Hill Road-- Bandra West,https://www.zomato.com/mumbai/deliziamo-hill-road-bandra-west/info,775,Bakery,9am to 9pm(Mon-Sun),Very Good,4.0,47.0,Bandra,Budget,Very Good,Low Popularity,True,3.73,9.32,"deliziamo bakery,desserts bakery budget very good low popularity"
Spicy Xpress,500,Chinese,Mumbai,Andheri Lokhandwala-- Andheri West,https://www.zomato.com/mumbai/spicy-xpress-andheri-lokhandwala/info,776,none,"12noon to 4pm,6pm to 12midnight(Mon-Sun)",Average,2.8,13.0,Andheri,Budget,Average,Low Popularity,False,3.53,7.06,spicy xpress chinese none budget average low popularity
Six 2 Twelve,400,"North Indian,Fast Food",Mumbai,Juhu,https://www.zomato.com/mumbai/six-2-twelve-juhu/info,776,Quick Bites,11am to 11pm(Mon-Sun),Average,3.0,7.0,Juhu,Budget,Average,Low Popularity,False,3.57,8.92,"six 2 twelve north indian,fast food quick bites budget average low popularity"
Fitnola,500,"Bakery,Healthy Food",Mumbai,Linking Road-- Bandra West,https://www.zomato.com/fitnola/info,776,none,"Closed(Mon),11am to 959pm(Tue-Sun)",Good,3.5,34.0,Bandra,Budget,Good,Low Popularity,True,3.59,7.18,"fitnola bakery,healthy food none budget good low popularity"
The Modern's Kitchen,600,"Mughlai,North Indian",Mumbai,Pali Hill-- Bandra West,https://www.zomato.com/mumbai/the-moderns-kitchen-pali-hill-bandra-west/info,776,none,12noon to 11pm(Mon-Sun),Average,3.3,16.0,Bandra,Moderate,Average,Low Popularity,False,3.57,5.95,"the modern's kitchen mughlai,north indian none moderate average low popularity"
Bonne Bakery,300,"Bakery,Desserts,French,Healthy Food",Mumbai,Oshiwara-- Andheri West,https://www.zomato.com/mumbai/bonne-bakery-oshiwara/info,779,Bakery,"830am to 6pm(Mon,Tue,Thu,Fri,Sat,Sun)...",Good,3.5,15.0,Andheri,Budget,Good,Low Popularity,True,3.6,12.0,"bonne bakery bakery,desserts,french,healthy food bakery budget good low popularity"
Maharaja Biryani,500,"Biryani,North Indian,Rolls,Mughlai",Mumbai,Andheri Lokhandwala-- Andheri West,https://www.zomato.com/mumbai/maharaja-biryani-andheri-lokhandwala/info,78,none,"12noon to 4pm,630pm to 3am(Mon,Wed,Thu,Fri...",Good,3.9,258.0,Andheri,Budget,Good,Moderately Popular,True,3.81,7.62,"maharaja biryani biryani,north indian,rolls,mughlai none budget good moderately popular"
Veranda,2200,Modern Indian,Mumbai,Pali Hill-- Bandra West,https://www.zomato.com/mumbai/veranda-pali-hill-bandra-west/info,78,Fine Dining,"8pm to 12midnight(Mon),1230pm to 330pm,8pm to ...",Very Good,4.2,1788.0,Bandra,Premium,Very Good,Highly Popular,False,4.17,1.9,veranda modern indian fine dining premium very good highly popular
Mamagoto,1500,"Asian,Thai,Chinese",Mumbai,Hill Road-- Bandra West,https://www.zomato.com/mumbai/mamagoto-hill-road-bandra-west/info,78,Casual Dining,12noon to 1130pm(Mon-Sun),Very Good,4.4,2757.0,Bandra,Expensive,Very Good,Highly Popular,False,4.37,2.91,"mamagoto asian,thai,chinese casual dining expensive very good highly popular"
Goti Andeywala,300,North Indian,Mumbai,Juhu,https://www.zomato.com/mumbai/goti-andeywala-juhu/info,780,Quick Bites,5pm to 1130pm(Mon-Sun),Average,3.0,4.0,Juhu,Budget,Average,Low Popularity,False,3.59,11.97,goti andeywala north indian quick bites budget average low popularity
Channi's Home Bakery,200,"Bakery,Desserts",Mumbai,Oshiwara-- Andheri West,https://www.zomato.com/mumbai/channis-home-bakery-oshiwara/info,780,none,11am to 11pm(Mon-Sun),Good,3.7,54.0,Andheri,Budget,Good,Low Popularity,True,3.64,18.2,"channi's home bakery bakery,desserts none budget good low popularity"
Flavia's Confectionery,300,Bakery,Mumbai,Santacruz East,https://www.zomato.com/mumbai/flavias-confectionery-santacruz-east/info,783,Bakery,9am to 11pm(Mon-Sun),Good,3.7,48.0,Santacruz,Budget,Good,Low Popularity,True,3.64,12.13,flavia's confectionery bakery bakery budget good low popularity
Cakes & Chocolates,500,Bakery,Mumbai,Vile Parle West,https://www.zomato.com/mumbai/cakes-chocolates-vile-parle-west/info,784,Bakery,"9am to 9pm(Mon-Sat),9am to 6pm(Sun)",Average,3.4,18.0,Vile Parle,Budget,Average,Low Popularity,False,3.58,7.16,cakes & chocolates bakery bakery budget average low popularity
Traffic Bites,250,Fast Food,Mumbai,Vile Parle West,https://www.zomato.com/mumbai/traffic-bites-vile-parle-west/info,784,Quick Bites,"10am to 2pm,4pm to 10pm(Mon-Sun)",Average,3.4,19.0,Vile Parle,Budget,Average,Low Popularity,False,3.58,14.32,traffic bites fast food quick bites budget average low popularity
The Cocoa Dictionary,400,"Desserts,Bakery",Mumbai,Vile Parle West,https://www.zomato.com/mumbai/the-cocoa-dictionary-vile-parle-west/info,785,Dessert Parlor,10am to 8pm(Mon-Sun),Average,3.3,13.0,Vile Parle,Budget,Average,Low Popularity,False,3.58,8.95,"the cocoa dictionary desserts,bakery dessert parlor budget average low popularity"
KVs Del,500,Bakery,Mumbai,Santacruz West,https://www.zomato.com/mumbai/kvs-del-1-santacruz-west/info,789,none,10am to 7pm(Mon-Sun),Good,3.5,26.0,Santacruz,Budget,Good,Low Popularity,True,3.59,7.18,kvs del bakery none budget good low popularity
Victory Restaurant,600,"North Indian,Mughlai,Chinese",Mumbai,Near Andheri West Station,https://www.zomato.com/mumbai/victory-restaurant-near-andheri-west-station/info,79,Quick Bites,11am to 1230AM(Mon-Sun),Good,3.6,147.0,Andheri,Moderate,Good,Moderately Popular,True,3.6,6.0,"victory restaurant north indian,mughlai,chinese quick bites moderate good moderately popular"
China Town,400,Chinese,Mumbai,Andheri Lokhandwala-- Andheri West,https://www.zomato.com/mumbai/china-town-1-andheri-lokhandwala/info,79,Quick Bites,"12noon to 430pm,7pm to 4am(Mon-Sun)",Average,3.3,141.0,Andheri,Budget,Average,Moderately Popular,False,3.44,8.6,china town chinese quick bites budget average moderately popular
Jathans Kitchen,400,"Chinese,Seafood",Mumbai,7 Bungalows-- Andheri West,https://www.zomato.com/mumbai/jathans-kitchen-1-7-bungalows/info,79,Casual Dining,7pm to 5am(Mon-Sun),Good,3.5,44.0,Andheri,Budget,Good,Low Popularity,True,3.58,8.95,"jathans kitchen chinese,seafood casual dining budget good low popularity"
Buddha Bowl,1000,"Asian,Healthy Food",Mumbai,Hill Road-- Bandra West,https://www.zomato.com/mumbai/buddha-bowl-hill-road-bandra-west/info,79,none,"12noon to 330pm,7pm to 1130pm(Mon-Thu),12noon...",Very Good,4.1,178.0,Bandra,Moderate,Very Good,Moderately Popular,True,3.91,3.91,"buddha bowl asian,healthy food none moderate very good moderately popular"
Kali Pili junction,200,"North Indian,Fast Food",Mumbai,Juhu,https://www.zomato.com/mumbai/kali-pili-junction-juhu/info,793,Quick Bites,1030am to 1030pm(Mon-Sun),Average,3.1,4.0,Juhu,Budget,Average,Low Popularity,False,3.59,17.95,"kali pili junction north indian,fast food quick bites budget average low popularity"
Lajawab Khana Khazana,500,"Fast Food,North Indian,Chinese",Mumbai,Versova-- Andheri West,https://www.zomato.com/mumbai/lajawab-khana-khazana-versova/info,793,Quick Bites,"11am to 4pm,7pm to 11pm(Mon-Sun)",Average,3.2,10.0,Andheri,Budget,Average,Low Popularity,False,3.58,7.16,"lajawab khana khazana fast food,north indian,chinese quick bites budget average low popularity"
Pancakery - Batter Up,300,Desserts,Mumbai,Juhu,https://www.zomato.com/pancakery-batter-up/info,798,none,11am to 11pm(Mon-Sun),Average,3.3,6.0,Juhu,Budget,Average,Low Popularity,False,3.6,12.0,pancakery - batter up desserts none budget average low popularity
Quarter Canteen,1100,"North Indian,Seafood,Chinese",Mumbai,Linking Road-- Bandra West,https://www.zomato.com/mumbai/quarter-canteen-linking-road-bandra-west/info,8,Casual Dining,"12noon to 330pm,7pm to 1am(Mon-Sun)",Excellent,4.5,573.0,Bandra,Expensive,Excellent,Highly Popular,False,4.36,3.96,"quarter canteen north indian,seafood,chinese casual dining expensive excellent highly popular"
Hoot,1200,"Continental,Finger Food,Chinese,Italian,Indian,Desserts",Mumbai,Juhu,https://www.zomato.com/mumbai/hoot-juhu/info,8,Bar,12noon to 130am(Mon-Sun),Very Good,4.0,972.0,Juhu,Expensive,Very Good,Highly Popular,False,3.96,3.3,"hoot continental,finger food,chinese,italian,indian,desserts bar expensive very good highly popular"
Tea Villa Cafe,1000,"Cafe,Continental,Italian,Lebanese",Mumbai,Vile Parle East,https://www.zomato.com/mumbai/tea-villa-cafe-vile-parle-east/info,8,Café,8am to 1230AM(Mon-Sun),Very Good,4.2,3404.0,Vile Parle,Moderate,Very Good,Highly Popular,True,4.18,4.18,"tea villa cafe cafe,continental,italian,lebanese café moderate very good highly popular"
Coffee By Di Bella,650,"Cafe,Desserts",Mumbai,Versova-- Andheri West,https://www.zomato.com/mumbai/coffee-by-di-bella-versova/info,8,Café,9am to 1am(Mon-Sun),Very Good,4.1,3163.0,Andheri,Moderate,Very Good,Highly Popular,True,4.08,6.28,"coffee by di bella cafe,desserts café moderate very good highly popular"
Boxed,750,"Chinese,Thai,Momos",Mumbai,Versova-- Andheri West,https://www.zomato.com/mumbai/boxed-versova/info,80,Quick Bites,12noon to 2am(Mon-Sun),Very Good,4.1,359.0,Andheri,Moderate,Very Good,Moderately Popular,True,3.99,5.32,"boxed chinese,thai,momos quick bites moderate very good moderately popular"
Tera Favourite Food,800,"North Indian,Bihari",Mumbai,Oshiwara-- Andheri West,https://www.zomato.com/mumbai/tera-favourite-food-oshiwara/info,80,Quick Bites,11am to 4am(Mon-Sun),Very Good,4.0,181.0,Andheri,Moderate,Very Good,Moderately Popular,True,3.85,4.81,"tera favourite food north indian,bihari quick bites moderate very good moderately popular"
Darjeeling Momos,400,"Fast Food,Chinese,Momos",Mumbai,Andheri Lokhandwala-- Andheri West,https://www.zomato.com/mumbai/darjeeling-momos-andheri-lokhandwala/info,80,Quick Bites,"12noon to 4pm,7pm to 3am(Mon-Sun)",Good,3.7,38.0,Andheri,Budget,Good,Low Popularity,True,3.63,9.07,"darjeeling momos fast food,chinese,momos quick bites budget good low popularity"
Kitchen Queen Express,400,Chinese,Mumbai,Carter Road-- Bandra West,https://www.zomato.com/mumbai/kitchen-queen-express-carter-road-bandra-west/info,800,none,"12noon to 5pm,7pm to 12midnight(Mon-Sun)",Average,3.0,4.0,Bandra,Budget,Average,Low Popularity,False,3.59,8.98,kitchen queen express chinese none budget average low popularity
Himalaya Food,300,"North Indian,Chinese,Nepalese",Mumbai,Versova-- Andheri West,https://www.zomato.com/mumbai/himalaya-food-versova/info,801,Quick Bites,12noon to 12midnight(Mon-Sun),Average,3.0,4.0,Andheri,Budget,Average,Low Popularity,False,3.59,11.97,"himalaya food north indian,chinese,nepalese quick bites budget average low popularity"
Shaikas Juice Bar,200,Beverages,Mumbai,Pali Hill-- Bandra West,https://www.zomato.com/mumbai/shaikas-juice-bar-pali-hill-bandra-west/info,802,Beverage Shop,11am to 12midnight(Mon-Sun),Average,3.2,5.0,Bandra,Budget,Average,Low Popularity,False,3.59,17.95,shaikas juice bar beverages beverage shop budget average low popularity
Patel Veggie Delight,550,North Indian,Mumbai,Near Andheri East Station,https://www.zomato.com/mumbai/patel-veggie-delight-near-andheri-east-station/info,803,Quick Bites,"510pm to 1110pm(Mon),11am to 11pm(Tue-Sun)",Good,3.5,42.0,Andheri,Moderate,Good,Low Popularity,True,3.58,6.51,patel veggie delight north indian quick bites moderate good low popularity
Educated Manchurian,350,Chinese,Mumbai,Hill Road-- Bandra West,https://www.zomato.com/mumbai/educated-manchurian-hill-road-bandra-west/info,803,Quick Bites,11am to 12midnight(Mon-Sun),Average,3.2,16.0,Bandra,Budget,Average,Low Popularity,False,3.56,10.17,educated manchurian chinese quick bites budget average low popularity
New Tandoori Night,500,"North Indian,Mughlai,Chinese",Mumbai,Oshiwara-- Andheri West,https://www.zomato.com/mumbai/new-tandoori-night-oshiwara/info,804,Quick Bites,11am to 1130pm(Mon-Sun),Average,3.2,25.0,Andheri,Budget,Average,Low Popularity,False,3.54,7.08,"new tandoori night north indian,mughlai,chinese quick bites budget average low popularity"
Hearty Eats,700,"Healthy Food,Salad,Sandwich",Mumbai,Versova-- Andheri West,https://www.zomato.com/mumbai/hearty-eats-versova/info,805,none,1130am to 5pm(Mon-Sun),Average,3.1,6.0,Andheri,Moderate,Average,Low Popularity,False,3.58,5.11,"hearty eats healthy food,salad,sandwich none moderate average low popularity"
Fresco- Fresh Food And Juices,200,"Fast Food,Juices",Mumbai,Santacruz East,https://www.zomato.com/mumbai/fresco-fresh-food-and-juices-santacruz-east/info,805,Quick Bites,7am to 11pm(Mon-Sun),Average,2.8,7.0,Santacruz,Budget,Average,Low Popularity,False,3.56,17.8,"fresco- fresh food and juices fast food,juices quick bites budget average low popularity"
Shraddha Chinese Corner,400,Chinese,Mumbai,Bandra East,https://www.zomato.com/mumbai/shraddha-chinese-corner-bandra-east/info,805,Quick Bites,"10am to 3pm,6pm to 12midnight(Mon-Sun)",Average,3.0,5.0,Bandra,Budget,Average,Low Popularity,False,3.58,8.95,shraddha chinese corner chinese quick bites budget average low popularity
The Buvette,500,Fast Food,Mumbai,7 Bungalows-- Andheri West,https://www.zomato.com/mumbai/the-buvette-1-7-bungalows/info,806,Quick Bites,1130am to 10pm(Mon-Sun),Good,3.5,66.0,Andheri,Budget,Good,Low Popularity,True,3.57,7.14,the buvette fast food quick bites budget good low popularity
House of Mandarin,2100,"Chinese,Sushi,Asian",Mumbai,Hill Road-- Bandra West,https://www.zomato.com/mumbai/house-of-mandarin-hill-road-bandra-west/info,81,Casual Dining,"12noon to 4pm,7pm to 12midnight(Mon-Sun)",Excellent,4.5,722.0,Bandra,Premium,Excellent,Highly Popular,False,4.38,2.09,"house of mandarin chinese,sushi,asian casual dining premium excellent highly popular"
Madras Diaries,700,"South Indian,Kerala",Mumbai,Linking Road-- Bandra West,https://www.zomato.com/mumbai/madras-diaries-linking-road-bandra-west/info,81,Quick Bites,8am to 1130pm(Mon-Sun),Very Good,4.2,1295.0,Bandra,Moderate,Very Good,Highly Popular,True,4.15,5.93,"madras diaries south indian,kerala quick bites moderate very good highly popular"
10th Street Cafe,1300,"European,Mexican,Continental,American",Mumbai,Juhu,https://www.zomato.com/mumbai/10th-street-cafe-juhu/info,81,Casual Dining,12noon to 12midnight(Mon-Sun),Very Good,4.3,450.0,Juhu,Expensive,Very Good,Moderately Popular,False,4.17,3.21,"10th street cafe european,mexican,continental,american casual dining expensive very good moderately popular"
Khow Chow,1500,Asian,Mumbai,Linking Road-- Bandra West,https://www.zomato.com/mumbai/khow-chow-linking-road-bandra-west/info,81,Casual Dining,12noon to 1145pm(Mon-Sun),Excellent,4.6,369.0,Bandra,Expensive,Excellent,Moderately Popular,False,4.37,2.91,khow chow asian casual dining expensive excellent moderately popular
Gogos kitchen,250,"Chinese,Mughlai",Mumbai,Vile Parle West,https://www.zomato.com/mumbai/gogos-kitchen-vile-parle-west/info,812,Quick Bites,12noon to 12midnight(Mon-Sun),Average,3.3,12.0,Vile Parle,Budget,Average,Low Popularity,False,3.58,14.32,"gogos kitchen chinese,mughlai quick bites budget average low popularity"
Arun Pav Bhaji,350,"Street Food,Chinese",Mumbai,Juhu Chowpatty-- Juhu,https://www.zomato.com/mumbai/arun-pav-bhaji-juhu/info,814,Quick Bites,10am to 12midnight(Mon-Sun),Average,2.9,5.0,Juhu,Budget,Average,Low Popularity,False,3.58,10.23,"arun pav bhaji street food,chinese quick bites budget average low popularity"
Chase D Hunger Restro,250,Fast Food,Mumbai,Near Andheri East Station,https://www.zomato.com/mumbai/chase-d-hunger-restro-near-andheri-east-station/info,815,Quick Bites,8am to 1130pm(Mon-Sun),Average,3.1,4.0,Andheri,Budget,Average,Low Popularity,False,3.59,14.36,chase d hunger restro fast food quick bites budget average low popularity
Saby's D Kitchen,600,"Goan,Chinese",Mumbai,Andheri Lokhandwala-- Andheri West,https://www.zomato.com/mumbai/sabys-d-kitchen-andheri-lokhandwala/info,817,Casual Dining,"Closed(Mon),1230pm to 330pm,6pm to 12midnight...",Average,3.2,11.0,Andheri,Moderate,Average,Low Popularity,False,3.57,5.95,"saby's d kitchen goan,chinese casual dining moderate average low popularity"
Juice Box,200,Beverages,Mumbai,Bandra Talao-- Bandra West,https://www.zomato.com/mumbai/juice-box-bandra-talao-bandra-west/info,818,Beverage Shop,12noon to 12midnight(Mon-Sun),Average,2.5,20.0,Bandra,Budget,Average,Low Popularity,False,3.44,17.2,juice box beverages beverage shop budget average low popularity
Mashkoor's Delhi 6 Zaika,700,"Mughlai,North Indian",Mumbai,Oshiwara-- Andheri West,https://www.zomato.com/mumbai/mashkoors-delhi-6-zaika-oshiwara/info,819,Casual Dining,12noon to 12midnight(Mon-Sun),Average,3.4,39.0,Andheri,Moderate,Average,Low Popularity,False,3.56,5.09,"mashkoor's delhi 6 zaika mughlai,north indian casual dining moderate average low popularity"
Cake Tree,350,"Bakery,Desserts",Mumbai,7 Bungalows-- Andheri West,https://www.zomato.com/mumbai/cake-tree-7-bungalows/info,82,Bakery,10am to 1230AM(Mon-Sun),Average,3.3,76.0,Andheri,Budget,Average,Low Popularity,False,3.48,9.94,"cake tree bakery,desserts bakery budget average low popularity"
Silver Spoon Pure Veg Restaurant,700,"South Indian,Chinese,Mexican,North Indian,Italian",Mumbai,Vile Parle West,https://www.zomato.com/mumbai/silver-spoon-pure-veg-restaurant-vile-parle-west/info,82,Casual Dining,10am to 1230AM(Mon-Sun),Good,3.5,257.0,Vile Parle,Moderate,Good,Moderately Popular,True,3.53,5.04,"silver spoon pure veg restaurant south indian,chinese,mexican,north indian,italian casual dining moderate good moderately popular"
Turning Point,600,"Chinese,North Indian,Seafood",Mumbai,Santacruz East,https://www.zomato.com/mumbai/turning-point-santacruz-east/info,83,Casual Dining,"11am to 330pm,7pm to 1230AM(Mon-Sun)",Average,2.7,115.0,Santacruz,Moderate,Average,Moderately Popular,False,3.14,5.23,"turning point chinese,north indian,seafood casual dining moderate average moderately popular"
Yustrength,700,"Chinese,Fast Food,Healthy Food,Mexican",Mumbai,Carter Road-- Bandra West,https://www.zomato.com/mumbai/yustrength-carter-road-bandra-west/info,83,none,"12noon to 12midnight(Mon,Tue,Wed,Thu,Sun)...",Good,3.8,91.0,Bandra,Moderate,Good,Low Popularity,True,3.7,5.29,"yustrength chinese,fast food,healthy food,mexican none moderate good low popularity"
Shiv Malhar Fast Food Corner,300,"Chinese,Fast Food",Mumbai,Santacruz West,https://www.zomato.com/mumbai/shiv-malhar-fast-food-corner-1-santacruz-west/info,83,Quick Bites,"1pm to 4pm,6pm to 1am(Mon-Sun)",Average,3.0,57.0,Santacruz,Budget,Average,Low Popularity,False,3.4,11.33,"shiv malhar fast food corner chinese,fast food quick bites budget average low popularity"
Mothers Kitchen,500,"Sindhi,Chinese,Fast Food,North Indian,Italian,Rolls",Mumbai,Andheri Lokhandwala-- Andheri West,https://www.zomato.com/mumbai/mothers-kitchen-andheri-lokhandwala/info,83,none,12noon to 1am(Mon-Sun),Good,3.7,277.0,Andheri,Budget,Good,Moderately Popular,True,3.67,7.34,"mothers kitchen sindhi,chinese,fast food,north indian,italian,rolls none budget good moderately popular"
Bistro at Coffee Break,800,"Cafe,Fast Food",Mumbai,Bandstand-- Bandra West,https://www.zomato.com/mumbai/bistro-at-coffee-break-bandstand-bandra-west/info,83,Café,1230pm to 130am(Mon-Sun),Good,3.8,766.0,Bandra,Moderate,Good,Highly Popular,True,3.78,4.72,"bistro at coffee break cafe,fast food café moderate good highly popular"
Shawarma's & More,400,"Lebanese,North Indian,Rolls",Mumbai,Santacruz East,https://www.zomato.com/mumbai/shawarmas-more-santacruz-east/info,83,none,10am to 1am(Mon-Sun),Good,3.5,43.0,Santacruz,Budget,Good,Low Popularity,True,3.58,8.95,"shawarma's & more lebanese,north indian,rolls none budget good low popularity"
The Vintage Kitchen,600,"North Indian,Chinese",Mumbai,Andheri Lokhandwala-- Andheri West,https://www.zomato.com/mumbai/the-vintage-kitchen-andheri-lokhandwala/info,84,Quick Bites,"12midnight to 4am,12noon to 12midnight(Mon-Sun)",Very Good,4.1,277.0,Andheri,Moderate,Very Good,Moderately Popular,True,3.96,6.6,"the vintage kitchen north indian,chinese quick bites moderate very good moderately popular"
Rickshaw's,500,"Healthy Food,North Indian,Salad,Rolls,Lebanese",Mumbai,Juhu,https://www.zomato.com/mumbai/rickshaws-juhu/info,84,Quick Bites,12noon to 4am(Mon-Sun),Good,3.7,152.0,Juhu,Budget,Good,Moderately Popular,True,3.66,7.32,"rickshaw's healthy food,north indian,salad,rolls,lebanese quick bites budget good moderately popular"
Gajalee,1000,"Seafood,Maharashtrian,North Indian",Mumbai,Vile Parle East,https://www.zomato.com/mumbai/gajalee-vile-parle-east/info,84,Casual Dining,"1130am to 330pm,7pm to 1130pm(Mon-Sun)",Very Good,4.2,1630.0,Vile Parle,Moderate,Very Good,Highly Popular,True,4.16,4.16,"gajalee seafood,maharashtrian,north indian casual dining moderate very good highly popular"
Anand Stall,200,"Street Food,South Indian,Fast Food",Mumbai,Vile Parle West,https://www.zomato.com/mumbai/anand-stall-vile-parle-west/info,84,Quick Bites,8am to 1130pm(Mon-Sun),Very Good,4.3,1004.0,Vile Parle,Budget,Very Good,Highly Popular,True,4.23,21.15,"anand stall street food,south indian,fast food quick bites budget very good highly popular"
The Camp,650,"Chinese,North Indian,Mughlai",Mumbai,Santacruz East,https://www.zomato.com/mumbai/the-camp-santacruz-east/info,85,Casual Dining,12noon to 1230AM(Mon-Sun),Good,3.6,137.0,Santacruz,Moderate,Good,Moderately Popular,True,3.61,5.55,"the camp chinese,north indian,mughlai casual dining moderate good moderately popular"
Cafe Simla,550,"Chinese,North Indian,Mughlai",Mumbai,Andheri Lokhandwala-- Andheri West,https://www.zomato.com/mumbai/cafe-simla-andheri-lokhandwala/info,85,Casual Dining,10am to 1am(Mon-Sun),Good,3.5,102.0,Andheri,Moderate,Good,Moderately Popular,True,3.56,6.47,"cafe simla chinese,north indian,mughlai casual dining moderate good moderately popular"
The Bowl Project,500,Asian,Mumbai,Near Andheri East Station,https://www.zomato.com/mumbai/the-bowl-project-near-andheri-east-station/info,86,none,9am to 1am(Mon-Sun),Average,3.4,14.0,Andheri,Budget,Average,Low Popularity,False,3.59,7.18,the bowl project asian none budget average low popularity
Starboy,500,"Continental,Burger,Salad,Desserts",Mumbai,Oshiwara-- Andheri West,https://www.zomato.com/mumbai/starboy-oshiwara/info,86,Quick Bites,11am to 4am(Mon-Sun),Good,3.7,60.0,Andheri,Budget,Good,Low Popularity,True,3.64,7.28,"starboy continental,burger,salad,desserts quick bites budget good low popularity"
Thalis Of India,450,"North Indian,South Indian,Desserts,Beverages",Mumbai,Oshiwara-- Andheri West,https://www.zomato.com/mumbai/thalis-of-india-oshiwara/info,86,none,8am to 2am(Mon-Sun),Average,3.4,64.0,Andheri,Budget,Average,Low Popularity,False,3.53,7.84,"thalis of india north indian,south indian,desserts,beverages none budget average low popularity"
Pizza Sabroso,500,"Pizza,Fast Food",Mumbai,Reclamation-- Bandra West,https://www.zomato.com/mumbai/pizza-sabroso-reclamation-bandra-west/info,86,Quick Bites,1130am to 4am(Mon-Sun),Good,3.7,265.0,Bandra,Budget,Good,Moderately Popular,True,3.67,7.34,"pizza sabroso pizza,fast food quick bites budget good moderately popular"
Parathas N Tikkas,600,North Indian,Mumbai,Andheri Lokhandwala-- Andheri West,https://www.zomato.com/mumbai/parathas-n-tikkas-andheri-lokhandwala/info,87,Quick Bites,"12midnight to 1am,12noon to 12midnight(Mon-Sun)",Good,3.7,95.0,Andheri,Moderate,Good,Low Popularity,True,3.65,6.08,parathas n tikkas north indian quick bites moderate good low popularity
Kadhai Jammu Di,400,"North Indian,Chinese",Mumbai,Versova-- Andheri West,https://www.zomato.com/mumbai/kadhai-jammu-di-versova/info,87,Quick Bites,4pm to 4am(Mon-Sun),Average,3.4,55.0,Andheri,Budget,Average,Low Popularity,False,3.54,8.85,"kadhai jammu di north indian,chinese quick bites budget average low popularity"
Elco,800,"Street Food,Chinese,South Indian",Mumbai,Hill Road-- Bandra West,https://www.zomato.com/mumbai/elco-restaurant-hill-road-bandra-west/info,87,Casual Dining,930am to 1130pm(Mon-Sun),Good,3.8,2127.0,Bandra,Moderate,Good,Highly Popular,True,3.79,4.74,"elco street food,chinese,south indian casual dining moderate good highly popular"
Cafe Arfa,700,"Chinese,North Indian,Mughlai,Fast Food",Mumbai,Near Andheri West Station,https://www.zomato.com/mumbai/cafe-arfa-near-andheri-west-station/info,87,Casual Dining,"1030am to 12midnight(Mon,Tue,Wed,Thu,Sat...",Good,3.9,1063.0,Andheri,Moderate,Good,Highly Popular,True,3.87,5.53,"cafe arfa chinese,north indian,mughlai,fast food casual dining moderate good highly popular"
Imbiss,1000,"German,European,Continental,Burger",Mumbai,Hill Road-- Bandra West,https://www.zomato.com/mumbai/imbiss-hill-road-bandra-west/info,87,Casual Dining,"Closed(Mon),1130am to 3pm,630pm to 11pm(Tue-Sun)",Very Good,4.4,3469.0,Bandra,Moderate,Very Good,Highly Popular,True,4.38,4.38,"imbiss german,european,continental,burger casual dining moderate very good highly popular"
Keventers,400,"Beverages,Ice Cream,Desserts",Mumbai,Carter Road-- Bandra West,https://www.zomato.com/mumbai/keventers-carter-road-bandra-west/info,87,Beverage Shop,11am to 11pm(Mon-Sun),Good,3.8,965.0,Bandra,Budget,Good,Highly Popular,True,3.78,9.45,"keventers beverages,ice cream,desserts beverage shop budget good highly popular"
Tea Break,500,Cafe,Mumbai,Vile Parle East,https://www.zomato.com/mumbai/tea-break-vile-parle-east/info,876,Café,730am to 12midnight(Mon-Sun),Good,3.9,230.0,Vile Parle,Budget,Good,Moderately Popular,True,3.81,7.62,tea break cafe café budget good moderately popular
Hotel Sadichha,600,"Chinese,North Indian,Malwani,Mughlai",Mumbai,Santacruz East,https://www.zomato.com/mumbai/hotel-sadichha-santacruz-east/info,876,Casual Dining,"11am to 330pm,7pm to 12midnight(Mon-Sun)",Good,3.6,141.0,Santacruz,Moderate,Good,Moderately Popular,True,3.61,6.02,"hotel sadichha chinese,north indian,malwani,mughlai casual dining moderate good moderately popular"
Hotel Satish,350,"Chinese,North Indian,Mughlai,Seafood",Mumbai,Near Andheri East Station,https://www.zomato.com/mumbai/hotel-satish-near-andheri-east-station/info,876,Casual Dining,11am to 12midnight(Mon-Sun),Average,2.9,5.0,Andheri,Budget,Average,Low Popularity,False,3.58,10.23,"hotel satish chinese,north indian,mughlai,seafood casual dining budget average low popularity"
Sushi Star,900,"Sushi,Japanese",Mumbai,Juhu,https://www.zomato.com/mumbai/sushi-star-1-juhu/info,877,Casual Dining,1130am to 11pm(Mon-Sun),Average,3.2,11.0,Juhu,Moderate,Average,Low Popularity,False,3.57,3.97,"sushi star sushi,japanese casual dining moderate average low popularity"
Sentir,300,Bakery,Mumbai,Oshiwara-- Andheri West,https://www.zomato.com/mumbai/sentir-oshiwara/info,877,Bakery,11am to 11pm(Mon-Sun),Average,3.3,12.0,Andheri,Budget,Average,Low Popularity,False,3.58,11.93,sentir bakery bakery budget average low popularity
Lazzetti,300,Fast Food,Mumbai,Andheri Lokhandwala-- Andheri West,https://www.zomato.com/mumbai/lazzetti-andheri-lokhandwala/info,877,none,1130am to 12midnight(Mon-Sun),Average,2.9,20.0,Andheri,Budget,Average,Low Popularity,False,3.5,11.67,lazzetti fast food none budget average low popularity
Soma's Gourmet,500,"Bengali,North Indian,Seafood",Mumbai,Santacruz West,https://www.zomato.com/mumbai/somas-gourmet-1-santacruz-west/info,878,none,930am to 11pm(Mon-Sun),Average,3.0,7.0,Santacruz,Budget,Average,Low Popularity,False,3.57,7.14,"soma's gourmet bengali,north indian,seafood none budget average low popularity"
Hilda's Kitchen,400,"Burger,Beverages,Fast Food,Desserts,Sandwich",Mumbai,Santacruz East,https://www.zomato.com/mumbai/hildas-kitchen-1-santacruz-east/info,878,none,"1030am to 8pm(Mon-Sat),Closed(Sun)",Good,3.5,25.0,Santacruz,Budget,Good,Low Popularity,True,3.59,8.98,"hilda's kitchen burger,beverages,fast food,desserts,sandwich none budget good low popularity"
Irfan Chinese Corner,400,Chinese,Mumbai,Santacruz East,https://www.zomato.com/mumbai/irfan-chinese-corner-santacruz-east/info,879,Quick Bites,2pm to 12midnight(Mon-Sun),Average,3.1,8.0,Santacruz,Budget,Average,Low Popularity,False,3.58,8.95,irfan chinese corner chinese quick bites budget average low popularity
Birdsong - The Organic Cafe,1400,"Cafe,Healthy Food,Beverages,Salad",Mumbai,Hill Road-- Bandra West,https://www.zomato.com/mumbai/birdsong-the-organic-cafe-hill-road-bandra-west/info,88,Café,930am to 10pm(Mon-Sun),Very Good,4.0,1686.0,Bandra,Expensive,Very Good,Highly Popular,False,3.98,2.84,"birdsong - the organic cafe cafe,healthy food,beverages,salad café expensive very good highly popular"
Heng Bok,2500,Korean,Mumbai,Linking Road-- Bandra West,https://www.zomato.com/mumbai/heng-bok-linking-road-bandra-west/info,88,Casual Dining,"12noon to 3pm,6pm to 1145pm(Mon-Sun)",Very Good,4.1,556.0,Bandra,Premium,Very Good,Highly Popular,False,4.02,1.61,heng bok korean casual dining premium very good highly popular
China Blue,800,"North Indian,Mughlai,Chinese",Mumbai,Carter Road-- Bandra West,https://www.zomato.com/mumbai/china-blue-carter-road-bandra-west/info,88,Casual Dining,12noon to 1230AM(Mon-Sun),Good,3.8,173.0,Bandra,Moderate,Good,Moderately Popular,True,3.73,4.66,"china blue north indian,mughlai,chinese casual dining moderate good moderately popular"
TM Rolls And Pockets,350,Rolls,Mumbai,Andheri Lokhandwala-- Andheri West,https://www.zomato.com/mumbai/tm-rolls-and-pockets-andheri-lokhandwala/info,881,Quick Bites,1130am to 1030pm(Mon-Sun),Good,3.6,21.0,Andheri,Budget,Good,Low Popularity,True,3.61,10.31,tm rolls and pockets rolls quick bites budget good low popularity
Khubz,700,"Lebanese,Chinese,Kebab,Indian",Mumbai,Santacruz East,https://www.zomato.com/mumbai/khubz-santacruz-east/info,881,Quick Bites,"12noon to 3pm,630pm to 12midnight(Mon-Sun)",Average,3.4,21.0,Santacruz,Moderate,Average,Low Popularity,False,3.58,5.11,"khubz lebanese,chinese,kebab,indian quick bites moderate average low popularity"
Mammy's Kitchen and Grill,500,Fast Food,Mumbai,Andheri Lokhandwala-- Andheri West,https://www.zomato.com/mumbai/mammys-kitchen-and-grill-andheri-lokhandwala/info,884,none,6pm to 12midnight(Mon-Sun),Good,3.5,25.0,Andheri,Budget,Good,Low Popularity,True,3.59,7.18,mammy's kitchen and grill fast food none budget good low popularity
Butler,400,"North Indian,Chinese",Mumbai,Juhu,https://www.zomato.com/mumbai/butler-juhu/info,884,none,11am to 12midnight(Mon-Sun),Average,3.1,4.0,Juhu,Budget,Average,Low Popularity,False,3.59,8.98,"butler north indian,chinese none budget average low popularity"
Andy's Food & Stuff,250,"North Indian,Fast Food",Mumbai,Vile Parle West,https://www.zomato.com/mumbai/andys-food-stuff-vile-parle-west/info,885,Quick Bites,"11am to 10pm(Mon,Tue,Wed,Fri),5pm to 10pm...",Average,3.1,6.0,Vile Parle,Budget,Average,Low Popularity,False,3.58,14.32,"andy's food & stuff north indian,fast food quick bites budget average low popularity"
The Delicious Kitchen,500,"Rolls,Chinese,Biryani",Mumbai,Andheri Lokhandwala-- Andheri West,https://www.zomato.com/mumbai/the-delicious-kitchen-andheri-lokhandwala/info,886,Quick Bites,12noon to 12midnight(Mon-Sun),Average,3.2,8.0,Andheri,Budget,Average,Low Popularity,False,3.58,7.16,"the delicious kitchen rolls,chinese,biryani quick bites budget average low popularity"
Milkshake Kulture,300,Beverages,Mumbai,Versova-- Andheri West,https://www.zomato.com/mumbai/milkshake-kulture-versova/info,89,Beverage Shop,12noon to 1230AM(Mon-Sun),Good,3.7,24.0,Andheri,Budget,Good,Low Popularity,True,3.63,12.1,milkshake kulture beverages beverage shop budget good low popularity
Food Garage,400,"Fast Food,North Indian,Chinese,Biryani,Burger,Pizza,Beverages",Mumbai,Andheri Lokhandwala-- Andheri West,https://www.zomato.com/mumbai/food-garage-andheri-lokhandwala/info,89,Quick Bites,9pm to 7am(Mon-Sun),Good,3.5,138.0,Andheri,Budget,Good,Moderately Popular,True,3.55,8.88,"food garage fast food,north indian,chinese,biryani,burger,pizza,beverages quick bites budget good moderately popular"
Bless Your Hunger,900,"Continental,Italian,Mexican,Pizza,Burger,Beverages,Sandwich,Salad",Mumbai,Oshiwara-- Andheri West,https://www.zomato.com/mumbai/bless-your-hunger-oshiwara/info,891,none,10am to 12midnight(Mon-Sun),Dobrze,3.8,128.0,Andheri,Moderate,Good,Moderately Popular,True,3.71,4.12,"bless your hunger continental,italian,mexican,pizza,burger,beverages,sandwich,salad none moderate good moderately popular"
Biscotti Bakes,200,"Desserts,Bakery",Mumbai,Santacruz West,https://www.zomato.com/mumbai/biscotti-bakes-santacruz-west/info,892,Dessert Parlor,10am to 7pm(Mon-Sun),Average,3.3,17.0,Santacruz,Budget,Average,Low Popularity,False,3.57,17.85,"biscotti bakes desserts,bakery dessert parlor budget average low popularity"
B.F.C - Burger Fries Chaat,200,Fast Food,Mumbai,Near Andheri East Station,https://www.zomato.com/mumbai/b-f-c-burger-fries-chaat-near-andheri-east-station/info,895,Quick Bites,"1130am to 11pm(Mon-Sat),5pm to 11pm(Sun)",Average,3.4,21.0,Andheri,Budget,Average,Low Popularity,False,3.58,17.9,b.f.c - burger fries chaat fast food quick bites budget average low popularity
Bedekar,150,Fast Food,Mumbai,Vile Parle East,https://www.zomato.com/mumbai/bedekar-vile-parle-east/info,896,Quick Bites,"730am to 830pm(Mon),730am to 930pm(Tue-Sun)",Average,3.4,102.0,Vile Parle,Budget,Average,Moderately Popular,False,3.51,23.4,bedekar fast food quick bites budget average moderately popular
The Shawarma Fusion,150,Lebanese,Mumbai,Bandra East,https://www.zomato.com/mumbai/the-shawarma-fusion-bandra-east/info,896,Quick Bites,11am to 10pm(Mon-Sun),Average,3.1,4.0,Bandra,Budget,Average,Low Popularity,False,3.59,23.93,the shawarma fusion lebanese quick bites budget average low popularity
Biryani Biryani,400,"Biryani,North Indian",Mumbai,Andheri Lokhandwala-- Andheri West,https://www.zomato.com/mumbai/biryani-biryani-andheri-lokhandwala/info,898,none,"12noon to 330pm,7pm to 12midnight(Mon-Sun)",Good,3.7,15.0,Andheri,Budget,Good,Low Popularity,True,3.62,9.05,"biryani biryani biryani,north indian none budget good low popularity"
Bono Boutique Ice Cream,750,Ice Cream,Mumbai,Bandstand-- Bandra West,https://www.zomato.com/mumbai/bono-boutique-ice-cream-bandstand-bandra-west/info,899,Dessert Parlor,"11am to 3pm,4pm to 11pm(Mon-Sun)",Average,3.3,63.0,Bandra,Moderate,Average,Low Popularity,False,3.5,4.67,bono boutique ice cream ice cream dessert parlor moderate average low popularity
Ticca Tikka,700,"North Indian,Chinese,Fast Food",Mumbai,Andheri Lokhandwala-- Andheri West,https://www.zomato.com/ticcatikka/info,9,Casual Dining,12noon to 1am(Mon-Sun),Very Good,4.0,2430.0,Andheri,Moderate,Very Good,Highly Popular,True,3.98,5.69,"ticca tikka north indian,chinese,fast food casual dining moderate very good highly popular"
Escobar - Tapas Bar,2500,"Italian,Mexican,Spanish",Mumbai,Linking Road-- Bandra West,https://www.zomato.com/mumbai/escobar-tapas-bar-linking-road-bandra-west/info,9,Lounge,7pm to 130am(Mon-Sun),Very Good,4.0,874.0,Bandra,Premium,Very Good,Highly Popular,False,3.96,1.58,"escobar - tapas bar italian,mexican,spanish lounge premium very good highly popular"
Wild Dining Restaurant,1200,"North Indian,Continental,Mexican,Chinese",Mumbai,Oshiwara-- Andheri West,https://www.zomato.com/mumbai/wild-dining-restaurant-oshiwara/info,9,Casual Dining,"12midnight to 1am,12noon to 330pm,7pm to ...",Excellent,4.5,1782.0,Andheri,Expensive,Excellent,Highly Popular,False,4.45,3.71,"wild dining restaurant north indian,continental,mexican,chinese casual dining expensive excellent highly popular"
Breadkraft,300,"Rolls,Lebanese,Fast Food,Bakery",Mumbai,Andheri Lokhandwala-- Andheri West,https://www.zomato.com/mumbai/breadkraft-andheri-lokhandwala/info,9,Quick Bites,1130am to 230am(Mon-Sun),Good,3.9,1463.0,Andheri,Budget,Good,Highly Popular,True,3.88,12.93,"breadkraft rolls,lebanese,fast food,bakery quick bites budget good highly popular"
AT MRP,1000,"North Indian,Chinese,Continental",Mumbai,Oshiwara-- Andheri West,https://www.zomato.com/mumbai/at-mrp-oshiwara/info,9,Bar,6pm to 1am(Mon-Sun),Very Good,4.2,1335.0,Andheri,Moderate,Very Good,Highly Popular,True,4.16,4.16,"at mrp north indian,chinese,continental bar moderate very good highly popular"
Mahesh Lunch Home,1800,"Seafood,North Indian,Chinese,Mangalorean",Mumbai,Juhu,https://www.zomato.com/mumbai/mahesh-lunch-home-juhu/info,9,Casual Dining,"12noon to 330pm,7pm to 1230AM(Mon-Sun)",Very Good,4.1,1662.0,Juhu,Premium,Very Good,Highly Popular,False,4.07,2.26,"mahesh lunch home seafood,north indian,chinese,mangalorean casual dining premium very good highly popular"
Blue's Kitchen,1800,"Japanese,Thai,Sushi",Mumbai,Pali Hill-- Bandra West,https://www.zomato.com/mumbai/blues-kitchen-1-pali-hill-bandra-west/info,90,Casual Dining,"12noon to 330pm,7pm to 1130pm(Mon-Sun)",Very Good,4.4,838.0,Bandra,Premium,Very Good,Highly Popular,False,4.31,2.39,"blue's kitchen japanese,thai,sushi casual dining premium very good highly popular"
Garde Manger Cafe,700,"Cafe,Healthy Food,Italian,Juices",Mumbai,Vile Parle East,https://www.zomato.com/mumbai/garde-manger-cafe-vile-parle-east/info,90,Café,1030am to 1030pm(Mon-Sun),Very Good,4.4,1737.0,Vile Parle,Moderate,Very Good,Highly Popular,True,4.35,6.21,"garde manger cafe cafe,healthy food,italian,juices café moderate very good highly popular"
Rama Krishna,450,"North Indian,Street Food,South Indian",Mumbai,Vile Parle East,https://www.zomato.com/mumbai/rama-krishna-vile-parle-east/info,90,Quick Bites,7am to 12midnight(Mon-Sun),Very Good,4.1,1047.0,Vile Parle,Budget,Very Good,Highly Popular,True,4.05,9.0,"rama krishna north indian,street food,south indian quick bites budget very good highly popular"
The Terrace,1200,"North Indian,Continental",Mumbai,Juhu,https://www.zomato.com/mumbai/the-terrace-juhu/info,90,Casual Dining,12noon to 130am(Mon-Sun),Good,3.8,403.0,Juhu,Expensive,Good,Moderately Popular,False,3.76,3.13,"the terrace north indian,continental casual dining expensive good moderately popular"
The Homemade Cafe,1200,"Continental,Italian",Mumbai,Oshiwara-- Andheri West,https://www.zomato.com/mumbai/the-homemade-cafe-oshiwara/info,90,Café,"12noon to 12midnight(Mon-Fri),10am to 12midnight...",Very Good,4.4,1306.0,Andheri,Expensive,Very Good,Highly Popular,False,4.34,3.62,"the homemade cafe continental,italian café expensive very good highly popular"
Aditi Juice Centre,400,"Fast Food,North Indian,South Indian,Beverages,Desserts,Juices",Mumbai,Near Andheri West Station,https://www.zomato.com/mumbai/aditi-juice-centre-near-andheri-west-station/info,901,Quick Bites,9am to 1030pm(Mon-Sun),Good,3.8,122.0,Andheri,Budget,Good,Moderately Popular,True,3.71,9.28,"aditi juice centre fast food,north indian,south indian,beverages,desserts,juices quick bites budget good moderately popular"
Sushi King,800,"Chinese,Japanese,Sushi",Mumbai,Pali Hill-- Bandra West,https://www.zomato.com/mumbai/sushi-king-pali-hill-bandra-west/info,902,none,11am to 1130pm(Mon-Sun),Average,3.2,10.0,Bandra,Moderate,Average,Low Popularity,False,3.58,4.47,"sushi king chinese,japanese,sushi none moderate average low popularity"
Maratha Darbar,500,"Chinese,North Indian,Fast Food,Malwani",Mumbai,Bandra East,https://www.zomato.com/mumbai/maratha-darbar-bandra-east/info,902,Casual Dining,12noon to 11pm(Mon-Sun),Average,3.4,100.0,Bandra,Budget,Average,Moderately Popular,False,3.51,7.02,"maratha darbar chinese,north indian,fast food,malwani casual dining budget average moderately popular"
Oriental Combo Box,400,"Chinese,Momos",Mumbai,Santacruz East,https://www.zomato.com/mumbai/oriental-combo-box-santacruz-east/info,903,none,"11am to 4pm,7pm to 12midnight(Mon-Sun)",Good,3.6,52.0,Santacruz,Budget,Good,Low Popularity,True,3.61,9.02,"oriental combo box chinese,momos none budget good low popularity"
Fitness Bakery,500,"Bakery,Desserts,Healthy Food",Mumbai,Pali Hill-- Bandra West,https://www.zomato.com/mumbai/fitness-bakery-pali-hill-bandra-west/info,904,Bakery,10am to 7pm(Mon-Sun),Good,3.7,57.0,Bandra,Budget,Good,Low Popularity,True,3.64,7.28,"fitness bakery bakery,desserts,healthy food bakery budget good low popularity"
Caramel Carousel,600,"Bakery,Desserts",Mumbai,Bandstand-- Bandra West,https://www.zomato.com/mumbai/caramel-carousel-bandstand-bandra-west/info,904,Bakery,"10am to 3pm,530pm to 930pm(Mon-Fri),230pm to ...",Average,2.9,33.0,Bandra,Moderate,Average,Low Popularity,False,3.45,5.75,"caramel carousel bakery,desserts bakery moderate average low popularity"
Roadside Romeo Chinese Corner,350,Chinese,Mumbai,Andheri Lokhandwala-- Andheri West,https://www.zomato.com/mumbai/roadside-romeo-chinese-corner-andheri-lokhandwala/info,905,Quick Bites,12noon to 1130pm(Mon-Sun),Average,3.3,61.0,Andheri,Budget,Average,Low Popularity,False,3.5,10.0,roadside romeo chinese corner chinese quick bites budget average low popularity
Bay of Bengal,300,"Bengali,North Indian",Mumbai,Santacruz West,https://www.zomato.com/mumbai/bay-of-bengal-santacruz-west/info,905,none,"530am to 9pm(Mon),10am to 3pm,6pm to 9pm...",Average,3.1,13.0,Santacruz,Budget,Average,Low Popularity,False,3.56,11.87,"bay of bengal bengali,north indian none budget average low popularity"
Jacks Burg,400,"Fast Food,Burger,Continental",Mumbai,Andheri Lokhandwala-- Andheri West,https://www.zomato.com/mumbai/jacks-burg-andheri-lokhandwala/info,906,none,"1230pm to 4pm,7pm to 12midnight(Mon-Sun)",Average,3.1,5.0,Andheri,Budget,Average,Low Popularity,False,3.59,8.98,"jacks burg fast food,burger,continental none budget average low popularity"
Combo Kitchen,300,"Chinese,Sandwich,Fast Food,North Indian,Italian,Rolls",Mumbai,Andheri Lokhandwala-- Andheri West,https://www.zomato.com/mumbai/combo-kitchen-andheri-lokhandwala/info,907,none,1230pm to 11pm(Mon-Sun),Average,3.4,27.0,Andheri,Budget,Average,Low Popularity,False,3.57,11.9,"combo kitchen chinese,sandwich,fast food,north indian,italian,rolls none budget average low popularity"
Vyanjan,300,"North Indian,Mithai",Mumbai,Oshiwara-- Andheri West,https://www.zomato.com/mumbai/vyanjan-oshiwara/info,907,Quick Bites,9am to 10pm(Mon-Sun),Average,2.8,144.0,Andheri,Budget,Average,Moderately Popular,False,3.15,10.5,"vyanjan north indian,mithai quick bites budget average moderately popular"
Mesa Bistro - Svenska Design Hotel,2000,"Continental,Italian,North Indian,South Indian,Chinese,Mediterranean",Mumbai,Svenska Design Hotel-- Andheri West,https://www.zomato.com/mesabistro/info,907,Fine Dining,7am to 12midnight(Mon-Sun),Average,3.4,57.0,Andheri,Premium,Average,Low Popularity,False,3.54,1.77,"mesa bistro - svenska design hotel continental,italian,north indian,south indian,chinese,mediterranean fine dining premium average low popularity"
Bhagirathi Restaurant,500,"South Indian,North Indian,Chinese,Fast Food",Mumbai,Santacruz East,https://www.zomato.com/mumbai/bhagirathi-restaurant-santacruz-east/info,907,Casual Dining,7am to 1130pm(Mon-Sun),Good,3.5,56.0,Santacruz,Budget,Good,Low Popularity,True,3.57,7.14,"bhagirathi restaurant south indian,north indian,chinese,fast food casual dining budget good low popularity"
Falafel Bites,500,Lebanese,Mumbai,Reclamation-- Bandra West,https://www.zomato.com/mumbai/falafel-bites-reclamation-bandra-west/info,909,Quick Bites,1230pm to 11pm(Mon-Sun),Average,2.6,36.0,Bandra,Budget,Average,Low Popularity,False,3.36,6.72,falafel bites lebanese quick bites budget average low popularity
Saheb Restaurant,600,"Chinese,North Indian,Mangalorean",Mumbai,Bandra East,https://www.zomato.com/mumbai/saheb-restaurant-bandra-east/info,91,Casual Dining,"1230pm to 330pm,630pm to 1230AM(Mon-Sun)",Good,3.7,63.0,Bandra,Moderate,Good,Low Popularity,True,3.64,6.07,"saheb restaurant chinese,north indian,mangalorean casual dining moderate good low popularity"
Geeta Refreshments,200,"Fast Food,North Indian,South Indian",Mumbai,Vile Parle East,https://www.zomato.com/mumbai/geeta-refreshments-vile-parle-east/info,91,Quick Bites,10am to 1am(Mon-Sun),Good,3.6,68.0,Vile Parle,Budget,Good,Low Popularity,True,3.61,18.05,"geeta refreshments fast food,north indian,south indian quick bites budget good low popularity"
Sindhudurg,600,Seafood,Mumbai,Vile Parle East,https://www.zomato.com/mumbai/sindhudurg-vile-parle-east/info,911,Quick Bites,"12noon to 330pm,7pm to 11pm(Mon-Sun)",Average,2.7,94.0,Vile Parle,Moderate,Average,Low Popularity,False,3.19,5.32,sindhudurg seafood quick bites moderate average low popularity
Mealbox,300,"Bengali,Continental,Biryani,Mughlai",Mumbai,Near Andheri East Station,https://www.zomato.com/mumbai/mealbox-near-andheri-east-station/info,911,none,"9am to 9pm(Mon-Sat),Closed(Sun)",Average,3.0,6.0,Andheri,Budget,Average,Low Popularity,False,3.58,11.93,"mealbox bengali,continental,biryani,mughlai none budget average low popularity"
Aakash Sweets and Farsans,150,"Mithai,Street Food",Mumbai,Near Andheri West Station,https://www.zomato.com/mumbai/aakash-sweets-and-farsans-near-andheri-west-station/info,911,Sweet Shop,9am to 10pm(Mon-Sun),Good,3.5,27.0,Andheri,Budget,Good,Low Popularity,True,3.59,23.93,"aakash sweets and farsans mithai,street food sweet shop budget good low popularity"
Shree Chakra Restaurant & Bar,400,"Chinese,North Indian,Seafood,Mughlai",Mumbai,Santacruz East,https://www.zomato.com/mumbai/shree-chakra-restaurant-bar-santacruz-east/info,911,Casual Dining,10am to 1230AM(Mon-Sun),Average,3.0,14.0,Santacruz,Budget,Average,Low Popularity,False,3.54,8.85,"shree chakra restaurant & bar chinese,north indian,seafood,mughlai casual dining budget average low popularity"
UBQ by Barbeque Nation,450,"North Indian,BBQ,Kebab,Biryani",Mumbai,Hill Road-- Bandra West,https://www.zomato.com/mumbai/ubq-by-barbeque-nation-hill-road-bandra-west/info,913,none,"12noon to 3pm,7pm to 11pm(Mon-Sun)",Average,3.0,7.0,Bandra,Budget,Average,Low Popularity,False,3.57,7.93,"ubq by barbeque nation north indian,bbq,kebab,biryani none budget average low popularity"
Ram Frankey,150,Fast Food,Mumbai,Vile Parle East,https://www.zomato.com/mumbai/ram-frankey-vile-parle-east/info,914,Quick Bites,10am to 10pm(Mon-Sun),Good,3.6,73.0,Vile Parle,Budget,Good,Low Popularity,True,3.61,24.07,ram frankey fast food quick bites budget good low popularity
Joseph's Tandoori Kitchen,650,"North Indian,Mughlai",Mumbai,Pali Hill-- Bandra West,https://www.zomato.com/mumbai/josephs-tandoori-kitchen-pali-hill-bandra-west/info,914,none,"1130am to 230pm,7pm to 1130pm(Mon-Sun)",Good,3.8,214.0,Bandra,Moderate,Good,Moderately Popular,True,3.74,5.75,"joseph's tandoori kitchen north indian,mughlai none moderate good moderately popular"
Shoolin Reading Cafe,500,"Burger,Tea,Cafe,Sandwich,Pizza,Salad,Rolls",Mumbai,Versova-- Andheri West,https://www.zomato.com/mumbai/shoolin-reading-cafe-versova/info,915,Café,945am to 1145pm(Mon-Sun),Average,3.3,21.0,Andheri,Budget,Average,Low Popularity,False,3.56,7.12,"shoolin reading cafe burger,tea,cafe,sandwich,pizza,salad,rolls café budget average low popularity"
Rice Express,500,"North Indian,Chinese,Continental,Mexican,Thai",Mumbai,Santacruz East,https://www.zomato.com/mumbai/rice-express-santacruz-east/info,916,none,11am to 11pm(Mon-Sun),Average,3.4,17.0,Santacruz,Budget,Average,Low Popularity,False,3.58,7.16,"rice express north indian,chinese,continental,mexican,thai none budget average low popularity"
Fingers Cross,1400,"Continental,Seafood,Mexican,Italian,Pizza,Salad,Finger Food,Thai",Mumbai,Andheri Lokhandwala-- Andheri West,https://www.zomato.com/fingerscross/info,916,Casual Dining,1230pm to 1230AM(Mon-Sun),Good,3.5,509.0,Andheri,Expensive,Good,Highly Popular,False,3.52,2.51,"fingers cross continental,seafood,mexican,italian,pizza,salad,finger food,thai casual dining expensive good highly popular"
The Greek Loukoumades,500,"Desserts,Beverages,Fast Food",Mumbai,Juhu,https://www.zomato.com/mumbai/the-greek-loukoumades-juhu/info,918,Quick Bites,11am to 2am(Mon-Sun),Good,3.5,35.0,Juhu,Budget,Good,Low Popularity,True,3.58,7.16,"the greek loukoumades desserts,beverages,fast food quick bites budget good low popularity"
Shree Sai Ganesh Restaurant,250,"Chinese,North Indian",Mumbai,Versova-- Andheri West,https://www.zomato.com/mumbai/shree-sai-ganesh-restaurant-versova/info,918,Quick Bites,12noon to 430am(Mon-Sun),Average,2.9,5.0,Andheri,Budget,Average,Low Popularity,False,3.58,14.32,"shree sai ganesh restaurant chinese,north indian quick bites budget average low popularity"
Miro Lounge - Svenska Design Hotel,2000,"Continental,Italian,North Indian,Chinese,Mediterranean",Mumbai,Svenska Design Hotel-- Andheri West,https://www.zomato.com/mirolounge/info,918,Casual Dining,"7am to 1130pm(Mon-Thu),7am to 1145pm(Fri-Sun)",Good,3.6,93.0,Andheri,Premium,Good,Low Popularity,False,3.61,1.8,"miro lounge - svenska design hotel continental,italian,north indian,chinese,mediterranean casual dining premium good low popularity"
Shree Sharneshwar Bhojnalaya,200,Maharashtrian,Mumbai,Vile Parle East,https://www.zomato.com/mumbai/shree-sharneshwar-bhojnalaya-vile-parle-east/info,918,Quick Bites,"11am to 3pm,7pm to 11pm(Mon-Sun)",Average,3.4,20.0,Vile Parle,Budget,Average,Low Popularity,False,3.58,17.9,shree sharneshwar bhojnalaya maharashtrian quick bites budget average low popularity
The Schezwan Company,500,Chinese,Mumbai,Andheri Lokhandwala-- Andheri West,https://www.zomato.com/mumbai/the-schezwan-company-andheri-lokhandwala/info,919,none,12noon to 330pm(Mon-Sun),Good,3.8,52.0,Andheri,Budget,Good,Low Popularity,True,3.67,7.34,the schezwan company chinese none budget good low popularity
Moti Mahal,1500,"North Indian,Mughlai,Chinese",Mumbai,Linking Road-- Bandra West,https://www.zomato.com/mumbai/moti-mahal-linking-road-bandra-west/info,92,Casual Dining,"12noon to 4pm,7pm to 1am(Mon-Sun)",Good,3.5,377.0,Bandra,Expensive,Good,Moderately Popular,False,3.53,2.35,"moti mahal north indian,mughlai,chinese casual dining expensive good moderately popular"
Vegan Burger Kitchen,600,"Healthy Food,Fast Food,Desserts,Beverages",Mumbai,Pali Hill-- Bandra West,https://www.zomato.com/mumbai/vegan-burger-kitchen-pali-hill-bandra-west/info,92,none,"12noon to 11pm(Mon,Tue,Wed,Sun),12noon to 3am...",Good,3.7,67.0,Bandra,Moderate,Good,Low Popularity,True,3.65,6.08,"vegan burger kitchen healthy food,fast food,desserts,beverages none moderate good low popularity"
Cafe Sahar,300,"North Indian,Chinese",Mumbai,Near Andheri East Station,https://www.zomato.com/mumbai/cafe-sahar-near-andheri-east-station/info,92,Quick Bites,11am to 1245AM(Mon-Sun),Average,3.4,91.0,Andheri,Budget,Average,Low Popularity,False,3.52,11.73,"cafe sahar north indian,chinese quick bites budget average low popularity"
Salsetta,600,"European,South American",Mumbai,Pali Hill-- Bandra West,https://www.zomato.com/mumbai/salsetta-pali-hill-bandra-west/info,92,none,"Closed(Mon),12noon to 1am(Tue,Wed,Sun),12noon...",Good,3.6,130.0,Bandra,Moderate,Good,Moderately Popular,True,3.61,6.02,"salsetta european,south american none moderate good moderately popular"
Sabri,300,"Biryani,North Indian,Chinese",Mumbai,Bandra East,https://www.zomato.com/mumbai/sabri-bandra-east/info,920,Quick Bites,10am to 12midnight(Mon-Sun),Average,3.4,39.0,Bandra,Budget,Average,Low Popularity,False,3.56,11.87,"sabri biryani,north indian,chinese quick bites budget average low popularity"
Mandana’s Kitchen,700,Iranian,Mumbai,Santacruz West,https://www.zomato.com/mumbai/mandanas-kitchen-santacruz-west/info,920,none,"Closed(Mon),11am to 4pm,7pm to 11pm(Tue-Sun)",Average,3.1,30.0,Santacruz,Moderate,Average,Low Popularity,False,3.5,5.0,mandana’s kitchen iranian none moderate average low popularity
Chai Tekdi,250,"Cafe,Fast Food",Mumbai,Andheri Lokhandwala-- Andheri West,https://www.zomato.com/mumbai/chai-tekdi-andheri-lokhandwala/info,922,Café,8am to 11pm(Mon-Sun),Average,2.8,195.0,Andheri,Budget,Average,Moderately Popular,False,3.09,12.36,"chai tekdi cafe,fast food café budget average moderately popular"
Fit Food Meal,500,"Fast Food,Burger,Sandwich,Salad",Mumbai,Near Andheri West Station,https://www.zomato.com/mumbai/fit-food-meal-near-andheri-west-station/info,923,Quick Bites,10am to 1130pm(Mon-Sun),Average,3.0,7.0,Andheri,Budget,Average,Low Popularity,False,3.57,7.14,"fit food meal fast food,burger,sandwich,salad quick bites budget average low popularity"
Saayba Hotel,750,"Seafood,Maharashtrian,Malwani",Mumbai,Bandra Talao-- Bandra West,https://www.zomato.com/mumbai/saayba-hotel-bandra-talao-bandra-west/info,923,Casual Dining,"Closed(Mon),1130am to 330pm,730pm to 1130pm...",Good,3.7,202.0,Bandra,Moderate,Good,Moderately Popular,True,3.67,4.89,"saayba hotel seafood,maharashtrian,malwani casual dining moderate good moderately popular"
Deep Snacks Corner,550,"South Indian,Chinese,North Indian",Mumbai,Andheri Lokhandwala-- Andheri West,https://www.zomato.com/mumbai/deep-snacks-corner-andheri-lokhandwala/info,923,Quick Bites,8am to 1130pm(Mon-Sun),Good,3.6,22.0,Andheri,Moderate,Good,Low Popularity,True,3.61,6.56,"deep snacks corner south indian,chinese,north indian quick bites moderate good low popularity"
Shawarma corner,200,"Lebanese,Fast Food,Rolls",Mumbai,Bandra East,https://www.zomato.com/mumbai/shawarma-corner-bandra-east/info,924,Quick Bites,12noon to 1130pm(Mon-Sun),Average,2.9,11.0,Bandra,Budget,Average,Low Popularity,False,3.55,17.75,"shawarma corner lebanese,fast food,rolls quick bites budget average low popularity"
White Rose Cafe,600,"Cafe,American,Bakery,Salad,Continental,Italian,Burger,Desserts",Mumbai,Andheri Lokhandwala-- Andheri West,https://www.zomato.com/mumbai/white-rose-cafe-andheri-lokhandwala/info,925,Café,9am to 12midnight(Mon-Sun),Good,3.7,299.0,Andheri,Moderate,Good,Moderately Popular,True,3.68,6.13,"white rose cafe cafe,american,bakery,salad,continental,italian,burger,desserts café moderate good moderately popular"
Good Food Cafe and Bakery,400,North Indian,Mumbai,Andheri Lokhandwala-- Andheri West,https://www.zomato.com/mumbai/good-food-cafe-and-bakery-andheri-lokhandwala/info,928,Quick Bites,11am to 1130pm(Mon-Sun),Average,3.3,17.0,Andheri,Budget,Average,Low Popularity,False,3.57,8.92,good food cafe and bakery north indian quick bites budget average low popularity
Live By Night,1200,"North Indian,Asian,Continental",Mumbai,Andheri Lokhandwala-- Andheri West,https://www.zomato.com/mumbai/live-by-night-andheri-lokhandwala/info,928,Lounge,"Closed(Mon),6pm to 130am(Tue-Sun)",Good,3.5,20.0,Andheri,Expensive,Good,Low Popularity,False,3.59,2.99,"live by night north indian,asian,continental lounge expensive good low popularity"
Punjabi Rasoi,750,"North Indian,Mughlai,Chinese,Fast Food",Mumbai,Linking Road-- Bandra West,https://www.zomato.com/mumbai/punjabi-rasoi-linking-road-bandra-west/info,93,Casual Dining,12noon to 3am(Mon-Sun),Good,3.9,196.0,Bandra,Moderate,Good,Moderately Popular,True,3.8,5.07,"punjabi rasoi north indian,mughlai,chinese,fast food casual dining moderate good moderately popular"
Lemon Leaf,1200,"Chinese,Thai,Malaysian,Asian",Mumbai,Bandra Talao-- Bandra West,https://www.zomato.com/mumbai/lemon-leaf-bandra-talao-bandra-west/info,93,none,11am to 3am(Mon-Sun),Good,3.9,1184.0,Bandra,Expensive,Good,Highly Popular,False,3.88,3.23,"lemon leaf chinese,thai,malaysian,asian none expensive good highly popular"
Protein House,1000,"Healthy Food,Fast Food,Juices",Mumbai,Hill Road-- Bandra West,https://www.zomato.com/mumbai/protein-house-hill-road-bandra-west/info,93,Quick Bites,7am to 130am(Mon-Sun),Good,3.9,93.0,Bandra,Moderate,Good,Low Popularity,True,3.74,3.74,"protein house healthy food,fast food,juices quick bites moderate good low popularity"
Cheese Zone,400,"Fast Food,South Indian",Mumbai,Vile Parle West,https://www.zomato.com/mumbai/cheese-zone-vile-parle-west/info,93,Quick Bites,10am to 130am(Mon-Sun),Good,3.6,230.0,Vile Parle,Budget,Good,Moderately Popular,True,3.6,9.0,"cheese zone fast food,south indian quick bites budget good moderately popular"
Taste Of China,600,"Chinese,Thai",Mumbai,7 Bungalows-- Andheri West,https://www.zomato.com/mumbai/taste-of-china-7-bungalows/info,93,Casual Dining,11am to 1am(Mon-Sun),Good,3.7,199.0,Andheri,Moderate,Good,Moderately Popular,True,3.67,6.12,"taste of china chinese,thai casual dining moderate good moderately popular"
Shankari,750,"Chinese,North Indian,South Indian,Seafood",Mumbai,Versova-- Andheri West,https://www.zomato.com/mumbai/shankari-versova/info,930,Casual Dining,11am to 130am(Mon-Sun),Average,3.4,77.0,Andheri,Moderate,Average,Low Popularity,False,3.52,4.69,"shankari chinese,north indian,south indian,seafood casual dining moderate average low popularity"
Ministry Of Waffles And Pancakes,350,"Desserts,Beverages",Mumbai,Oshiwara-- Andheri West,https://www.zomato.com/mumbai/ministry-of-waffles-and-pancakes-oshiwara/info,931,Dessert Parlor,"5pm to 12midnight(Mon,Tue,Thu),2pm to 3am...",Good,3.9,277.0,Andheri,Budget,Good,Moderately Popular,True,3.82,10.91,"ministry of waffles and pancakes desserts,beverages dessert parlor budget good moderately popular"
Who's Your Daddy,800,"Mexican,American,Fast Food",Mumbai,Versova-- Andheri West,https://www.zomato.com/mumbai/whos-your-daddy-versova/info,931,Casual Dining,130pm to 130am(Mon-Sun),Very Good,4.1,314.0,Andheri,Moderate,Very Good,Moderately Popular,True,3.97,4.96,"who's your daddy mexican,american,fast food casual dining moderate very good moderately popular"
Italian Pizzas,500,"Pizza,Fast Food",Mumbai,Bandra East,https://www.zomato.com/mumbai/italian-pizzas-bandra-east/info,931,Casual Dining,11am to 1am(Mon-Sun),Good,3.6,156.0,Bandra,Budget,Good,Moderately Popular,True,3.6,7.2,"italian pizzas pizza,fast food casual dining budget good moderately popular"
Sai Chinese Corner,500,"Street Food,Sandwich,Chinese,Rolls",Mumbai,Vile Parle East,https://www.zomato.com/mumbai/sai-chinese-corner-vile-parle-east/info,931,Casual Dining,11am to 11pm(Mon-Sun),Average,3.4,37.0,Vile Parle,Budget,Average,Low Popularity,False,3.56,7.12,"sai chinese corner street food,sandwich,chinese,rolls casual dining budget average low popularity"
Happy Meal,250,"North Indian,Lucknowi,Chinese",Mumbai,Andheri Lokhandwala-- Andheri West,https://www.zomato.com/mumbai/happy-meal-andheri-lokhandwala/info,931,none,11am to 5pm(Mon-Sun),Average,3.0,10.0,Andheri,Budget,Average,Low Popularity,False,3.56,14.24,"happy meal north indian,lucknowi,chinese none budget average low popularity"
Arafa Restaurant,600,"Chinese,Mughlai,North Indian,Seafood",Mumbai,Juhu,https://www.zomato.com/mumbai/arafa-restaurant-juhu/info,933,Casual Dining,11am to 1am(Mon-Sun),Average,3.1,106.0,Juhu,Moderate,Average,Moderately Popular,False,3.36,5.6,"arafa restaurant chinese,mughlai,north indian,seafood casual dining moderate average moderately popular"
Fusion Heaven Multi Cusine Kitchen,500,"Chinese,Continental",Mumbai,Reclamation-- Bandra West,https://www.zomato.com/mumbai/fusion-heaven-multi-cusine-kitchen-reclamation-bandra-west/info,934,none,12noon to 4am(Mon-Sun),Average,3.4,24.0,Bandra,Budget,Average,Low Popularity,False,3.57,7.14,"fusion heaven multi cusine kitchen chinese,continental none budget average low popularity"
Home Kitchen,200,North Indian,Mumbai,Near Andheri East Station,https://www.zomato.com/mumbai/home-kitchen-near-andheri-east-station/info,934,none,"12midnight to 1am,8am to 12midnight(Mon-Sun)",Average,2.8,17.0,Andheri,Budget,Average,Low Popularity,False,3.5,17.5,home kitchen north indian none budget average low popularity
Bandra Gomantak,1000,"Malwani,North Indian,Chinese",Mumbai,Reclamation-- Bandra West,https://www.zomato.com/mumbai/bandra-gomantak-reclamation-bandra-west/info,934,Casual Dining,"11am to 4pm,7pm to 1145pm(Mon-Sun)",Good,3.6,305.0,Bandra,Moderate,Good,Moderately Popular,True,3.6,3.6,"bandra gomantak malwani,north indian,chinese casual dining moderate good moderately popular"
Geeta Vihar,350,"Chinese,Fast Food,North Indian,South Indian,Beverages",Mumbai,Santacruz East,https://www.zomato.com/mumbai/geeta-vihar-santacruz-east/info,935,Quick Bites,10am to 11pm(Mon-Sun),Average,2.8,87.0,Santacruz,Budget,Average,Low Popularity,False,3.25,9.29,"geeta vihar chinese,fast food,north indian,south indian,beverages quick bites budget average low popularity"
Al - Zaika Fast Food,300,Fast Food,Mumbai,Bandra Talao-- Bandra West,https://www.zomato.com/mumbai/al-zaika-fast-food-bandra-talao-bandra-west/info,935,Quick Bites,11am to 12midnight(Mon-Sun),Average,2.8,151.0,Bandra,Budget,Average,Moderately Popular,False,3.14,10.47,al - zaika fast food fast food quick bites budget average moderately popular
Cafe Biryani,500,"North Indian,Chinese",Mumbai,Hill Road-- Bandra West,https://www.zomato.com/mumbai/cafe-biryani-hill-road-bandra-west/info,935,Quick Bites,"1130am to 4pm,7pm to 12midnight(Mon-Sun)",Average,2.9,5.0,Bandra,Budget,Average,Low Popularity,False,3.58,7.16,"cafe biryani north indian,chinese quick bites budget average low popularity"
Giza,600,"North Indian,Chinese",Mumbai,Oshiwara-- Andheri West,https://www.zomato.com/mumbai/giza-oshiwara/info,935,Quick Bites,7pm to 4am(Mon-Sun),Good,3.7,124.0,Andheri,Moderate,Good,Moderately Popular,True,3.66,6.1,"giza north indian,chinese quick bites moderate good moderately popular"
Seekh Paratha Inn,550,"Mughlai,Lebanese,Chinese",Mumbai,Versova-- Andheri West,https://www.zomato.com/mumbai/seekh-paratha-inn-versova/info,935,Quick Bites,1130am to 4am(Mon-Sun),Good,3.5,86.0,Andheri,Moderate,Good,Low Popularity,True,3.56,6.47,"seekh paratha inn mughlai,lebanese,chinese quick bites moderate good low popularity"
Ice n Rolls,350,"Fast Food,Beverages,Rolls",Mumbai,Juhu,https://www.zomato.com/mumbai/ice-n-rolls-juhu/info,935,Quick Bites,8am to 130am(Mon-Sun),Good,3.7,274.0,Juhu,Budget,Good,Moderately Popular,True,3.67,10.49,"ice n rolls fast food,beverages,rolls quick bites budget good moderately popular"
My Gym Food,350,"North Indian,Healthy Food",Mumbai,Near Andheri East Station,https://www.zomato.com/mumbai/my-gym-food-near-andheri-east-station/info,936,none,"830am to 9pm(Mon-Sat),Closed(Sun)",Average,3.2,12.0,Andheri,Budget,Average,Low Popularity,False,3.57,10.2,"my gym food north indian,healthy food none budget average low popularity"
Janhavi Chinese Foods,200,"Chinese,Beverages",Mumbai,Near Andheri East Station,https://www.zomato.com/mumbai/janhavi-chinese-foods-near-andheri-east-station/info,936,Quick Bites,11am to 11pm(Mon-Sun),Average,2.7,7.0,Andheri,Budget,Average,Low Popularity,False,3.56,17.8,"janhavi chinese foods chinese,beverages quick bites budget average low popularity"
Rishija's Kitchen,300,"Sindhi,North Indian",Mumbai,Near Andheri West Station,https://www.zomato.com/mumbai/rishijas-kitchen-near-andheri-west-station/info,937,none,11am to 4am(Mon-Sun),Good,3.5,280.0,Andheri,Budget,Good,Moderately Popular,True,3.53,11.77,"rishija's kitchen sindhi,north indian none budget good moderately popular"
Uba Tuba,900,"Mexican,Healthy Food,Juices",Mumbai,Reclamation-- Bandra West,https://www.zomato.com/mumbai/uba-tuba-reclamation-bandra-west/info,937,Quick Bites,1230pm to 130am(Mon-Sun),Good,3.7,418.0,Bandra,Moderate,Good,Moderately Popular,True,3.68,4.09,"uba tuba mexican,healthy food,juices quick bites moderate good moderately popular"
Burgerrita,350,"Burger,Wraps",Mumbai,Santacruz East,https://www.zomato.com/mumbai/burgerrita-santacruz-east/info,938,none,11am to 11pm(Mon-Sun),Average,2.6,17.0,Santacruz,Budget,Average,Low Popularity,False,3.48,9.94,"burgerrita burger,wraps none budget average low popularity"
Little Ceasar,600,"Italian,Mediterranean",Mumbai,Near Andheri West Station,https://www.zomato.com/mumbai/little-ceasar-2-near-andheri-west-station/info,938,Quick Bites,11am to 2am(Mon-Sun),Average,3.3,66.0,Andheri,Moderate,Average,Low Popularity,False,3.49,5.82,"little ceasar italian,mediterranean quick bites moderate average low popularity"
AKKI'S Kitchen,300,"North Indian,Chinese,Fast Food",Mumbai,Oshiwara-- Andheri West,https://www.zomato.com/mumbai/akkis-kitchen-oshiwara/info,94,Quick Bites,7pm to 5am(Mon-Sun),Good,3.7,55.0,Andheri,Budget,Good,Low Popularity,True,3.64,12.13,"akki's kitchen north indian,chinese,fast food quick bites budget good low popularity"
Kolkata Konnection,650,"BBQ,Bengali,Biryani,Fast Food,North Indian,Rolls,Mughlai",Mumbai,Oshiwara-- Andheri West,https://www.zomato.com/mumbai/kolkata-konnection-oshiwara/info,94,Casual Dining,12noon to 4am(Mon-Sun),Average,3.4,328.0,Andheri,Moderate,Average,Moderately Popular,False,3.45,5.31,"kolkata konnection bbq,bengali,biryani,fast food,north indian,rolls,mughlai casual dining moderate average moderately popular"
Leaping Windows,1200,"Cafe,Continental,European,American,Healthy Food",Mumbai,Versova-- Andheri West,https://www.zomato.com/leapingwindows/info,94,Café,10am to 12midnight(Mon-Sun),Very Good,4.0,2238.0,Andheri,Expensive,Very Good,Highly Popular,False,3.98,3.32,"leaping windows cafe,continental,european,american,healthy food café expensive very good highly popular"
Cheelizza - India Ka Pizza,600,"Italian,Fast Food,Desserts,Pizza",Mumbai,Juhu,https://www.zomato.com/mumbai/cheelizza-india-ka-pizza-juhu/info,95,Quick Bites,"11am to 3am(Mon,Tue,Wed,Thu,Sat,Sun),11am...",Very Good,4.3,330.0,Juhu,Moderate,Very Good,Moderately Popular,True,4.13,6.88,"cheelizza - india ka pizza italian,fast food,desserts,pizza quick bites moderate very good moderately popular"
Bennie's By Flag's,1500,"Continental,Mexican,Italian,North Indian,Lebanese,Asian,Middle Eastern,Thai",Mumbai,Andheri Lokhandwala-- Andheri West,https://www.zomato.com/mumbai/bennies-by-flags-andheri-lokhandwala/info,95,Casual Dining,12noon to 12midnight(Mon-Sun),Very Good,4.4,1048.0,Andheri,Expensive,Very Good,Highly Popular,False,4.33,2.89,"bennie's by flag's continental,mexican,italian,north indian,lebanese,asian,middle eastern,thai casual dining expensive very good highly popular"
Little Italy,1400,"Mexican,Italian,Pizza,Lebanese",Mumbai,Juhu,https://www.zomato.com/mumbai/little-italy-juhu/info,95,Casual Dining,"1130am to 330pm,630pm to 11pm(Mon-Sun)",Very Good,4.0,1282.0,Juhu,Expensive,Very Good,Highly Popular,False,3.97,2.84,"little italy mexican,italian,pizza,lebanese casual dining expensive very good highly popular"
Khichdi,700,North Indian,Mumbai,Vile Parle West,https://www.zomato.com/mumbai/khichdi-vile-parle-west/info,95,Casual Dining,1145am to 1045pm(Mon-Sun),Good,3.9,384.0,Vile Parle,Moderate,Good,Moderately Popular,True,3.84,5.49,khichdi north indian casual dining moderate good moderately popular
Shalimar,1000,"Seafood,Biryani,Lucknowi,Fast Food,North Indian,Chinese,Arabian,Mughlai",Mumbai,Linking Road-- Bandra West,https://www.zomato.com/mumbai/shalimar-linking-road-bandra-west/info,96,Casual Dining,"12noon to 4pm,6pm to 130am(Mon-Sun)",Average,2.6,391.0,Bandra,Moderate,Average,Moderately Popular,False,2.82,2.82,"shalimar seafood,biryani,lucknowi,fast food,north indian,chinese,arabian,mughlai casual dining moderate average moderately popular"
Soul Fry,1000,"Goan,Seafood",Mumbai,Pali Hill-- Bandra West,https://www.zomato.com/mumbai/soul-fry-pali-hill-bandra-west/info,97,Casual Dining,"12noon to 3pm,7pm to 1am(Mon-Sun)",Good,3.8,531.0,Bandra,Moderate,Good,Highly Popular,True,3.77,3.77,"soul fry goan,seafood casual dining moderate good highly popular"
Loco Loca,1200,"Mediterranean,Spanish,North Indian",Mumbai,Andheri Lokhandwala-- Andheri West,https://www.zomato.com/mumbai/loco-loca-andheri-lokhandwala/info,98,Casual Dining,"730am to 1030am,12noon to 1130pm(Mon-Sun)",Very Good,4.4,459.0,Andheri,Expensive,Very Good,Moderately Popular,False,4.25,3.54,"loco loca mediterranean,spanish,north indian casual dining expensive very good moderately popular"
GVC,200,"Fast Food,Sandwich",Mumbai,Vile Parle East,https://www.zomato.com/mumbai/gvc-vile-parle-east/info,98,none,"9am to 9pm(Mon-Sat),9am to 10pm(Sun)",Very Good,4.0,170.0,Vile Parle,Budget,Very Good,Moderately Popular,True,3.85,19.25,"gvc fast food,sandwich none budget very good moderately popular"
Khasiyat The Paratha House,700,"North Indian,Street Food,South Indian",Mumbai,Vile Parle West,https://www.zomato.com/mumbai/khasiyat-the-paratha-house-vile-parle-west/info,98,Casual Dining,9am to 12midnight(Mon-Sun),Very Good,4.1,944.0,Vile Parle,Moderate,Very Good,Highly Popular,True,4.05,5.79,"khasiyat the paratha house north indian,street food,south indian casual dining moderate very good highly popular"
Tamak,1000,North Indian,Mumbai,Santacruz West,https://www.zomato.com/mumbai/tamak-santacruz-west/info,99,Casual Dining,"Closed(Mon),7pm to 1130pm(Tue-Fri),1230pm to ...",Very Good,4.4,237.0,Santacruz,Moderate,Very Good,Moderately Popular,True,4.15,4.15,tamak north indian casual dining moderate very good moderately popular
Tirupati Balaji,500,"Chinese,Fast Food,North Indian",Mumbai,Oshiwara-- Andheri West,https://www.zomato.com/mumbai/tirupati-balaji-oshiwara/info,99,Casual Dining,"8am to 11pm,12midnight to 115am(Mon-Sun)",Good,3.5,267.0,Andheri,Budget,Good,Moderately Popular,True,3.53,7.06,"tirupati balaji chinese,fast food,north indian casual dining budget good moderately popular"
